{"backend": "secret", "requested": "vault", "fallback": "local", "reason": "unavailable_vault", "timestamp": "2026-08-25T15:18:40.967709+00:00"}
{"backend": "cache", "requested": "redis", "fallback": "memory", "reason": "import_error", "timestamp": "2026-08-25T15:18:40.985732+00:00"}
{"backend": "queue", "requested": "redis", "fallback": "sqlite", "reason": "import_error", "timestamp": "2026-08-25T15:18:41.008675+00:00"}
{"backend": "kv", "requested": "etcd", "fallback": "sqlite", "reason": "unavailable_etcd", "timestamp": "2026-08-25T15:18:41.108517+00:00"}
{"backend": "cache", "requested": "redis", "fallback": "memory", "reason": "import_error", "timestamp": "2026-08-25T15:18:41.159891+00:00"}
{"backend": "queue", "requested": "redis", "fallback": "sqlite", "reason": "import_error", "timestamp": "2026-08-25T15:18:41.162099+00:00"}
{"backend": "kv", "requested": "etcd", "fallback": "sqlite", "reason": "unavailable_etcd", "timestamp": "2026-08-25T15:18:41.194354+00:00"}
{"backend": "storage", "requested": "postgresql", "fallback": "sqlite", "reason": "import_error", "timestamp": "2026-08-25T15:18:44.601440+00:00"}
{"backend": "cache", "requested": "redis", "fallback": "memory", "reason": "import_error", "timestamp": "2026-08-25T15:18:44.620234+00:00"}
{"backend": "queue", "requested": "rabbitmq", "fallback": "redis", "reason": "unavailable_rabbitmq", "timestamp": "2026-08-25T15:18:44.655848+00:00"}
{"backend": "queue", "requested": "redis", "fallback": "sqlite", "reason": "redis_unavailable", "timestamp": "2026-08-25T15:18:44.658051+00:00"}
{"backend": "secret", "requested": "vault", "fallback": "local", "reason": "unavailable_vault", "timestamp": "2026-08-25T15:18:44.705161+00:00"}
{"backend": "queue", "requested": "rabbitmq", "fallback": "redis", "reason": "unavailable_rabbitmq", "timestamp": "2026-08-25T15:18:44.758344+00:00"}
{"backend": "queue", "requested": "redis", "fallback": "sqlite", "reason": "redis_unavailable", "timestamp": "2026-08-25T15:18:44.759776+00:00"}
{"backend": "queue", "requested": "rabbitmq", "fallback": "redis", "reason": "unavailable_rabbitmq", "timestamp": "2026-08-25T15:18:44.798988+00:00"}
{"backend": "queue", "requested": "redis", "fallback": "sqlite", "reason": "redis_unavailable", "timestamp": "2026-08-25T15:18:44.801097+00:00"}
{"backend": "kv", "requested": "etcd", "fallback": "sqlite", "reason": "unavailable_etcd", "timestamp": "2026-08-25T15:18:44.854738+00:00"}
{"backend": "kv", "requested": "consul", "fallback": "sqlite", "reason": "unavailable_etcd", "timestamp": "2026-08-25T15:18:44.879551+00:00"}
{"backend": "kv", "requested": "etcd", "fallback": "sqlite", "reason": "unavailable_etcd", "timestamp": "2026-08-25T15:18:44.905049+00:00"}
{"backend": "license", "requested": "enterprise", "fallback": "personal", "reason": "no_license_module", "timestamp": "2026-08-25T15:18:50.037849+00:00"}
{"backend": "license", "requested": "enterprise", "fallback": "personal", "reason": "no_license_module", "timestamp": "2026-08-25T15:18:50.064307+00:00"}
{"backend": "storage", "requested": "postgresql", "fallback": "sqlite", "reason": "import_error", "timestamp": "2026-08-25T15:18:50.201558+00:00"}
{"backend": "storage", "requested": "postgresql", "fallback": "sqlite", "reason": "import_error", "timestamp": "2026-08-25T15:18:50.208841+00:00"}
{"backend": "cache", "requested": "redis", "fallback": "memory", "reason": "import_error", "timestamp": "2026-08-25T15:18:50.210550+00:00"}
{"backend": "queue", "requested": "rabbitmq", "fallback": "sqlite", "reason": "import_error", "timestamp": "2026-08-25T15:18:50.220014+00:00"}
{"backend": "storage", "requested": "postgresql", "fallback": "sqlite", "reason": "import_error", "timestamp": "2026-08-25T15:18:50.230536+00:00"}
{"backend": "secret", "requested": "vault", "fallback": "local", "reason": "unavailable_vault", "timestamp": "2026-08-25T15:36:34.444221+00:00"}
{"backend": "cache", "requested": "redis", "fallback": "memory", "reason": "import_error", "timestamp": "2026-08-25T15:36:34.474586+00:00"}
{"backend": "queue", "requested": "redis", "fallback": "sqlite", "reason": "import_error", "timestamp": "2026-08-25T15:36:34.500121+00:00"}
{"backend": "kv", "requested": "etcd", "fallback": "sqlite", "reason": "unavailable_etcd", "timestamp": "2026-08-25T15:36:34.612376+00:00"}
{"backend": "cache", "requested": "redis", "fallback": "memory", "reason": "import_error", "timestamp": "2026-08-25T15:36:34.642513+00:00"}
{"backend": "queue", "requested": "redis", "fallback": "sqlite", "reason": "import_error", "timestamp": "2026-08-25T15:36:34.644726+00:00"}
{"backend": "kv", "requested": "etcd", "fallback": "sqlite", "reason": "unavailable_etcd", "timestamp": "2026-08-25T15:36:34.678562+00:00"}
{"backend": "storage", "requested": "postgresql", "fallback": "sqlite", "reason": "import_error", "timestamp": "2026-08-25T15:36:38.352613+00:00"}
{"backend": "cache", "requested": "redis", "fallback": "memory", "reason": "import_error", "timestamp": "2026-08-25T15:36:38.373005+00:00"}
{"backend": "queue", "requested": "rabbitmq", "fallback": "redis", "reason": "unavailable_rabbitmq", "timestamp": "2026-08-25T15:36:38.403985+00:00"}
{"backend": "queue", "requested": "redis", "fallback": "sqlite", "reason": "redis_unavailable", "timestamp": "2026-08-25T15:36:38.405728+00:00"}
{"backend": "secret", "requested": "vault", "fallback": "local", "reason": "unavailable_vault", "timestamp": "2026-08-25T15:36:38.464458+00:00"}
{"backend": "queue", "requested": "rabbitmq", "fallback": "redis", "reason": "unavailable_rabbitmq", "timestamp": "2026-08-25T15:36:38.522355+00:00"}
{"backend": "queue", "requested": "redis", "fallback": "sqlite", "reason": "redis_unavailable", "timestamp": "2026-08-25T15:36:38.524540+00:00"}
{"backend": "queue", "requested": "rabbitmq", "fallback": "redis", "reason": "unavailable_rabbitmq", "timestamp": "2026-08-25T15:36:38.578245+00:00"}
{"backend": "queue", "requested": "redis", "fallback": "sqlite", "reason": "redis_unavailable", "timestamp": "2026-08-25T15:36:38.582162+00:00"}
{"backend": "kv", "requested": "etcd", "fallback": "sqlite", "reason": "unavailable_etcd", "timestamp": "2026-08-25T15:36:38.639452+00:00"}
{"backend": "kv", "requested": "consul", "fallback": "sqlite", "reason": "unavailable_etcd", "timestamp": "2026-08-25T15:36:38.662419+00:00"}
{"backend": "kv", "requested": "etcd", "fallback": "sqlite", "reason": "unavailable_etcd", "timestamp": "2026-08-25T15:36:38.696944+00:00"}
{"backend": "license", "requested": "enterprise", "fallback": "personal", "reason": "no_license_module", "timestamp": "2026-08-25T15:36:45.066781+00:00"}
{"backend": "license", "requested": "enterprise", "fallback": "personal", "reason": "no_license_module", "timestamp": "2026-08-25T15:36:45.103183+00:00"}
{"backend": "storage", "requested": "postgresql", "fallback": "sqlite", "reason": "import_error", "timestamp": "2026-08-25T15:36:45.360820+00:00"}
{"backend": "storage", "requested": "postgresql", "fallback": "sqlite", "reason": "import_error", "timestamp": "2026-08-25T15:36:45.375401+00:00"}
{"backend": "cache", "requested": "redis", "fallback": "memory", "reason": "import_error", "timestamp": "2026-08-25T15:36:45.377339+00:00"}
{"backend": "queue", "requested": "rabbitmq", "fallback": "sqlite", "reason": "import_error", "timestamp": "2026-08-25T15:36:45.396715+00:00"}
{"backend": "storage", "requested": "postgresql", "fallback": "sqlite", "reason": "import_error", "timestamp": "2026-08-25T15:36:45.412078+00:00"}
{"backend": "cache", "requested": "redis", "fallback": "memory", "reason": "import_error", "timestamp": "2026-08-25T15:39:44.663491+00:00"}
{"backend": "queue", "requested": "redis", "fallback": "sqlite", "reason": "import_error", "timestamp": "2026-08-25T15:39:44.705175+00:00"}
{"backend": "secret", "requested": "vault", "fallback": "local", "reason": "unavailable_vault", "timestamp": "2026-08-25T15:39:44.750740+00:00"}
{"backend": "kv", "requested": "etcd", "fallback": "sqlite", "reason": "unavailable_etcd", "timestamp": "2026-08-25T15:39:44.848081+00:00"}
{"backend": "cache", "requested": "redis", "fallback": "memory", "reason": "import_error", "timestamp": "2026-08-25T15:39:44.892178+00:00"}
{"backend": "queue", "requested": "redis", "fallback": "sqlite", "reason": "import_error", "timestamp": "2026-08-25T15:39:44.895983+00:00"}
{"backend": "kv", "requested": "etcd", "fallback": "sqlite", "reason": "unavailable_etcd", "timestamp": "2026-08-25T15:39:44.943360+00:00"}
{"backend": "storage", "requested": "postgresql", "fallback": "sqlite", "reason": "import_error", "timestamp": "2026-08-25T15:39:49.676467+00:00"}
{"backend": "cache", "requested": "redis", "fallback": "memory", "reason": "import_error", "timestamp": "2026-08-25T15:39:49.699765+00:00"}
{"backend": "queue", "requested": "rabbitmq", "fallback": "redis", "reason": "unavailable_rabbitmq", "timestamp": "2026-08-25T15:39:49.741124+00:00"}
{"backend": "queue", "requested": "redis", "fallback": "sqlite", "reason": "redis_unavailable", "timestamp": "2026-08-25T15:39:49.744029+00:00"}
{"backend": "secret", "requested": "vault", "fallback": "local", "reason": "unavailable_vault", "timestamp": "2026-08-25T15:39:49.812908+00:00"}
{"backend": "queue", "requested": "rabbitmq", "fallback": "redis", "reason": "unavailable_rabbitmq", "timestamp": "2026-08-25T15:39:49.894752+00:00"}
{"backend": "queue", "requested": "redis", "fallback": "sqlite", "reason": "redis_unavailable", "timestamp": "2026-08-25T15:39:49.897676+00:00"}
{"backend": "queue", "requested": "rabbitmq", "fallback": "redis", "reason": "unavailable_rabbitmq", "timestamp": "2026-08-25T15:39:49.974351+00:00"}
{"backend": "queue", "requested": "redis", "fallback": "sqlite", "reason": "redis_unavailable", "timestamp": "2026-08-25T15:39:49.977240+00:00"}
{"backend": "kv", "requested": "etcd", "fallback": "sqlite", "reason": "unavailable_etcd", "timestamp": "2026-08-25T15:39:50.053203+00:00"}
{"backend": "kv", "requested": "consul", "fallback": "sqlite", "reason": "unavailable_etcd", "timestamp": "2026-08-25T15:39:50.090484+00:00"}
{"backend": "kv", "requested": "etcd", "fallback": "sqlite", "reason": "unavailable_etcd", "timestamp": "2026-08-25T15:39:50.129431+00:00"}
{"backend": "license", "requested": "enterprise", "fallback": "personal", "reason": "no_license_module", "timestamp": "2026-08-25T15:39:58.463396+00:00"}
{"backend": "license", "requested": "enterprise", "fallback": "personal", "reason": "no_license_module", "timestamp": "2026-08-25T15:39:58.495211+00:00"}
{"backend": "storage", "requested": "postgresql", "fallback": "sqlite", "reason": "import_error", "timestamp": "2026-08-25T15:39:58.699617+00:00"}
{"backend": "storage", "requested": "postgresql", "fallback": "sqlite", "reason": "import_error", "timestamp": "2026-08-25T15:39:58.712387+00:00"}
{"backend": "cache", "requested": "redis", "fallback": "memory", "reason": "import_error", "timestamp": "2026-08-25T15:39:58.714432+00:00"}
{"backend": "queue", "requested": "rabbitmq", "fallback": "sqlite", "reason": "import_error", "timestamp": "2026-08-25T15:39:58.729233+00:00"}
{"backend": "storage", "requested": "postgresql", "fallback": "sqlite", "reason": "import_error", "timestamp": "2026-08-25T15:39:58.744397+00:00"}
{"backend": "cache", "requested": "redis", "fallback": "memory", "reason": "import_error", "timestamp": "2026-08-25T15:47:24.772353+00:00"}
{"backend": "queue", "requested": "redis", "fallback": "sqlite", "reason": "import_error", "timestamp": "2026-08-25T15:47:24.797744+00:00"}
{"backend": "kv", "requested": "etcd", "fallback": "sqlite", "reason": "unavailable_etcd", "timestamp": "2026-08-25T15:47:24.906362+00:00"}
{"backend": "cache", "requested": "redis", "fallback": "memory", "reason": "import_error", "timestamp": "2026-08-25T15:47:24.941399+00:00"}
{"backend": "queue", "requested": "redis", "fallback": "sqlite", "reason": "import_error", "timestamp": "2026-08-25T15:47:24.942839+00:00"}
{"backend": "kv", "requested": "etcd", "fallback": "sqlite", "reason": "unavailable_etcd", "timestamp": "2026-08-25T15:47:24.970366+00:00"}
{"backend": "storage", "requested": "postgresql", "fallback": "sqlite", "reason": "import_error", "timestamp": "2026-08-25T15:48:34.228804+00:00"}
{"backend": "cache", "requested": "redis", "fallback": "memory", "reason": "import_error", "timestamp": "2026-08-25T15:48:34.238772+00:00"}
{"backend": "queue", "requested": "rabbitmq", "fallback": "redis", "reason": "unavailable_rabbitmq", "timestamp": "2026-08-25T15:48:34.258869+00:00"}
{"backend": "queue", "requested": "redis", "fallback": "sqlite", "reason": "redis_unavailable", "timestamp": "2026-08-25T15:48:34.260477+00:00"}
{"backend": "secret", "requested": "vault", "fallback": "local", "reason": "unavailable_vault", "timestamp": "2026-08-25T15:48:34.296181+00:00"}
{"backend": "queue", "requested": "rabbitmq", "fallback": "redis", "reason": "unavailable_rabbitmq", "timestamp": "2026-08-25T15:48:34.334543+00:00"}
{"backend": "queue", "requested": "redis", "fallback": "sqlite", "reason": "redis_unavailable", "timestamp": "2026-08-25T15:48:34.335671+00:00"}
{"backend": "queue", "requested": "rabbitmq", "fallback": "redis", "reason": "unavailable_rabbitmq", "timestamp": "2026-08-25T15:48:34.370178+00:00"}
{"backend": "queue", "requested": "redis", "fallback": "sqlite", "reason": "redis_unavailable", "timestamp": "2026-08-25T15:48:34.371936+00:00"}
{"backend": "kv", "requested": "etcd", "fallback": "sqlite", "reason": "unavailable_etcd", "timestamp": "2026-08-25T15:48:34.406258+00:00"}
{"backend": "kv", "requested": "consul", "fallback": "sqlite", "reason": "unavailable_etcd", "timestamp": "2026-08-25T15:48:34.424583+00:00"}
{"backend": "kv", "requested": "etcd", "fallback": "sqlite", "reason": "unavailable_etcd", "timestamp": "2026-08-25T15:48:34.444887+00:00"}
{"backend": "secret", "requested": "vault", "fallback": "local", "reason": "unavailable_vault", "timestamp": "2026-08-25T15:48:35.122763+00:00"}
{"backend": "license", "requested": "enterprise", "fallback": "personal", "reason": "no_license_module", "timestamp": "2026-08-25T15:50:18.743617+00:00"}
{"backend": "license", "requested": "enterprise", "fallback": "personal", "reason": "no_license_module", "timestamp": "2026-08-25T15:50:18.769026+00:00"}
{"backend": "storage", "requested": "postgresql", "fallback": "sqlite", "reason": "import_error", "timestamp": "2026-08-25T15:50:18.911894+00:00"}
{"backend": "storage", "requested": "postgresql", "fallback": "sqlite", "reason": "import_error", "timestamp": "2026-08-25T15:50:18.919060+00:00"}
{"backend": "cache", "requested": "redis", "fallback": "memory", "reason": "import_error", "timestamp": "2026-08-25T15:50:18.921013+00:00"}
{"backend": "queue", "requested": "rabbitmq", "fallback": "sqlite", "reason": "import_error", "timestamp": "2026-08-25T15:50:18.927538+00:00"}
{"backend": "storage", "requested": "postgresql", "fallback": "sqlite", "reason": "import_error", "timestamp": "2026-08-25T15:50:18.935201+00:00"}
{"backend": "storage", "requested": "postgresql", "fallback": "sqlite", "reason": "import_error", "timestamp": "2026-08-25T15:53:20.316406+00:00"}
{"backend": "cache", "requested": "redis", "fallback": "memory", "reason": "import_error", "timestamp": "2026-08-25T15:53:20.326061+00:00"}
{"backend": "queue", "requested": "rabbitmq", "fallback": "redis", "reason": "unavailable_rabbitmq", "timestamp": "2026-08-25T15:53:20.344758+00:00"}
{"backend": "queue", "requested": "redis", "fallback": "sqlite", "reason": "redis_unavailable", "timestamp": "2026-08-25T15:53:20.346268+00:00"}
{"backend": "secret", "requested": "vault", "fallback": "local", "reason": "unavailable_vault", "timestamp": "2026-08-25T15:53:20.385681+00:00"}
{"backend": "queue", "requested": "rabbitmq", "fallback": "redis", "reason": "unavailable_rabbitmq", "timestamp": "2026-08-25T15:53:20.427716+00:00"}
{"backend": "queue", "requested": "redis", "fallback": "sqlite", "reason": "redis_unavailable", "timestamp": "2026-08-25T15:53:20.429523+00:00"}
{"backend": "queue", "requested": "rabbitmq", "fallback": "redis", "reason": "unavailable_rabbitmq", "timestamp": "2026-08-25T15:53:20.600927+00:00"}
{"backend": "queue", "requested": "redis", "fallback": "sqlite", "reason": "redis_unavailable", "timestamp": "2026-08-25T15:53:20.602368+00:00"}
{"backend": "kv", "requested": "etcd", "fallback": "sqlite", "reason": "unavailable_etcd", "timestamp": "2026-08-25T15:53:20.631335+00:00"}
{"backend": "kv", "requested": "consul", "fallback": "sqlite", "reason": "unavailable_etcd", "timestamp": "2026-08-25T15:53:20.649382+00:00"}
{"backend": "kv", "requested": "etcd", "fallback": "sqlite", "reason": "unavailable_etcd", "timestamp": "2026-08-25T15:53:20.666889+00:00"}
{"backend": "secret", "requested": "vault", "fallback": "local", "reason": "unavailable_vault", "timestamp": "2026-08-25T15:53:21.445386+00:00"}
{"backend": "license", "requested": "enterprise", "fallback": "personal", "reason": "no_license_module", "timestamp": "2026-08-25T15:55:44.571828+00:00"}
{"backend": "license", "requested": "enterprise", "fallback": "personal", "reason": "no_license_module", "timestamp": "2026-08-25T15:55:44.592063+00:00"}
{"backend": "storage", "requested": "postgresql", "fallback": "sqlite", "reason": "import_error", "timestamp": "2026-08-25T15:55:44.691747+00:00"}
{"backend": "storage", "requested": "postgresql", "fallback": "sqlite", "reason": "import_error", "timestamp": "2026-08-25T15:55:44.696876+00:00"}
{"backend": "cache", "requested": "redis", "fallback": "memory", "reason": "import_error", "timestamp": "2026-08-25T15:55:44.697943+00:00"}
{"backend": "queue", "requested": "rabbitmq", "fallback": "sqlite", "reason": "import_error", "timestamp": "2026-08-25T15:55:44.702822+00:00"}
{"backend": "storage", "requested": "postgresql", "fallback": "sqlite", "reason": "import_error", "timestamp": "2026-08-25T15:55:44.710288+00:00"}
{"backend": "cache", "requested": "redis", "fallback": "memory", "reason": "import_error", "timestamp": "2026-08-25T16:21:16.211968+00:00"}
{"backend": "queue", "requested": "redis", "fallback": "sqlite", "reason": "import_error", "timestamp": "2026-08-25T16:21:16.225755+00:00"}
{"backend": "kv", "requested": "etcd", "fallback": "sqlite", "reason": "unavailable_etcd", "timestamp": "2026-08-25T16:21:16.295324+00:00"}
{"backend": "cache", "requested": "redis", "fallback": "memory", "reason": "import_error", "timestamp": "2026-08-25T16:21:16.317675+00:00"}
{"backend": "queue", "requested": "redis", "fallback": "sqlite", "reason": "import_error", "timestamp": "2026-08-25T16:21:16.319053+00:00"}
{"backend": "kv", "requested": "etcd", "fallback": "sqlite", "reason": "unavailable_etcd", "timestamp": "2026-08-25T16:21:16.340100+00:00"}
{"backend": "storage", "requested": "postgresql", "fallback": "sqlite", "reason": "import_error", "timestamp": "2026-08-25T16:22:13.779587+00:00"}
{"backend": "cache", "requested": "redis", "fallback": "memory", "reason": "import_error", "timestamp": "2026-08-25T16:22:13.787286+00:00"}
{"backend": "queue", "requested": "rabbitmq", "fallback": "redis", "reason": "unavailable_rabbitmq", "timestamp": "2026-08-25T16:22:13.807957+00:00"}
{"backend": "queue", "requested": "redis", "fallback": "sqlite", "reason": "redis_unavailable", "timestamp": "2026-08-25T16:22:13.809526+00:00"}
{"backend": "secret", "requested": "vault", "fallback": "local", "reason": "unavailable_vault", "timestamp": "2026-08-25T16:22:13.843615+00:00"}
{"backend": "queue", "requested": "rabbitmq", "fallback": "redis", "reason": "unavailable_rabbitmq", "timestamp": "2026-08-25T16:22:13.880711+00:00"}
{"backend": "queue", "requested": "redis", "fallback": "sqlite", "reason": "redis_unavailable", "timestamp": "2026-08-25T16:22:13.882112+00:00"}
{"backend": "queue", "requested": "rabbitmq", "fallback": "redis", "reason": "unavailable_rabbitmq", "timestamp": "2026-08-25T16:22:13.916150+00:00"}
{"backend": "queue", "requested": "redis", "fallback": "sqlite", "reason": "redis_unavailable", "timestamp": "2026-08-25T16:22:13.917607+00:00"}
{"backend": "kv", "requested": "etcd", "fallback": "sqlite", "reason": "unavailable_etcd", "timestamp": "2026-08-25T16:22:13.949187+00:00"}
{"backend": "kv", "requested": "consul", "fallback": "sqlite", "reason": "unavailable_etcd", "timestamp": "2026-08-25T16:22:13.963690+00:00"}
{"backend": "kv", "requested": "etcd", "fallback": "sqlite", "reason": "unavailable_etcd", "timestamp": "2026-08-25T16:22:13.975317+00:00"}
{"backend": "secret", "requested": "vault", "fallback": "local", "reason": "unavailable_vault", "timestamp": "2026-08-25T16:22:14.501886+00:00"}
{"backend": "license", "requested": "enterprise", "fallback": "personal", "reason": "no_license_module", "timestamp": "2026-08-25T16:23:53.957945+00:00"}
{"backend": "license", "requested": "enterprise", "fallback": "personal", "reason": "no_license_module", "timestamp": "2026-08-25T16:23:53.979130+00:00"}
{"backend": "storage", "requested": "postgresql", "fallback": "sqlite", "reason": "import_error", "timestamp": "2026-08-25T16:23:54.115436+00:00"}
{"backend": "storage", "requested": "postgresql", "fallback": "sqlite", "reason": "import_error", "timestamp": "2026-08-25T16:23:54.124364+00:00"}
{"backend": "cache", "requested": "redis", "fallback": "memory", "reason": "import_error", "timestamp": "2026-08-25T16:23:54.125859+00:00"}
{"backend": "queue", "requested": "rabbitmq", "fallback": "sqlite", "reason": "import_error", "timestamp": "2026-08-25T16:23:54.133065+00:00"}
{"backend": "storage", "requested": "postgresql", "fallback": "sqlite", "reason": "import_error", "timestamp": "2026-08-25T16:23:54.140308+00:00"}
{"backend": "storage", "requested": "postgresql", "fallback": "sqlite", "reason": "import_error", "timestamp": "2026-08-25T16:27:54.379051+00:00"}
{"backend": "cache", "requested": "redis", "fallback": "memory", "reason": "import_error", "timestamp": "2026-08-25T16:27:54.391396+00:00"}
{"backend": "queue", "requested": "rabbitmq", "fallback": "redis", "reason": "unavailable_rabbitmq", "timestamp": "2026-08-25T16:27:54.407372+00:00"}
{"backend": "queue", "requested": "redis", "fallback": "sqlite", "reason": "redis_unavailable", "timestamp": "2026-08-25T16:27:54.408464+00:00"}
{"backend": "secret", "requested": "vault", "fallback": "local", "reason": "unavailable_vault", "timestamp": "2026-08-25T16:27:54.441246+00:00"}
{"backend": "queue", "requested": "rabbitmq", "fallback": "redis", "reason": "unavailable_rabbitmq", "timestamp": "2026-08-25T16:27:54.485494+00:00"}
{"backend": "queue", "requested": "redis", "fallback": "sqlite", "reason": "redis_unavailable", "timestamp": "2026-08-25T16:27:54.486844+00:00"}
{"backend": "queue", "requested": "rabbitmq", "fallback": "redis", "reason": "unavailable_rabbitmq", "timestamp": "2026-08-25T16:27:54.517627+00:00"}
{"backend": "queue", "requested": "redis", "fallback": "sqlite", "reason": "redis_unavailable", "timestamp": "2026-08-25T16:27:54.519315+00:00"}
{"backend": "kv", "requested": "etcd", "fallback": "sqlite", "reason": "unavailable_etcd", "timestamp": "2026-08-25T16:27:54.552794+00:00"}
{"backend": "kv", "requested": "consul", "fallback": "sqlite", "reason": "unavailable_etcd", "timestamp": "2026-08-25T16:27:54.567434+00:00"}
{"backend": "kv", "requested": "etcd", "fallback": "sqlite", "reason": "unavailable_etcd", "timestamp": "2026-08-25T16:27:54.583364+00:00"}
{"backend": "secret", "requested": "vault", "fallback": "local", "reason": "unavailable_vault", "timestamp": "2026-08-25T16:27:55.377354+00:00"}
{"backend": "license", "requested": "enterprise", "fallback": "personal", "reason": "no_license_module", "timestamp": "2026-08-25T16:29:55.847992+00:00"}
{"backend": "license", "requested": "enterprise", "fallback": "personal", "reason": "no_license_module", "timestamp": "2026-08-25T16:29:55.871086+00:00"}
{"backend": "storage", "requested": "postgresql", "fallback": "sqlite", "reason": "import_error", "timestamp": "2026-08-25T16:29:56.023899+00:00"}
{"backend": "storage", "requested": "postgresql", "fallback": "sqlite", "reason": "import_error", "timestamp": "2026-08-25T16:29:56.036880+00:00"}
{"backend": "cache", "requested": "redis", "fallback": "memory", "reason": "import_error", "timestamp": "2026-08-25T16:29:56.038087+00:00"}
{"backend": "queue", "requested": "rabbitmq", "fallback": "sqlite", "reason": "import_error", "timestamp": "2026-08-25T16:29:56.047748+00:00"}
{"backend": "storage", "requested": "postgresql", "fallback": "sqlite", "reason": "import_error", "timestamp": "2026-08-25T16:29:56.057012+00:00"}
{"backend": "storage", "requested": "postgresql", "fallback": "sqlite", "reason": "import_error", "timestamp": "2026-08-25T16:33:54.858521+00:00"}
{"backend": "cache", "requested": "redis", "fallback": "memory", "reason": "import_error", "timestamp": "2026-08-25T16:33:54.867303+00:00"}
{"backend": "queue", "requested": "rabbitmq", "fallback": "redis", "reason": "unavailable_rabbitmq", "timestamp": "2026-08-25T16:33:54.879956+00:00"}
{"backend": "queue", "requested": "redis", "fallback": "sqlite", "reason": "redis_unavailable", "timestamp": "2026-08-25T16:33:54.880942+00:00"}
{"backend": "secret", "requested": "vault", "fallback": "local", "reason": "unavailable_vault", "timestamp": "2026-08-25T16:33:54.907972+00:00"}
{"backend": "queue", "requested": "rabbitmq", "fallback": "redis", "reason": "unavailable_rabbitmq", "timestamp": "2026-08-25T16:33:54.938668+00:00"}
{"backend": "queue", "requested": "redis", "fallback": "sqlite", "reason": "redis_unavailable", "timestamp": "2026-08-25T16:33:54.940318+00:00"}
{"backend": "queue", "requested": "rabbitmq", "fallback": "redis", "reason": "unavailable_rabbitmq", "timestamp": "2026-08-25T16:33:54.967612+00:00"}
{"backend": "queue", "requested": "redis", "fallback": "sqlite", "reason": "redis_unavailable", "timestamp": "2026-08-25T16:33:54.968685+00:00"}
{"backend": "kv", "requested": "etcd", "fallback": "sqlite", "reason": "unavailable_etcd", "timestamp": "2026-08-25T16:33:54.997112+00:00"}
{"backend": "kv", "requested": "consul", "fallback": "sqlite", "reason": "unavailable_etcd", "timestamp": "2026-08-25T16:33:55.010127+00:00"}
{"backend": "kv", "requested": "etcd", "fallback": "sqlite", "reason": "unavailable_etcd", "timestamp": "2026-08-25T16:33:55.024494+00:00"}
{"backend": "secret", "requested": "vault", "fallback": "local", "reason": "unavailable_vault", "timestamp": "2026-08-25T16:33:55.512460+00:00"}
{"backend": "license", "requested": "enterprise", "fallback": "personal", "reason": "no_license_module", "timestamp": "2026-08-25T16:35:31.589735+00:00"}
{"backend": "license", "requested": "enterprise", "fallback": "personal", "reason": "no_license_module", "timestamp": "2026-08-25T16:35:31.608396+00:00"}
{"backend": "storage", "requested": "postgresql", "fallback": "sqlite", "reason": "import_error", "timestamp": "2026-08-25T16:35:31.703745+00:00"}
{"backend": "storage", "requested": "postgresql", "fallback": "sqlite", "reason": "import_error", "timestamp": "2026-08-25T16:35:31.710382+00:00"}
{"backend": "cache", "requested": "redis", "fallback": "memory", "reason": "import_error", "timestamp": "2026-08-25T16:35:31.711783+00:00"}
{"backend": "queue", "requested": "rabbitmq", "fallback": "sqlite", "reason": "import_error", "timestamp": "2026-08-25T16:35:31.719276+00:00"}
{"backend": "storage", "requested": "postgresql", "fallback": "sqlite", "reason": "import_error", "timestamp": "2026-08-25T16:35:31.726562+00:00"}
{"backend": "storage", "requested": "postgresql", "fallback": "sqlite", "reason": "import_error", "timestamp": "2026-08-25T16:39:53.989409+00:00"}
{"backend": "cache", "requested": "redis", "fallback": "memory", "reason": "import_error", "timestamp": "2026-08-25T16:39:54.006665+00:00"}
{"backend": "queue", "requested": "rabbitmq", "fallback": "redis", "reason": "unavailable_rabbitmq", "timestamp": "2026-08-25T16:39:54.027049+00:00"}
{"backend": "queue", "requested": "redis", "fallback": "sqlite", "reason": "redis_unavailable", "timestamp": "2026-08-25T16:39:54.028354+00:00"}
{"backend": "secret", "requested": "vault", "fallback": "local", "reason": "unavailable_vault", "timestamp": "2026-08-25T16:39:54.064599+00:00"}
{"backend": "queue", "requested": "rabbitmq", "fallback": "redis", "reason": "unavailable_rabbitmq", "timestamp": "2026-08-25T16:39:54.106423+00:00"}
{"backend": "queue", "requested": "redis", "fallback": "sqlite", "reason": "redis_unavailable", "timestamp": "2026-08-25T16:39:54.107947+00:00"}
{"backend": "queue", "requested": "rabbitmq", "fallback": "redis", "reason": "unavailable_rabbitmq", "timestamp": "2026-08-25T16:39:54.142658+00:00"}
{"backend": "queue", "requested": "redis", "fallback": "sqlite", "reason": "redis_unavailable", "timestamp": "2026-08-25T16:39:54.144039+00:00"}
{"backend": "kv", "requested": "etcd", "fallback": "sqlite", "reason": "unavailable_etcd", "timestamp": "2026-08-25T16:39:54.178176+00:00"}
{"backend": "kv", "requested": "consul", "fallback": "sqlite", "reason": "unavailable_etcd", "timestamp": "2026-08-25T16:39:54.195703+00:00"}
{"backend": "kv", "requested": "etcd", "fallback": "sqlite", "reason": "unavailable_etcd", "timestamp": "2026-08-25T16:39:54.214920+00:00"}
{"backend": "secret", "requested": "vault", "fallback": "local", "reason": "unavailable_vault", "timestamp": "2026-08-25T16:39:55.006361+00:00"}
{"backend": "storage", "requested": "postgresql", "fallback": "sqlite", "reason": "import_error", "timestamp": "2026-08-25T16:42:31.582909+00:00"}
{"backend": "cache", "requested": "redis", "fallback": "memory", "reason": "import_error", "timestamp": "2026-08-25T16:42:31.592932+00:00"}
{"backend": "queue", "requested": "rabbitmq", "fallback": "redis", "reason": "unavailable_rabbitmq", "timestamp": "2026-08-25T16:42:31.608779+00:00"}
{"backend": "queue", "requested": "redis", "fallback": "sqlite", "reason": "redis_unavailable", "timestamp": "2026-08-25T16:42:31.609861+00:00"}
{"backend": "secret", "requested": "vault", "fallback": "local", "reason": "unavailable_vault", "timestamp": "2026-08-25T16:42:31.640565+00:00"}
{"backend": "queue", "requested": "rabbitmq", "fallback": "redis", "reason": "unavailable_rabbitmq", "timestamp": "2026-08-25T16:42:31.673362+00:00"}
{"backend": "queue", "requested": "redis", "fallback": "sqlite", "reason": "redis_unavailable", "timestamp": "2026-08-25T16:42:31.674479+00:00"}
{"backend": "queue", "requested": "rabbitmq", "fallback": "redis", "reason": "unavailable_rabbitmq", "timestamp": "2026-08-25T16:42:31.710082+00:00"}
{"backend": "queue", "requested": "redis", "fallback": "sqlite", "reason": "redis_unavailable", "timestamp": "2026-08-25T16:42:31.711738+00:00"}
{"backend": "kv", "requested": "etcd", "fallback": "sqlite", "reason": "unavailable_etcd", "timestamp": "2026-08-25T16:42:31.744640+00:00"}
{"backend": "kv", "requested": "consul", "fallback": "sqlite", "reason": "unavailable_etcd", "timestamp": "2026-08-25T16:42:31.759730+00:00"}
{"backend": "kv", "requested": "etcd", "fallback": "sqlite", "reason": "unavailable_etcd", "timestamp": "2026-08-25T16:42:31.773545+00:00"}
{"backend": "secret", "requested": "vault", "fallback": "local", "reason": "unavailable_vault", "timestamp": "2026-08-25T16:42:32.384698+00:00"}
{"backend": "license", "requested": "enterprise", "fallback": "personal", "reason": "no_license_module", "timestamp": "2026-08-25T16:44:22.256406+00:00"}
{"backend": "license", "requested": "enterprise", "fallback": "personal", "reason": "no_license_module", "timestamp": "2026-08-25T16:44:22.273205+00:00"}
{"backend": "storage", "requested": "postgresql", "fallback": "sqlite", "reason": "import_error", "timestamp": "2026-08-25T16:44:22.375130+00:00"}
{"backend": "storage", "requested": "postgresql", "fallback": "sqlite", "reason": "import_error", "timestamp": "2026-08-25T16:44:22.380818+00:00"}
{"backend": "cache", "requested": "redis", "fallback": "memory", "reason": "import_error", "timestamp": "2026-08-25T16:44:22.381717+00:00"}
{"backend": "queue", "requested": "rabbitmq", "fallback": "sqlite", "reason": "import_error", "timestamp": "2026-08-25T16:44:22.386444+00:00"}
{"backend": "storage", "requested": "postgresql", "fallback": "sqlite", "reason": "import_error", "timestamp": "2026-08-25T16:44:22.392798+00:00"}
{"backend": "secret", "requested": "vault", "fallback": "local", "reason": "unavailable_vault", "timestamp": "2026-08-25T18:23:08.985880+00:00"}
{"backend": "cache", "requested": "redis", "fallback": "memory", "reason": "import_error", "timestamp": "2026-08-25T18:23:09.057010+00:00"}
{"backend": "queue", "requested": "redis", "fallback": "sqlite", "reason": "import_error", "timestamp": "2026-08-25T18:23:09.081646+00:00"}
{"backend": "kv", "requested": "etcd", "fallback": "sqlite", "reason": "unavailable_etcd", "timestamp": "2026-08-25T18:23:09.196175+00:00"}
{"backend": "cache", "requested": "redis", "fallback": "memory", "reason": "import_error", "timestamp": "2026-08-25T18:23:09.232441+00:00"}
{"backend": "queue", "requested": "redis", "fallback": "sqlite", "reason": "import_error", "timestamp": "2026-08-25T18:23:09.235016+00:00"}
{"backend": "kv", "requested": "etcd", "fallback": "sqlite", "reason": "unavailable_etcd", "timestamp": "2026-08-25T18:23:09.272726+00:00"}
{"backend": "storage", "requested": "postgresql", "fallback": "sqlite", "reason": "import_error", "timestamp": "2026-08-25T18:23:13.357983+00:00"}
{"backend": "cache", "requested": "redis", "fallback": "memory", "reason": "import_error", "timestamp": "2026-08-25T18:23:13.379225+00:00"}
{"backend": "queue", "requested": "rabbitmq", "fallback": "redis", "reason": "unavailable_rabbitmq", "timestamp": "2026-08-25T18:23:13.407064+00:00"}
{"backend": "queue", "requested": "redis", "fallback": "sqlite", "reason": "redis_unavailable", "timestamp": "2026-08-25T18:23:13.409207+00:00"}
{"backend": "secret", "requested": "vault", "fallback": "local", "reason": "unavailable_vault", "timestamp": "2026-08-25T18:23:13.460945+00:00"}
{"backend": "queue", "requested": "rabbitmq", "fallback": "redis", "reason": "unavailable_rabbitmq", "timestamp": "2026-08-25T18:23:13.520217+00:00"}
{"backend": "queue", "requested": "redis", "fallback": "sqlite", "reason": "redis_unavailable", "timestamp": "2026-08-25T18:23:13.521560+00:00"}
{"backend": "queue", "requested": "rabbitmq", "fallback": "redis", "reason": "unavailable_rabbitmq", "timestamp": "2026-08-25T18:23:13.570166+00:00"}
{"backend": "queue", "requested": "redis", "fallback": "sqlite", "reason": "redis_unavailable", "timestamp": "2026-08-25T18:23:13.571645+00:00"}
{"backend": "kv", "requested": "etcd", "fallback": "sqlite", "reason": "unavailable_etcd", "timestamp": "2026-08-25T18:23:13.621975+00:00"}
{"backend": "kv", "requested": "consul", "fallback": "sqlite", "reason": "unavailable_etcd", "timestamp": "2026-08-25T18:23:13.644236+00:00"}
{"backend": "kv", "requested": "etcd", "fallback": "sqlite", "reason": "unavailable_etcd", "timestamp": "2026-08-25T18:23:13.671831+00:00"}
{"backend": "license", "requested": "enterprise", "fallback": "personal", "reason": "no_license_module", "timestamp": "2026-08-25T18:23:19.639261+00:00"}
{"backend": "license", "requested": "enterprise", "fallback": "personal", "reason": "no_license_module", "timestamp": "2026-08-25T18:23:19.677449+00:00"}
{"backend": "storage", "requested": "postgresql", "fallback": "sqlite", "reason": "import_error", "timestamp": "2026-08-25T18:23:19.948197+00:00"}
{"backend": "storage", "requested": "postgresql", "fallback": "sqlite", "reason": "import_error", "timestamp": "2026-08-25T18:23:19.959947+00:00"}
{"backend": "cache", "requested": "redis", "fallback": "memory", "reason": "import_error", "timestamp": "2026-08-25T18:23:19.961755+00:00"}
{"backend": "queue", "requested": "rabbitmq", "fallback": "sqlite", "reason": "import_error", "timestamp": "2026-08-25T18:23:19.972383+00:00"}
{"backend": "storage", "requested": "postgresql", "fallback": "sqlite", "reason": "import_error", "timestamp": "2026-08-25T18:23:19.984978+00:00"}
{"backend": "secret", "requested": "vault", "fallback": "local", "reason": "unavailable_vault", "timestamp": "2026-08-25T18:25:41.348278+00:00"}
{"backend": "cache", "requested": "redis", "fallback": "memory", "reason": "import_error", "timestamp": "2026-08-25T18:25:41.894938+00:00"}
{"backend": "queue", "requested": "redis", "fallback": "sqlite", "reason": "import_error", "timestamp": "2026-08-25T18:25:41.962999+00:00"}
{"backend": "kv", "requested": "etcd", "fallback": "sqlite", "reason": "unavailable_etcd", "timestamp": "2026-08-25T18:25:42.153145+00:00"}
{"backend": "cache", "requested": "redis", "fallback": "memory", "reason": "import_error", "timestamp": "2026-08-25T18:25:42.236949+00:00"}
{"backend": "queue", "requested": "redis", "fallback": "sqlite", "reason": "import_error", "timestamp": "2026-08-25T18:25:42.245674+00:00"}
{"backend": "kv", "requested": "etcd", "fallback": "sqlite", "reason": "unavailable_etcd", "timestamp": "2026-08-25T18:25:42.322563+00:00"}
{"backend": "storage", "requested": "postgresql", "fallback": "sqlite", "reason": "import_error", "timestamp": "2026-08-25T18:25:45.659730+00:00"}
{"backend": "cache", "requested": "redis", "fallback": "memory", "reason": "import_error", "timestamp": "2026-08-25T18:25:45.677648+00:00"}
{"backend": "queue", "requested": "rabbitmq", "fallback": "redis", "reason": "unavailable_rabbitmq", "timestamp": "2026-08-25T18:25:45.709587+00:00"}
{"backend": "queue", "requested": "redis", "fallback": "sqlite", "reason": "redis_unavailable", "timestamp": "2026-08-25T18:25:45.711921+00:00"}
{"backend": "secret", "requested": "vault", "fallback": "local", "reason": "unavailable_vault", "timestamp": "2026-08-25T18:25:45.777335+00:00"}
{"backend": "queue", "requested": "rabbitmq", "fallback": "redis", "reason": "unavailable_rabbitmq", "timestamp": "2026-08-25T18:25:45.848355+00:00"}
{"backend": "queue", "requested": "redis", "fallback": "sqlite", "reason": "redis_unavailable", "timestamp": "2026-08-25T18:25:45.850972+00:00"}
{"backend": "queue", "requested": "rabbitmq", "fallback": "redis", "reason": "unavailable_rabbitmq", "timestamp": "2026-08-25T18:25:45.943996+00:00"}
{"backend": "queue", "requested": "redis", "fallback": "sqlite", "reason": "redis_unavailable", "timestamp": "2026-08-25T18:25:45.946742+00:00"}
{"backend": "kv", "requested": "etcd", "fallback": "sqlite", "reason": "unavailable_etcd", "timestamp": "2026-08-25T18:25:46.027841+00:00"}
{"backend": "kv", "requested": "consul", "fallback": "sqlite", "reason": "unavailable_etcd", "timestamp": "2026-08-25T18:25:46.065397+00:00"}
{"backend": "kv", "requested": "etcd", "fallback": "sqlite", "reason": "unavailable_etcd", "timestamp": "2026-08-25T18:25:46.094789+00:00"}
{"backend": "license", "requested": "enterprise", "fallback": "personal", "reason": "no_license_module", "timestamp": "2026-08-25T18:25:49.953969+00:00"}
{"backend": "license", "requested": "enterprise", "fallback": "personal", "reason": "no_license_module", "timestamp": "2026-08-25T18:25:49.985142+00:00"}
{"backend": "storage", "requested": "postgresql", "fallback": "sqlite", "reason": "import_error", "timestamp": "2026-08-25T18:25:50.168281+00:00"}
{"backend": "storage", "requested": "postgresql", "fallback": "sqlite", "reason": "import_error", "timestamp": "2026-08-25T18:25:50.178600+00:00"}
{"backend": "cache", "requested": "redis", "fallback": "memory", "reason": "import_error", "timestamp": "2026-08-25T18:25:50.180621+00:00"}
{"backend": "queue", "requested": "rabbitmq", "fallback": "sqlite", "reason": "import_error", "timestamp": "2026-08-25T18:25:50.191444+00:00"}
{"backend": "storage", "requested": "postgresql", "fallback": "sqlite", "reason": "import_error", "timestamp": "2026-08-25T18:25:50.201956+00:00"}
{"backend": "cache", "requested": "redis", "fallback": "memory", "reason": "import_error", "timestamp": "2026-08-25T18:28:25.265651+00:00"}
{"backend": "secret", "requested": "vault", "fallback": "local", "reason": "unavailable_vault", "timestamp": "2026-08-25T18:28:25.282017+00:00"}
{"backend": "queue", "requested": "redis", "fallback": "sqlite", "reason": "import_error", "timestamp": "2026-08-25T18:28:25.291072+00:00"}
{"backend": "kv", "requested": "etcd", "fallback": "sqlite", "reason": "unavailable_etcd", "timestamp": "2026-08-25T18:28:25.406814+00:00"}
{"backend": "cache", "requested": "redis", "fallback": "memory", "reason": "import_error", "timestamp": "2026-08-25T18:28:25.435817+00:00"}
{"backend": "queue", "requested": "redis", "fallback": "sqlite", "reason": "import_error", "timestamp": "2026-08-25T18:28:25.437735+00:00"}
{"backend": "kv", "requested": "etcd", "fallback": "sqlite", "reason": "unavailable_etcd", "timestamp": "2026-08-25T18:28:25.477235+00:00"}
{"backend": "storage", "requested": "postgresql", "fallback": "sqlite", "reason": "import_error", "timestamp": "2026-08-25T18:28:29.079734+00:00"}
{"backend": "cache", "requested": "redis", "fallback": "memory", "reason": "import_error", "timestamp": "2026-08-25T18:28:29.101174+00:00"}
{"backend": "queue", "requested": "rabbitmq", "fallback": "redis", "reason": "unavailable_rabbitmq", "timestamp": "2026-08-25T18:28:29.153596+00:00"}
{"backend": "queue", "requested": "redis", "fallback": "sqlite", "reason": "redis_unavailable", "timestamp": "2026-08-25T18:28:29.154884+00:00"}
{"backend": "secret", "requested": "vault", "fallback": "local", "reason": "unavailable_vault", "timestamp": "2026-08-25T18:28:29.494231+00:00"}
{"backend": "queue", "requested": "rabbitmq", "fallback": "redis", "reason": "unavailable_rabbitmq", "timestamp": "2026-08-25T18:28:29.556038+00:00"}
{"backend": "queue", "requested": "redis", "fallback": "sqlite", "reason": "redis_unavailable", "timestamp": "2026-08-25T18:28:29.558433+00:00"}
{"backend": "queue", "requested": "rabbitmq", "fallback": "redis", "reason": "unavailable_rabbitmq", "timestamp": "2026-08-25T18:28:29.613511+00:00"}
{"backend": "queue", "requested": "redis", "fallback": "sqlite", "reason": "redis_unavailable", "timestamp": "2026-08-25T18:28:29.615702+00:00"}
{"backend": "kv", "requested": "etcd", "fallback": "sqlite", "reason": "unavailable_etcd", "timestamp": "2026-08-25T18:28:29.662871+00:00"}
{"backend": "kv", "requested": "consul", "fallback": "sqlite", "reason": "unavailable_etcd", "timestamp": "2026-08-25T18:28:29.686523+00:00"}
{"backend": "kv", "requested": "etcd", "fallback": "sqlite", "reason": "unavailable_etcd", "timestamp": "2026-08-25T18:28:29.709671+00:00"}
{"backend": "license", "requested": "enterprise", "fallback": "personal", "reason": "no_license_module", "timestamp": "2026-08-25T18:28:35.113366+00:00"}
{"backend": "license", "requested": "enterprise", "fallback": "personal", "reason": "no_license_module", "timestamp": "2026-08-25T18:28:35.140489+00:00"}
{"backend": "storage", "requested": "postgresql", "fallback": "sqlite", "reason": "import_error", "timestamp": "2026-08-25T18:28:35.299768+00:00"}
{"backend": "storage", "requested": "postgresql", "fallback": "sqlite", "reason": "import_error", "timestamp": "2026-08-25T18:28:35.309150+00:00"}
{"backend": "cache", "requested": "redis", "fallback": "memory", "reason": "import_error", "timestamp": "2026-08-25T18:28:35.310760+00:00"}
{"backend": "queue", "requested": "rabbitmq", "fallback": "sqlite", "reason": "import_error", "timestamp": "2026-08-25T18:28:35.319331+00:00"}
{"backend": "storage", "requested": "postgresql", "fallback": "sqlite", "reason": "import_error", "timestamp": "2026-08-25T18:28:35.328825+00:00"}
{"backend": "cache", "requested": "redis", "fallback": "memory", "reason": "import_error", "timestamp": "2026-08-25T18:34:32.582719+00:00"}
{"backend": "queue", "requested": "redis", "fallback": "sqlite", "reason": "import_error", "timestamp": "2026-08-25T18:34:32.615510+00:00"}
{"backend": "secret", "requested": "vault", "fallback": "local", "reason": "unavailable_vault", "timestamp": "2026-08-25T18:34:32.715260+00:00"}
{"backend": "kv", "requested": "etcd", "fallback": "sqlite", "reason": "unavailable_etcd", "timestamp": "2026-08-25T18:34:32.752273+00:00"}
{"backend": "cache", "requested": "redis", "fallback": "memory", "reason": "import_error", "timestamp": "2026-08-25T18:34:32.787961+00:00"}
{"backend": "queue", "requested": "redis", "fallback": "sqlite", "reason": "import_error", "timestamp": "2026-08-25T18:34:32.790476+00:00"}
{"backend": "kv", "requested": "etcd", "fallback": "sqlite", "reason": "unavailable_etcd", "timestamp": "2026-08-25T18:34:32.823736+00:00"}
{"backend": "storage", "requested": "postgresql", "fallback": "sqlite", "reason": "import_error", "timestamp": "2026-08-25T18:34:36.475397+00:00"}
{"backend": "cache", "requested": "redis", "fallback": "memory", "reason": "import_error", "timestamp": "2026-08-25T18:34:36.505698+00:00"}
{"backend": "queue", "requested": "rabbitmq", "fallback": "redis", "reason": "unavailable_rabbitmq", "timestamp": "2026-08-25T18:34:36.551605+00:00"}
{"backend": "queue", "requested": "redis", "fallback": "sqlite", "reason": "redis_unavailable", "timestamp": "2026-08-25T18:34:36.554607+00:00"}
{"backend": "secret", "requested": "vault", "fallback": "local", "reason": "unavailable_vault", "timestamp": "2026-08-25T18:34:36.623770+00:00"}
{"backend": "queue", "requested": "rabbitmq", "fallback": "redis", "reason": "unavailable_rabbitmq", "timestamp": "2026-08-25T18:34:36.703807+00:00"}
{"backend": "queue", "requested": "redis", "fallback": "sqlite", "reason": "redis_unavailable", "timestamp": "2026-08-25T18:34:36.705786+00:00"}
{"backend": "queue", "requested": "rabbitmq", "fallback": "redis", "reason": "unavailable_rabbitmq", "timestamp": "2026-08-25T18:34:36.765650+00:00"}
{"backend": "queue", "requested": "redis", "fallback": "sqlite", "reason": "redis_unavailable", "timestamp": "2026-08-25T18:34:36.768158+00:00"}
{"backend": "kv", "requested": "etcd", "fallback": "sqlite", "reason": "unavailable_etcd", "timestamp": "2026-08-25T18:34:36.858351+00:00"}
{"backend": "kv", "requested": "consul", "fallback": "sqlite", "reason": "unavailable_etcd", "timestamp": "2026-08-25T18:34:36.889508+00:00"}
{"backend": "kv", "requested": "etcd", "fallback": "sqlite", "reason": "unavailable_etcd", "timestamp": "2026-08-25T18:34:36.914579+00:00"}
{"backend": "license", "requested": "enterprise", "fallback": "personal", "reason": "no_license_module", "timestamp": "2026-08-25T18:34:43.057668+00:00"}
{"backend": "license", "requested": "enterprise", "fallback": "personal", "reason": "no_license_module", "timestamp": "2026-08-25T18:34:43.092863+00:00"}
{"backend": "storage", "requested": "postgresql", "fallback": "sqlite", "reason": "import_error", "timestamp": "2026-08-25T18:34:43.437127+00:00"}
{"backend": "storage", "requested": "postgresql", "fallback": "sqlite", "reason": "import_error", "timestamp": "2026-08-25T18:34:43.454921+00:00"}
{"backend": "cache", "requested": "redis", "fallback": "memory", "reason": "import_error", "timestamp": "2026-08-25T18:34:43.456711+00:00"}
{"backend": "queue", "requested": "rabbitmq", "fallback": "sqlite", "reason": "import_error", "timestamp": "2026-08-25T18:34:43.505103+00:00"}
{"backend": "storage", "requested": "postgresql", "fallback": "sqlite", "reason": "import_error", "timestamp": "2026-08-25T18:34:43.524678+00:00"}
{"backend": "cache", "requested": "redis", "fallback": "memory", "reason": "import_error", "timestamp": "2026-08-25T18:38:01.136391+00:00"}
{"backend": "queue", "requested": "redis", "fallback": "sqlite", "reason": "import_error", "timestamp": "2026-08-25T18:38:01.187702+00:00"}
{"backend": "kv", "requested": "etcd", "fallback": "sqlite", "reason": "unavailable_etcd", "timestamp": "2026-08-25T18:38:01.407089+00:00"}
{"backend": "cache", "requested": "redis", "fallback": "memory", "reason": "import_error", "timestamp": "2026-08-25T18:38:01.446123+00:00"}
{"backend": "queue", "requested": "redis", "fallback": "sqlite", "reason": "import_error", "timestamp": "2026-08-25T18:38:01.448492+00:00"}
{"backend": "kv", "requested": "etcd", "fallback": "sqlite", "reason": "unavailable_etcd", "timestamp": "2026-08-25T18:38:01.486810+00:00"}
{"backend": "secret", "requested": "vault", "fallback": "local", "reason": "unavailable_vault", "timestamp": "2026-08-25T18:38:01.505145+00:00"}
{"backend": "storage", "requested": "postgresql", "fallback": "sqlite", "reason": "import_error", "timestamp": "2026-08-25T18:38:05.538462+00:00"}
{"backend": "cache", "requested": "redis", "fallback": "memory", "reason": "import_error", "timestamp": "2026-08-25T18:38:05.562257+00:00"}
{"backend": "queue", "requested": "rabbitmq", "fallback": "redis", "reason": "unavailable_rabbitmq", "timestamp": "2026-08-25T18:38:05.596503+00:00"}
{"backend": "queue", "requested": "redis", "fallback": "sqlite", "reason": "redis_unavailable", "timestamp": "2026-08-25T18:38:05.598889+00:00"}
{"backend": "secret", "requested": "vault", "fallback": "local", "reason": "unavailable_vault", "timestamp": "2026-08-25T18:38:05.655230+00:00"}
{"backend": "queue", "requested": "rabbitmq", "fallback": "redis", "reason": "unavailable_rabbitmq", "timestamp": "2026-08-25T18:38:05.721138+00:00"}
{"backend": "queue", "requested": "redis", "fallback": "sqlite", "reason": "redis_unavailable", "timestamp": "2026-08-25T18:38:05.723114+00:00"}
{"backend": "queue", "requested": "rabbitmq", "fallback": "redis", "reason": "unavailable_rabbitmq", "timestamp": "2026-08-25T18:38:05.773597+00:00"}
{"backend": "queue", "requested": "redis", "fallback": "sqlite", "reason": "redis_unavailable", "timestamp": "2026-08-25T18:38:05.775975+00:00"}
{"backend": "kv", "requested": "etcd", "fallback": "sqlite", "reason": "unavailable_etcd", "timestamp": "2026-08-25T18:38:05.831931+00:00"}
{"backend": "kv", "requested": "consul", "fallback": "sqlite", "reason": "unavailable_etcd", "timestamp": "2026-08-25T18:38:05.859234+00:00"}
{"backend": "kv", "requested": "etcd", "fallback": "sqlite", "reason": "unavailable_etcd", "timestamp": "2026-08-25T18:38:05.898689+00:00"}
{"backend": "license", "requested": "enterprise", "fallback": "personal", "reason": "no_license_module", "timestamp": "2026-08-25T18:38:12.407017+00:00"}
{"backend": "license", "requested": "enterprise", "fallback": "personal", "reason": "no_license_module", "timestamp": "2026-08-25T18:38:12.440814+00:00"}
{"backend": "storage", "requested": "postgresql", "fallback": "sqlite", "reason": "import_error", "timestamp": "2026-08-25T18:38:12.766962+00:00"}
{"backend": "storage", "requested": "postgresql", "fallback": "sqlite", "reason": "import_error", "timestamp": "2026-08-25T18:38:12.775140+00:00"}
{"backend": "cache", "requested": "redis", "fallback": "memory", "reason": "import_error", "timestamp": "2026-08-25T18:38:12.776837+00:00"}
{"backend": "queue", "requested": "rabbitmq", "fallback": "sqlite", "reason": "import_error", "timestamp": "2026-08-25T18:38:12.787162+00:00"}
{"backend": "storage", "requested": "postgresql", "fallback": "sqlite", "reason": "import_error", "timestamp": "2026-08-25T18:38:12.798820+00:00"}
{"backend": "secret", "requested": "vault", "fallback": "local", "reason": "unavailable_vault", "timestamp": "2026-08-25T18:40:36.495298+00:00"}
{"backend": "cache", "requested": "redis", "fallback": "memory", "reason": "import_error", "timestamp": "2026-08-25T18:40:36.541466+00:00"}
{"backend": "queue", "requested": "redis", "fallback": "sqlite", "reason": "import_error", "timestamp": "2026-08-25T18:40:36.565503+00:00"}
{"backend": "kv", "requested": "etcd", "fallback": "sqlite", "reason": "unavailable_etcd", "timestamp": "2026-08-25T18:40:36.667063+00:00"}
{"backend": "cache", "requested": "redis", "fallback": "memory", "reason": "import_error", "timestamp": "2026-08-25T18:40:36.699640+00:00"}
{"backend": "queue", "requested": "redis", "fallback": "sqlite", "reason": "import_error", "timestamp": "2026-08-25T18:40:36.702104+00:00"}
{"backend": "kv", "requested": "etcd", "fallback": "sqlite", "reason": "unavailable_etcd", "timestamp": "2026-08-25T18:40:36.739409+00:00"}
{"backend": "storage", "requested": "postgresql", "fallback": "sqlite", "reason": "import_error", "timestamp": "2026-08-25T18:40:40.807918+00:00"}
{"backend": "cache", "requested": "redis", "fallback": "memory", "reason": "import_error", "timestamp": "2026-08-25T18:40:40.823023+00:00"}
{"backend": "queue", "requested": "rabbitmq", "fallback": "redis", "reason": "unavailable_rabbitmq", "timestamp": "2026-08-25T18:40:40.874233+00:00"}
{"backend": "queue", "requested": "redis", "fallback": "sqlite", "reason": "redis_unavailable", "timestamp": "2026-08-25T18:40:40.875934+00:00"}
{"backend": "secret", "requested": "vault", "fallback": "local", "reason": "unavailable_vault", "timestamp": "2026-08-25T18:40:40.919915+00:00"}
{"backend": "queue", "requested": "rabbitmq", "fallback": "redis", "reason": "unavailable_rabbitmq", "timestamp": "2026-08-25T18:40:40.973372+00:00"}
{"backend": "queue", "requested": "redis", "fallback": "sqlite", "reason": "redis_unavailable", "timestamp": "2026-08-25T18:40:40.975552+00:00"}
{"backend": "queue", "requested": "rabbitmq", "fallback": "redis", "reason": "unavailable_rabbitmq", "timestamp": "2026-08-25T18:40:41.024377+00:00"}
{"backend": "queue", "requested": "redis", "fallback": "sqlite", "reason": "redis_unavailable", "timestamp": "2026-08-25T18:40:41.026289+00:00"}
{"backend": "kv", "requested": "etcd", "fallback": "sqlite", "reason": "unavailable_etcd", "timestamp": "2026-08-25T18:40:41.078655+00:00"}
{"backend": "kv", "requested": "consul", "fallback": "sqlite", "reason": "unavailable_etcd", "timestamp": "2026-08-25T18:40:41.099905+00:00"}
{"backend": "kv", "requested": "etcd", "fallback": "sqlite", "reason": "unavailable_etcd", "timestamp": "2026-08-25T18:40:41.124864+00:00"}
{"backend": "license", "requested": "enterprise", "fallback": "personal", "reason": "no_license_module", "timestamp": "2026-08-25T18:40:45.648208+00:00"}
{"backend": "license", "requested": "enterprise", "fallback": "personal", "reason": "no_license_module", "timestamp": "2026-08-25T18:40:45.675708+00:00"}
{"backend": "storage", "requested": "postgresql", "fallback": "sqlite", "reason": "import_error", "timestamp": "2026-08-25T18:40:45.835482+00:00"}
{"backend": "storage", "requested": "postgresql", "fallback": "sqlite", "reason": "import_error", "timestamp": "2026-08-25T18:40:45.845881+00:00"}
{"backend": "cache", "requested": "redis", "fallback": "memory", "reason": "import_error", "timestamp": "2026-08-25T18:40:45.847624+00:00"}
{"backend": "queue", "requested": "rabbitmq", "fallback": "sqlite", "reason": "import_error", "timestamp": "2026-08-25T18:40:45.857484+00:00"}
{"backend": "storage", "requested": "postgresql", "fallback": "sqlite", "reason": "import_error", "timestamp": "2026-08-25T18:40:45.867796+00:00"}
{"backend": "secret", "requested": "vault", "fallback": "local", "reason": "unavailable_vault", "timestamp": "2026-08-25T19:23:02.261014+00:00"}
{"backend": "cache", "requested": "redis", "fallback": "memory", "reason": "import_error", "timestamp": "2026-08-25T19:23:02.324068+00:00"}
{"backend": "queue", "requested": "redis", "fallback": "sqlite", "reason": "import_error", "timestamp": "2026-08-25T19:23:02.358574+00:00"}
{"backend": "kv", "requested": "etcd", "fallback": "sqlite", "reason": "unavailable_etcd", "timestamp": "2026-08-25T19:23:02.513850+00:00"}
{"backend": "cache", "requested": "redis", "fallback": "memory", "reason": "import_error", "timestamp": "2026-08-25T19:23:02.555340+00:00"}
{"backend": "queue", "requested": "redis", "fallback": "sqlite", "reason": "import_error", "timestamp": "2026-08-25T19:23:02.558525+00:00"}
{"backend": "kv", "requested": "etcd", "fallback": "sqlite", "reason": "unavailable_etcd", "timestamp": "2026-08-25T19:23:02.603513+00:00"}
{"backend": "storage", "requested": "postgresql", "fallback": "sqlite", "reason": "import_error", "timestamp": "2026-08-25T19:23:06.846292+00:00"}
{"backend": "cache", "requested": "redis", "fallback": "memory", "reason": "import_error", "timestamp": "2026-08-25T19:23:06.869061+00:00"}
{"backend": "queue", "requested": "rabbitmq", "fallback": "redis", "reason": "unavailable_rabbitmq", "timestamp": "2026-08-25T19:23:06.905731+00:00"}
{"backend": "queue", "requested": "redis", "fallback": "sqlite", "reason": "redis_unavailable", "timestamp": "2026-08-25T19:23:06.908334+00:00"}
{"backend": "secret", "requested": "vault", "fallback": "local", "reason": "unavailable_vault", "timestamp": "2026-08-25T19:23:07.015808+00:00"}
{"backend": "queue", "requested": "rabbitmq", "fallback": "redis", "reason": "unavailable_rabbitmq", "timestamp": "2026-08-25T19:23:07.147857+00:00"}
{"backend": "queue", "requested": "redis", "fallback": "sqlite", "reason": "redis_unavailable", "timestamp": "2026-08-25T19:23:07.150342+00:00"}
{"backend": "queue", "requested": "rabbitmq", "fallback": "redis", "reason": "unavailable_rabbitmq", "timestamp": "2026-08-25T19:23:07.212808+00:00"}
{"backend": "queue", "requested": "redis", "fallback": "sqlite", "reason": "redis_unavailable", "timestamp": "2026-08-25T19:23:07.215634+00:00"}
{"backend": "kv", "requested": "etcd", "fallback": "sqlite", "reason": "unavailable_etcd", "timestamp": "2026-08-25T19:23:07.370246+00:00"}
{"backend": "kv", "requested": "consul", "fallback": "sqlite", "reason": "unavailable_etcd", "timestamp": "2026-08-25T19:23:07.403491+00:00"}
{"backend": "kv", "requested": "etcd", "fallback": "sqlite", "reason": "unavailable_etcd", "timestamp": "2026-08-25T19:23:07.432751+00:00"}
{"backend": "license", "requested": "enterprise", "fallback": "personal", "reason": "no_license_module", "timestamp": "2026-08-25T19:23:14.140623+00:00"}
{"backend": "license", "requested": "enterprise", "fallback": "personal", "reason": "no_license_module", "timestamp": "2026-08-25T19:23:14.171323+00:00"}
{"backend": "storage", "requested": "postgresql", "fallback": "sqlite", "reason": "import_error", "timestamp": "2026-08-25T19:23:14.385302+00:00"}
{"backend": "storage", "requested": "postgresql", "fallback": "sqlite", "reason": "import_error", "timestamp": "2026-08-25T19:23:14.397956+00:00"}
{"backend": "cache", "requested": "redis", "fallback": "memory", "reason": "import_error", "timestamp": "2026-08-25T19:23:14.400341+00:00"}
{"backend": "queue", "requested": "rabbitmq", "fallback": "sqlite", "reason": "import_error", "timestamp": "2026-08-25T19:23:14.412254+00:00"}
{"backend": "storage", "requested": "postgresql", "fallback": "sqlite", "reason": "import_error", "timestamp": "2026-08-25T19:23:14.424189+00:00"}
{"backend": "cache", "requested": "redis", "fallback": "memory", "reason": "import_error", "timestamp": "2026-08-25T19:33:57.235644+00:00"}
{"backend": "queue", "requested": "redis", "fallback": "sqlite", "reason": "import_error", "timestamp": "2026-08-25T19:33:57.272339+00:00"}
{"backend": "secret", "requested": "vault", "fallback": "local", "reason": "unavailable_vault", "timestamp": "2026-08-25T19:33:57.361730+00:00"}
{"backend": "kv", "requested": "etcd", "fallback": "sqlite", "reason": "unavailable_etcd", "timestamp": "2026-08-25T19:33:57.489907+00:00"}
{"backend": "cache", "requested": "redis", "fallback": "memory", "reason": "import_error", "timestamp": "2026-08-25T19:33:57.525624+00:00"}
{"backend": "queue", "requested": "redis", "fallback": "sqlite", "reason": "import_error", "timestamp": "2026-08-25T19:33:57.528676+00:00"}
{"backend": "kv", "requested": "etcd", "fallback": "sqlite", "reason": "unavailable_etcd", "timestamp": "2026-08-25T19:33:57.597695+00:00"}
{"backend": "storage", "requested": "postgresql", "fallback": "sqlite", "reason": "import_error", "timestamp": "2026-08-25T19:34:02.204533+00:00"}
{"backend": "cache", "requested": "redis", "fallback": "memory", "reason": "import_error", "timestamp": "2026-08-25T19:34:02.228383+00:00"}
{"backend": "queue", "requested": "rabbitmq", "fallback": "redis", "reason": "unavailable_rabbitmq", "timestamp": "2026-08-25T19:34:02.261590+00:00"}
{"backend": "queue", "requested": "redis", "fallback": "sqlite", "reason": "redis_unavailable", "timestamp": "2026-08-25T19:34:02.264836+00:00"}
{"backend": "secret", "requested": "vault", "fallback": "local", "reason": "unavailable_vault", "timestamp": "2026-08-25T19:34:02.324080+00:00"}
{"backend": "queue", "requested": "rabbitmq", "fallback": "redis", "reason": "unavailable_rabbitmq", "timestamp": "2026-08-25T19:34:02.389959+00:00"}
{"backend": "queue", "requested": "redis", "fallback": "sqlite", "reason": "redis_unavailable", "timestamp": "2026-08-25T19:34:02.391633+00:00"}
{"backend": "queue", "requested": "rabbitmq", "fallback": "redis", "reason": "unavailable_rabbitmq", "timestamp": "2026-08-25T19:34:02.459067+00:00"}
{"backend": "queue", "requested": "redis", "fallback": "sqlite", "reason": "redis_unavailable", "timestamp": "2026-08-25T19:34:02.462974+00:00"}
{"backend": "kv", "requested": "etcd", "fallback": "sqlite", "reason": "unavailable_etcd", "timestamp": "2026-08-25T19:34:02.526330+00:00"}
{"backend": "kv", "requested": "consul", "fallback": "sqlite", "reason": "unavailable_etcd", "timestamp": "2026-08-25T19:34:02.569048+00:00"}
{"backend": "kv", "requested": "etcd", "fallback": "sqlite", "reason": "unavailable_etcd", "timestamp": "2026-08-25T19:34:02.598634+00:00"}
{"backend": "license", "requested": "enterprise", "fallback": "personal", "reason": "no_license_module", "timestamp": "2026-08-25T19:34:08.485726+00:00"}
{"backend": "license", "requested": "enterprise", "fallback": "personal", "reason": "no_license_module", "timestamp": "2026-08-25T19:34:08.522191+00:00"}
{"backend": "storage", "requested": "postgresql", "fallback": "sqlite", "reason": "import_error", "timestamp": "2026-08-25T19:34:08.795226+00:00"}
{"backend": "storage", "requested": "postgresql", "fallback": "sqlite", "reason": "import_error", "timestamp": "2026-08-25T19:34:08.819661+00:00"}
{"backend": "cache", "requested": "redis", "fallback": "memory", "reason": "import_error", "timestamp": "2026-08-25T19:34:08.821115+00:00"}
{"backend": "queue", "requested": "rabbitmq", "fallback": "sqlite", "reason": "import_error", "timestamp": "2026-08-25T19:34:08.832552+00:00"}
{"backend": "storage", "requested": "postgresql", "fallback": "sqlite", "reason": "import_error", "timestamp": "2026-08-25T19:34:08.854202+00:00"}
{"backend": "secret", "requested": "vault", "fallback": "local", "reason": "unavailable_vault", "timestamp": "2026-08-25T20:54:17.086511+00:00"}
{"backend": "cache", "requested": "redis", "fallback": "memory", "reason": "import_error", "timestamp": "2026-08-25T20:54:17.973278+00:00"}
{"backend": "queue", "requested": "redis", "fallback": "sqlite", "reason": "import_error", "timestamp": "2026-08-25T20:54:17.991306+00:00"}
{"backend": "kv", "requested": "etcd", "fallback": "sqlite", "reason": "unavailable_etcd", "timestamp": "2026-08-25T20:54:18.087514+00:00"}
{"backend": "cache", "requested": "redis", "fallback": "memory", "reason": "import_error", "timestamp": "2026-08-25T20:54:18.110398+00:00"}
{"backend": "queue", "requested": "redis", "fallback": "sqlite", "reason": "import_error", "timestamp": "2026-08-25T20:54:18.112730+00:00"}
{"backend": "kv", "requested": "etcd", "fallback": "sqlite", "reason": "unavailable_etcd", "timestamp": "2026-08-25T20:54:18.143927+00:00"}
{"backend": "storage", "requested": "postgresql", "fallback": "sqlite", "reason": "import_error", "timestamp": "2026-08-25T20:54:18.396229+00:00"}
{"backend": "cache", "requested": "redis", "fallback": "memory", "reason": "import_error", "timestamp": "2026-08-25T20:54:18.408731+00:00"}
{"backend": "queue", "requested": "rabbitmq", "fallback": "redis", "reason": "unavailable_rabbitmq", "timestamp": "2026-08-25T20:54:18.428808+00:00"}
{"backend": "queue", "requested": "redis", "fallback": "sqlite", "reason": "redis_unavailable", "timestamp": "2026-08-25T20:54:18.430697+00:00"}
{"backend": "secret", "requested": "vault", "fallback": "local", "reason": "unavailable_vault", "timestamp": "2026-08-25T20:54:18.472895+00:00"}
{"backend": "queue", "requested": "rabbitmq", "fallback": "redis", "reason": "unavailable_rabbitmq", "timestamp": "2026-08-25T20:54:18.524333+00:00"}
{"backend": "queue", "requested": "redis", "fallback": "sqlite", "reason": "redis_unavailable", "timestamp": "2026-08-25T20:54:18.525965+00:00"}
{"backend": "queue", "requested": "rabbitmq", "fallback": "redis", "reason": "unavailable_rabbitmq", "timestamp": "2026-08-25T20:54:18.566946+00:00"}
{"backend": "queue", "requested": "redis", "fallback": "sqlite", "reason": "redis_unavailable", "timestamp": "2026-08-25T20:54:18.568647+00:00"}
{"backend": "kv", "requested": "etcd", "fallback": "sqlite", "reason": "unavailable_etcd", "timestamp": "2026-08-25T20:54:18.618265+00:00"}
{"backend": "kv", "requested": "consul", "fallback": "sqlite", "reason": "unavailable_etcd", "timestamp": "2026-08-25T20:54:18.637291+00:00"}
{"backend": "kv", "requested": "etcd", "fallback": "sqlite", "reason": "unavailable_etcd", "timestamp": "2026-08-25T20:54:18.657788+00:00"}
{"backend": "license", "requested": "enterprise", "fallback": "personal", "reason": "no_license_module", "timestamp": "2026-08-25T20:54:23.759446+00:00"}
{"backend": "license", "requested": "enterprise", "fallback": "personal", "reason": "no_license_module", "timestamp": "2026-08-25T20:54:23.783559+00:00"}
{"backend": "storage", "requested": "postgresql", "fallback": "sqlite", "reason": "import_error", "timestamp": "2026-08-25T20:54:23.916330+00:00"}
{"backend": "storage", "requested": "postgresql", "fallback": "sqlite", "reason": "import_error", "timestamp": "2026-08-25T20:54:23.924022+00:00"}
{"backend": "cache", "requested": "redis", "fallback": "memory", "reason": "import_error", "timestamp": "2026-08-25T20:54:23.925578+00:00"}
{"backend": "queue", "requested": "rabbitmq", "fallback": "sqlite", "reason": "import_error", "timestamp": "2026-08-25T20:54:23.934110+00:00"}
{"backend": "storage", "requested": "postgresql", "fallback": "sqlite", "reason": "import_error", "timestamp": "2026-08-25T20:54:23.942621+00:00"}
{"backend": "secret", "requested": "vault", "fallback": "local", "reason": "unavailable_vault", "timestamp": "2026-08-25T21:01:07.706763+00:00"}
{"backend": "cache", "requested": "redis", "fallback": "memory", "reason": "import_error", "timestamp": "2026-08-25T21:01:08.391885+00:00"}
{"backend": "queue", "requested": "redis", "fallback": "sqlite", "reason": "import_error", "timestamp": "2026-08-25T21:01:08.409170+00:00"}
{"backend": "kv", "requested": "etcd", "fallback": "sqlite", "reason": "unavailable_etcd", "timestamp": "2026-08-25T21:01:08.493635+00:00"}
{"backend": "cache", "requested": "redis", "fallback": "memory", "reason": "import_error", "timestamp": "2026-08-25T21:01:08.513344+00:00"}
{"backend": "queue", "requested": "redis", "fallback": "sqlite", "reason": "import_error", "timestamp": "2026-08-25T21:01:08.514960+00:00"}
{"backend": "kv", "requested": "etcd", "fallback": "sqlite", "reason": "unavailable_etcd", "timestamp": "2026-08-25T21:01:08.543190+00:00"}
{"backend": "storage", "requested": "postgresql", "fallback": "sqlite", "reason": "import_error", "timestamp": "2026-08-25T21:01:08.942746+00:00"}
{"backend": "cache", "requested": "redis", "fallback": "memory", "reason": "import_error", "timestamp": "2026-08-25T21:01:08.963128+00:00"}
{"backend": "queue", "requested": "rabbitmq", "fallback": "redis", "reason": "unavailable_rabbitmq", "timestamp": "2026-08-25T21:01:08.989840+00:00"}
{"backend": "queue", "requested": "redis", "fallback": "sqlite", "reason": "redis_unavailable", "timestamp": "2026-08-25T21:01:08.991676+00:00"}
{"backend": "secret", "requested": "vault", "fallback": "local", "reason": "unavailable_vault", "timestamp": "2026-08-25T21:01:09.035276+00:00"}
{"backend": "queue", "requested": "rabbitmq", "fallback": "redis", "reason": "unavailable_rabbitmq", "timestamp": "2026-08-25T21:01:09.082865+00:00"}
{"backend": "queue", "requested": "redis", "fallback": "sqlite", "reason": "redis_unavailable", "timestamp": "2026-08-25T21:01:09.084401+00:00"}
{"backend": "queue", "requested": "rabbitmq", "fallback": "redis", "reason": "unavailable_rabbitmq", "timestamp": "2026-08-25T21:01:09.126477+00:00"}
{"backend": "queue", "requested": "redis", "fallback": "sqlite", "reason": "redis_unavailable", "timestamp": "2026-08-25T21:01:09.128113+00:00"}
{"backend": "kv", "requested": "etcd", "fallback": "sqlite", "reason": "unavailable_etcd", "timestamp": "2026-08-25T21:01:09.167829+00:00"}
{"backend": "kv", "requested": "consul", "fallback": "sqlite", "reason": "unavailable_etcd", "timestamp": "2026-08-25T21:01:09.184549+00:00"}
{"backend": "kv", "requested": "etcd", "fallback": "sqlite", "reason": "unavailable_etcd", "timestamp": "2026-08-25T21:01:09.202678+00:00"}
{"backend": "license", "requested": "enterprise", "fallback": "personal", "reason": "no_license_module", "timestamp": "2026-08-25T21:01:13.884126+00:00"}
{"backend": "license", "requested": "enterprise", "fallback": "personal", "reason": "no_license_module", "timestamp": "2026-08-25T21:01:13.906863+00:00"}
{"backend": "storage", "requested": "postgresql", "fallback": "sqlite", "reason": "import_error", "timestamp": "2026-08-25T21:01:14.048919+00:00"}
{"backend": "storage", "requested": "postgresql", "fallback": "sqlite", "reason": "import_error", "timestamp": "2026-08-25T21:01:14.056692+00:00"}
{"backend": "cache", "requested": "redis", "fallback": "memory", "reason": "import_error", "timestamp": "2026-08-25T21:01:14.058061+00:00"}
{"backend": "queue", "requested": "rabbitmq", "fallback": "sqlite", "reason": "import_error", "timestamp": "2026-08-25T21:01:14.066352+00:00"}
{"backend": "storage", "requested": "postgresql", "fallback": "sqlite", "reason": "import_error", "timestamp": "2026-08-25T21:01:14.076350+00:00"}
{"backend": "secret", "requested": "vault", "fallback": "local", "reason": "unavailable_vault", "timestamp": "2026-08-26T01:16:21.710939+00:00"}
{"backend": "cache", "requested": "redis", "fallback": "memory", "reason": "import_error", "timestamp": "2026-08-26T01:16:22.780290+00:00"}
{"backend": "queue", "requested": "redis", "fallback": "sqlite", "reason": "import_error", "timestamp": "2026-08-26T01:16:22.900824+00:00"}
{"backend": "kv", "requested": "etcd", "fallback": "sqlite", "reason": "unavailable_etcd", "timestamp": "2026-08-26T01:16:23.038697+00:00"}
{"backend": "cache", "requested": "redis", "fallback": "memory", "reason": "import_error", "timestamp": "2026-08-26T01:16:23.077597+00:00"}
{"backend": "queue", "requested": "redis", "fallback": "sqlite", "reason": "import_error", "timestamp": "2026-08-26T01:16:23.079774+00:00"}
{"backend": "kv", "requested": "etcd", "fallback": "sqlite", "reason": "unavailable_etcd", "timestamp": "2026-08-26T01:16:23.118478+00:00"}
{"backend": "storage", "requested": "postgresql", "fallback": "sqlite", "reason": "import_error", "timestamp": "2026-08-26T01:16:23.321250+00:00"}
{"backend": "cache", "requested": "redis", "fallback": "memory", "reason": "import_error", "timestamp": "2026-08-26T01:16:23.338140+00:00"}
{"backend": "queue", "requested": "rabbitmq", "fallback": "redis", "reason": "unavailable_rabbitmq", "timestamp": "2026-08-26T01:16:23.370573+00:00"}
{"backend": "queue", "requested": "redis", "fallback": "sqlite", "reason": "redis_unavailable", "timestamp": "2026-08-26T01:16:23.372959+00:00"}
{"backend": "secret", "requested": "vault", "fallback": "local", "reason": "unavailable_vault", "timestamp": "2026-08-26T01:16:23.439128+00:00"}
{"backend": "queue", "requested": "rabbitmq", "fallback": "redis", "reason": "unavailable_rabbitmq", "timestamp": "2026-08-26T01:16:23.525732+00:00"}
{"backend": "queue", "requested": "redis", "fallback": "sqlite", "reason": "redis_unavailable", "timestamp": "2026-08-26T01:16:23.527782+00:00"}
{"backend": "queue", "requested": "rabbitmq", "fallback": "redis", "reason": "unavailable_rabbitmq", "timestamp": "2026-08-26T01:16:23.593843+00:00"}
{"backend": "queue", "requested": "redis", "fallback": "sqlite", "reason": "redis_unavailable", "timestamp": "2026-08-26T01:16:23.595997+00:00"}
{"backend": "kv", "requested": "etcd", "fallback": "sqlite", "reason": "unavailable_etcd", "timestamp": "2026-08-26T01:16:23.661152+00:00"}
{"backend": "kv", "requested": "consul", "fallback": "sqlite", "reason": "unavailable_etcd", "timestamp": "2026-08-26T01:16:23.688509+00:00"}
{"backend": "kv", "requested": "etcd", "fallback": "sqlite", "reason": "unavailable_etcd", "timestamp": "2026-08-26T01:16:23.719325+00:00"}
{"backend": "license", "requested": "enterprise", "fallback": "personal", "reason": "no_license_module", "timestamp": "2026-08-26T01:16:27.983627+00:00"}
{"backend": "storage", "requested": "postgresql", "fallback": "sqlite", "reason": "import_error", "timestamp": "2026-08-26T01:16:28.196579+00:00"}
{"backend": "storage", "requested": "postgresql", "fallback": "sqlite", "reason": "import_error", "timestamp": "2026-08-26T01:16:28.209518+00:00"}
{"backend": "cache", "requested": "redis", "fallback": "memory", "reason": "import_error", "timestamp": "2026-08-26T01:16:28.212122+00:00"}
{"backend": "queue", "requested": "rabbitmq", "fallback": "sqlite", "reason": "import_error", "timestamp": "2026-08-26T01:16:28.226187+00:00"}
{"backend": "storage", "requested": "postgresql", "fallback": "sqlite", "reason": "import_error", "timestamp": "2026-08-26T01:16:28.255758+00:00"}
{"backend": "license", "requested": "enterprise", "fallback": "personal", "reason": "no_license_module", "timestamp": "2026-08-26T01:16:53.653313+00:00"}
{"backend": "secret", "requested": "vault", "fallback": "local", "reason": "unavailable_vault", "timestamp": "2026-08-26T01:57:58.830656+00:00"}
{"backend": "cache", "requested": "redis", "fallback": "memory", "reason": "import_error", "timestamp": "2026-08-26T01:58:00.358163+00:00"}
{"backend": "queue", "requested": "redis", "fallback": "sqlite", "reason": "import_error", "timestamp": "2026-08-26T01:58:00.390283+00:00"}
{"backend": "kv", "requested": "etcd", "fallback": "sqlite", "reason": "unavailable_etcd", "timestamp": "2026-08-26T01:58:00.521950+00:00"}
{"backend": "cache", "requested": "redis", "fallback": "memory", "reason": "import_error", "timestamp": "2026-08-26T01:58:00.560650+00:00"}
{"backend": "queue", "requested": "redis", "fallback": "sqlite", "reason": "import_error", "timestamp": "2026-08-26T01:58:00.563772+00:00"}
{"backend": "kv", "requested": "etcd", "fallback": "sqlite", "reason": "unavailable_etcd", "timestamp": "2026-08-26T01:58:00.608594+00:00"}
{"backend": "storage", "requested": "postgresql", "fallback": "sqlite", "reason": "import_error", "timestamp": "2026-08-26T01:58:00.640236+00:00"}
{"backend": "cache", "requested": "redis", "fallback": "memory", "reason": "import_error", "timestamp": "2026-08-26T01:58:00.664386+00:00"}
{"backend": "queue", "requested": "rabbitmq", "fallback": "redis", "reason": "unavailable_rabbitmq", "timestamp": "2026-08-26T01:58:00.709359+00:00"}
{"backend": "queue", "requested": "redis", "fallback": "sqlite", "reason": "redis_unavailable", "timestamp": "2026-08-26T01:58:00.713026+00:00"}
{"backend": "secret", "requested": "vault", "fallback": "local", "reason": "unavailable_vault", "timestamp": "2026-08-26T01:58:00.779199+00:00"}
{"backend": "queue", "requested": "rabbitmq", "fallback": "redis", "reason": "unavailable_rabbitmq", "timestamp": "2026-08-26T01:58:00.856969+00:00"}
{"backend": "queue", "requested": "redis", "fallback": "sqlite", "reason": "redis_unavailable", "timestamp": "2026-08-26T01:58:00.859156+00:00"}
{"backend": "queue", "requested": "rabbitmq", "fallback": "redis", "reason": "unavailable_rabbitmq", "timestamp": "2026-08-26T01:58:00.987605+00:00"}
{"backend": "queue", "requested": "redis", "fallback": "sqlite", "reason": "redis_unavailable", "timestamp": "2026-08-26T01:58:00.989851+00:00"}
{"backend": "kv", "requested": "etcd", "fallback": "sqlite", "reason": "unavailable_etcd", "timestamp": "2026-08-26T01:58:01.071993+00:00"}
{"backend": "kv", "requested": "consul", "fallback": "sqlite", "reason": "unavailable_etcd", "timestamp": "2026-08-26T01:58:01.111025+00:00"}
{"backend": "kv", "requested": "etcd", "fallback": "sqlite", "reason": "unavailable_etcd", "timestamp": "2026-08-26T01:58:01.145249+00:00"}
{"backend": "license", "requested": "enterprise", "fallback": "personal", "reason": "no_license_module", "timestamp": "2026-08-26T01:58:06.624245+00:00"}
{"backend": "storage", "requested": "postgresql", "fallback": "sqlite", "reason": "import_error", "timestamp": "2026-08-26T01:58:06.946977+00:00"}
{"backend": "storage", "requested": "postgresql", "fallback": "sqlite", "reason": "import_error", "timestamp": "2026-08-26T01:58:06.966139+00:00"}
{"backend": "cache", "requested": "redis", "fallback": "memory", "reason": "import_error", "timestamp": "2026-08-26T01:58:06.968171+00:00"}
{"backend": "queue", "requested": "rabbitmq", "fallback": "sqlite", "reason": "import_error", "timestamp": "2026-08-26T01:58:07.026146+00:00"}
{"backend": "storage", "requested": "postgresql", "fallback": "sqlite", "reason": "import_error", "timestamp": "2026-08-26T01:58:07.043831+00:00"}
{"backend": "license", "requested": "enterprise", "fallback": "personal", "reason": "no_license_module", "timestamp": "2026-08-26T01:58:32.233368+00:00"}
{"backend": "secret", "requested": "vault", "fallback": "local", "reason": "unavailable_vault", "timestamp": "2026-08-26T06:17:28.637136+00:00"}
{"backend": "cache", "requested": "redis", "fallback": "memory", "reason": "import_error", "timestamp": "2026-08-26T06:17:29.651416+00:00"}
{"backend": "queue", "requested": "redis", "fallback": "sqlite", "reason": "import_error", "timestamp": "2026-08-26T06:17:29.674823+00:00"}
{"backend": "kv", "requested": "etcd", "fallback": "sqlite", "reason": "unavailable_etcd", "timestamp": "2026-08-26T06:17:29.790278+00:00"}
{"backend": "cache", "requested": "redis", "fallback": "memory", "reason": "import_error", "timestamp": "2026-08-26T06:17:29.819641+00:00"}
{"backend": "queue", "requested": "redis", "fallback": "sqlite", "reason": "import_error", "timestamp": "2026-08-26T06:17:29.821834+00:00"}
{"backend": "kv", "requested": "etcd", "fallback": "sqlite", "reason": "unavailable_etcd", "timestamp": "2026-08-26T06:17:29.851791+00:00"}
{"backend": "storage", "requested": "postgresql", "fallback": "sqlite", "reason": "import_error", "timestamp": "2026-08-26T06:17:30.132384+00:00"}
{"backend": "cache", "requested": "redis", "fallback": "memory", "reason": "import_error", "timestamp": "2026-08-26T06:17:30.150166+00:00"}
{"backend": "queue", "requested": "rabbitmq", "fallback": "redis", "reason": "unavailable_rabbitmq", "timestamp": "2026-08-26T06:17:30.179680+00:00"}
{"backend": "queue", "requested": "redis", "fallback": "sqlite", "reason": "redis_unavailable", "timestamp": "2026-08-26T06:17:30.181126+00:00"}
{"backend": "secret", "requested": "vault", "fallback": "local", "reason": "unavailable_vault", "timestamp": "2026-08-26T06:17:30.239334+00:00"}
{"backend": "queue", "requested": "rabbitmq", "fallback": "redis", "reason": "unavailable_rabbitmq", "timestamp": "2026-08-26T06:17:30.306964+00:00"}
{"backend": "queue", "requested": "redis", "fallback": "sqlite", "reason": "redis_unavailable", "timestamp": "2026-08-26T06:17:30.308020+00:00"}
{"backend": "queue", "requested": "rabbitmq", "fallback": "redis", "reason": "unavailable_rabbitmq", "timestamp": "2026-08-26T06:17:30.356968+00:00"}
{"backend": "queue", "requested": "redis", "fallback": "sqlite", "reason": "redis_unavailable", "timestamp": "2026-08-26T06:17:30.358245+00:00"}
{"backend": "kv", "requested": "etcd", "fallback": "sqlite", "reason": "unavailable_etcd", "timestamp": "2026-08-26T06:17:30.413080+00:00"}
{"backend": "kv", "requested": "consul", "fallback": "sqlite", "reason": "unavailable_etcd", "timestamp": "2026-08-26T06:17:30.434166+00:00"}
{"backend": "kv", "requested": "etcd", "fallback": "sqlite", "reason": "unavailable_etcd", "timestamp": "2026-08-26T06:17:30.455325+00:00"}
{"backend": "license", "requested": "enterprise", "fallback": "personal", "reason": "no_license_module", "timestamp": "2026-08-26T06:17:34.677511+00:00"}
{"backend": "storage", "requested": "postgresql", "fallback": "sqlite", "reason": "import_error", "timestamp": "2026-08-26T06:17:34.881051+00:00"}
{"backend": "storage", "requested": "postgresql", "fallback": "sqlite", "reason": "import_error", "timestamp": "2026-08-26T06:17:34.894024+00:00"}
{"backend": "cache", "requested": "redis", "fallback": "memory", "reason": "import_error", "timestamp": "2026-08-26T06:17:34.896551+00:00"}
{"backend": "queue", "requested": "rabbitmq", "fallback": "sqlite", "reason": "import_error", "timestamp": "2026-08-26T06:17:34.909253+00:00"}
{"backend": "storage", "requested": "postgresql", "fallback": "sqlite", "reason": "import_error", "timestamp": "2026-08-26T06:17:34.924387+00:00"}
{"backend": "license", "requested": "enterprise", "fallback": "personal", "reason": "no_license_module", "timestamp": "2026-08-26T06:17:57.856778+00:00"}
{"backend": "secret", "requested": "vault", "fallback": "local", "reason": "unavailable_vault", "timestamp": "2026-08-26T06:20:29.425639+00:00"}
{"backend": "cache", "requested": "redis", "fallback": "memory", "reason": "import_error", "timestamp": "2026-08-26T06:20:30.031591+00:00"}
{"backend": "queue", "requested": "redis", "fallback": "sqlite", "reason": "import_error", "timestamp": "2026-08-26T06:20:30.047364+00:00"}
{"backend": "kv", "requested": "etcd", "fallback": "sqlite", "reason": "unavailable_etcd", "timestamp": "2026-08-26T06:20:30.122598+00:00"}
{"backend": "cache", "requested": "redis", "fallback": "memory", "reason": "import_error", "timestamp": "2026-08-26T06:20:30.146408+00:00"}
{"backend": "queue", "requested": "redis", "fallback": "sqlite", "reason": "import_error", "timestamp": "2026-08-26T06:20:30.148101+00:00"}
{"backend": "kv", "requested": "etcd", "fallback": "sqlite", "reason": "unavailable_etcd", "timestamp": "2026-08-26T06:20:30.171762+00:00"}
{"backend": "storage", "requested": "postgresql", "fallback": "sqlite", "reason": "import_error", "timestamp": "2026-08-26T06:20:30.501909+00:00"}
{"backend": "cache", "requested": "redis", "fallback": "memory", "reason": "import_error", "timestamp": "2026-08-26T06:20:30.514499+00:00"}
{"backend": "queue", "requested": "rabbitmq", "fallback": "redis", "reason": "unavailable_rabbitmq", "timestamp": "2026-08-26T06:20:30.534235+00:00"}
{"backend": "queue", "requested": "redis", "fallback": "sqlite", "reason": "redis_unavailable", "timestamp": "2026-08-26T06:20:30.535939+00:00"}
{"backend": "secret", "requested": "vault", "fallback": "local", "reason": "unavailable_vault", "timestamp": "2026-08-26T06:20:30.576469+00:00"}
{"backend": "queue", "requested": "rabbitmq", "fallback": "redis", "reason": "unavailable_rabbitmq", "timestamp": "2026-08-26T06:20:30.619433+00:00"}
{"backend": "queue", "requested": "redis", "fallback": "sqlite", "reason": "redis_unavailable", "timestamp": "2026-08-26T06:20:30.620745+00:00"}
{"backend": "queue", "requested": "rabbitmq", "fallback": "redis", "reason": "unavailable_rabbitmq", "timestamp": "2026-08-26T06:20:30.661037+00:00"}
{"backend": "queue", "requested": "redis", "fallback": "sqlite", "reason": "redis_unavailable", "timestamp": "2026-08-26T06:20:30.662469+00:00"}
{"backend": "kv", "requested": "etcd", "fallback": "sqlite", "reason": "unavailable_etcd", "timestamp": "2026-08-26T06:20:30.705916+00:00"}
{"backend": "kv", "requested": "consul", "fallback": "sqlite", "reason": "unavailable_etcd", "timestamp": "2026-08-26T06:20:30.722787+00:00"}
{"backend": "kv", "requested": "etcd", "fallback": "sqlite", "reason": "unavailable_etcd", "timestamp": "2026-08-26T06:20:30.739806+00:00"}
{"backend": "license", "requested": "enterprise", "fallback": "personal", "reason": "no_license_module", "timestamp": "2026-08-26T06:20:34.213998+00:00"}
{"backend": "storage", "requested": "postgresql", "fallback": "sqlite", "reason": "import_error", "timestamp": "2026-08-26T06:20:34.343635+00:00"}
{"backend": "storage", "requested": "postgresql", "fallback": "sqlite", "reason": "import_error", "timestamp": "2026-08-26T06:20:34.351060+00:00"}
{"backend": "cache", "requested": "redis", "fallback": "memory", "reason": "import_error", "timestamp": "2026-08-26T06:20:34.352548+00:00"}
{"backend": "queue", "requested": "rabbitmq", "fallback": "sqlite", "reason": "import_error", "timestamp": "2026-08-26T06:20:34.364275+00:00"}
{"backend": "storage", "requested": "postgresql", "fallback": "sqlite", "reason": "import_error", "timestamp": "2026-08-26T06:20:34.374769+00:00"}
{"backend": "license", "requested": "enterprise", "fallback": "personal", "reason": "no_license_module", "timestamp": "2026-08-26T06:21:08.500102+00:00"}
{"backend": "secret", "requested": "vault", "fallback": "local", "reason": "unavailable_vault", "timestamp": "2026-08-26T08:00:31.545259+00:00"}
{"backend": "cache", "requested": "redis", "fallback": "memory", "reason": "import_error", "timestamp": "2026-08-26T08:00:32.273582+00:00"}
{"backend": "queue", "requested": "redis", "fallback": "sqlite", "reason": "import_error", "timestamp": "2026-08-26T08:00:32.290127+00:00"}
{"backend": "kv", "requested": "etcd", "fallback": "sqlite", "reason": "unavailable_etcd", "timestamp": "2026-08-26T08:00:32.378041+00:00"}
{"backend": "cache", "requested": "redis", "fallback": "memory", "reason": "import_error", "timestamp": "2026-08-26T08:00:32.400218+00:00"}
{"backend": "queue", "requested": "redis", "fallback": "sqlite", "reason": "import_error", "timestamp": "2026-08-26T08:00:32.402234+00:00"}
{"backend": "kv", "requested": "etcd", "fallback": "sqlite", "reason": "unavailable_etcd", "timestamp": "2026-08-26T08:00:32.431585+00:00"}
{"backend": "storage", "requested": "postgresql", "fallback": "sqlite", "reason": "import_error", "timestamp": "2026-08-26T08:00:32.714101+00:00"}
{"backend": "cache", "requested": "redis", "fallback": "memory", "reason": "import_error", "timestamp": "2026-08-26T08:00:32.726552+00:00"}
{"backend": "queue", "requested": "rabbitmq", "fallback": "redis", "reason": "unavailable_rabbitmq", "timestamp": "2026-08-26T08:00:32.746692+00:00"}
{"backend": "queue", "requested": "redis", "fallback": "sqlite", "reason": "redis_unavailable", "timestamp": "2026-08-26T08:00:32.748015+00:00"}
{"backend": "secret", "requested": "vault", "fallback": "local", "reason": "unavailable_vault", "timestamp": "2026-08-26T08:00:32.790344+00:00"}
{"backend": "queue", "requested": "rabbitmq", "fallback": "redis", "reason": "unavailable_rabbitmq", "timestamp": "2026-08-26T08:00:32.840909+00:00"}
{"backend": "queue", "requested": "redis", "fallback": "sqlite", "reason": "redis_unavailable", "timestamp": "2026-08-26T08:00:32.842278+00:00"}
{"backend": "queue", "requested": "rabbitmq", "fallback": "redis", "reason": "unavailable_rabbitmq", "timestamp": "2026-08-26T08:00:32.883779+00:00"}
{"backend": "queue", "requested": "redis", "fallback": "sqlite", "reason": "redis_unavailable", "timestamp": "2026-08-26T08:00:32.885549+00:00"}
{"backend": "kv", "requested": "etcd", "fallback": "sqlite", "reason": "unavailable_etcd", "timestamp": "2026-08-26T08:00:32.926940+00:00"}
{"backend": "kv", "requested": "consul", "fallback": "sqlite", "reason": "unavailable_etcd", "timestamp": "2026-08-26T08:00:32.944789+00:00"}
{"backend": "kv", "requested": "etcd", "fallback": "sqlite", "reason": "unavailable_etcd", "timestamp": "2026-08-26T08:00:32.962186+00:00"}
{"backend": "license", "requested": "enterprise", "fallback": "personal", "reason": "no_license_module", "timestamp": "2026-08-26T08:00:36.603786+00:00"}
{"backend": "storage", "requested": "postgresql", "fallback": "sqlite", "reason": "import_error", "timestamp": "2026-08-26T08:00:36.873832+00:00"}
{"backend": "storage", "requested": "postgresql", "fallback": "sqlite", "reason": "import_error", "timestamp": "2026-08-26T08:00:36.884112+00:00"}
{"backend": "cache", "requested": "redis", "fallback": "memory", "reason": "import_error", "timestamp": "2026-08-26T08:00:36.885925+00:00"}
{"backend": "queue", "requested": "rabbitmq", "fallback": "sqlite", "reason": "import_error", "timestamp": "2026-08-26T08:00:36.895656+00:00"}
{"backend": "storage", "requested": "postgresql", "fallback": "sqlite", "reason": "import_error", "timestamp": "2026-08-26T08:00:36.906551+00:00"}
{"backend": "license", "requested": "enterprise", "fallback": "personal", "reason": "no_license_module", "timestamp": "2026-08-26T08:00:56.131909+00:00"}
{"backend": "secret", "requested": "vault", "fallback": "local", "reason": "unavailable_vault", "timestamp": "2026-08-26T08:03:08.756183+00:00"}
{"backend": "cache", "requested": "redis", "fallback": "memory", "reason": "import_error", "timestamp": "2026-08-26T08:03:09.430154+00:00"}
{"backend": "queue", "requested": "redis", "fallback": "sqlite", "reason": "import_error", "timestamp": "2026-08-26T08:03:09.448472+00:00"}
{"backend": "kv", "requested": "etcd", "fallback": "sqlite", "reason": "unavailable_etcd", "timestamp": "2026-08-26T08:03:09.537870+00:00"}
{"backend": "cache", "requested": "redis", "fallback": "memory", "reason": "import_error", "timestamp": "2026-08-26T08:03:09.558322+00:00"}
{"backend": "queue", "requested": "redis", "fallback": "sqlite", "reason": "import_error", "timestamp": "2026-08-26T08:03:09.559922+00:00"}
{"backend": "kv", "requested": "etcd", "fallback": "sqlite", "reason": "unavailable_etcd", "timestamp": "2026-08-26T08:03:09.588578+00:00"}
{"backend": "storage", "requested": "postgresql", "fallback": "sqlite", "reason": "import_error", "timestamp": "2026-08-26T08:03:09.838175+00:00"}
{"backend": "cache", "requested": "redis", "fallback": "memory", "reason": "import_error", "timestamp": "2026-08-26T08:03:09.850848+00:00"}
{"backend": "queue", "requested": "rabbitmq", "fallback": "redis", "reason": "unavailable_rabbitmq", "timestamp": "2026-08-26T08:03:09.872042+00:00"}
{"backend": "queue", "requested": "redis", "fallback": "sqlite", "reason": "redis_unavailable", "timestamp": "2026-08-26T08:03:09.873640+00:00"}
{"backend": "secret", "requested": "vault", "fallback": "local", "reason": "unavailable_vault", "timestamp": "2026-08-26T08:03:09.913538+00:00"}
{"backend": "queue", "requested": "rabbitmq", "fallback": "redis", "reason": "unavailable_rabbitmq", "timestamp": "2026-08-26T08:03:10.014052+00:00"}
{"backend": "queue", "requested": "redis", "fallback": "sqlite", "reason": "redis_unavailable", "timestamp": "2026-08-26T08:03:10.015375+00:00"}
{"backend": "queue", "requested": "rabbitmq", "fallback": "redis", "reason": "unavailable_rabbitmq", "timestamp": "2026-08-26T08:03:10.056110+00:00"}
{"backend": "queue", "requested": "redis", "fallback": "sqlite", "reason": "redis_unavailable", "timestamp": "2026-08-26T08:03:10.057644+00:00"}
{"backend": "kv", "requested": "etcd", "fallback": "sqlite", "reason": "unavailable_etcd", "timestamp": "2026-08-26T08:03:10.098873+00:00"}
{"backend": "kv", "requested": "consul", "fallback": "sqlite", "reason": "unavailable_etcd", "timestamp": "2026-08-26T08:03:10.117483+00:00"}
{"backend": "kv", "requested": "etcd", "fallback": "sqlite", "reason": "unavailable_etcd", "timestamp": "2026-08-26T08:03:10.135352+00:00"}
{"backend": "license", "requested": "enterprise", "fallback": "personal", "reason": "no_license_module", "timestamp": "2026-08-26T08:03:13.584292+00:00"}
{"backend": "storage", "requested": "postgresql", "fallback": "sqlite", "reason": "import_error", "timestamp": "2026-08-26T08:03:13.813464+00:00"}
{"backend": "storage", "requested": "postgresql", "fallback": "sqlite", "reason": "import_error", "timestamp": "2026-08-26T08:03:13.819753+00:00"}
{"backend": "cache", "requested": "redis", "fallback": "memory", "reason": "import_error", "timestamp": "2026-08-26T08:03:13.820912+00:00"}
{"backend": "queue", "requested": "rabbitmq", "fallback": "sqlite", "reason": "import_error", "timestamp": "2026-08-26T08:03:13.834151+00:00"}
{"backend": "storage", "requested": "postgresql", "fallback": "sqlite", "reason": "import_error", "timestamp": "2026-08-26T08:03:13.841837+00:00"}
{"backend": "license", "requested": "enterprise", "fallback": "personal", "reason": "no_license_module", "timestamp": "2026-08-26T08:03:34.413706+00:00"}
{"backend": "secret", "requested": "vault", "fallback": "local", "reason": "unavailable_vault", "timestamp": "2026-08-26T08:09:24.143562+00:00"}
{"backend": "cache", "requested": "redis", "fallback": "memory", "reason": "import_error", "timestamp": "2026-08-26T08:09:24.889837+00:00"}
{"backend": "queue", "requested": "redis", "fallback": "sqlite", "reason": "import_error", "timestamp": "2026-08-26T08:09:24.904689+00:00"}
{"backend": "kv", "requested": "etcd", "fallback": "sqlite", "reason": "unavailable_etcd", "timestamp": "2026-08-26T08:09:24.996531+00:00"}
{"backend": "cache", "requested": "redis", "fallback": "memory", "reason": "import_error", "timestamp": "2026-08-26T08:09:25.016954+00:00"}
{"backend": "queue", "requested": "redis", "fallback": "sqlite", "reason": "import_error", "timestamp": "2026-08-26T08:09:25.018626+00:00"}
{"backend": "kv", "requested": "etcd", "fallback": "sqlite", "reason": "unavailable_etcd", "timestamp": "2026-08-26T08:09:25.047596+00:00"}
{"backend": "storage", "requested": "postgresql", "fallback": "sqlite", "reason": "import_error", "timestamp": "2026-08-26T08:09:25.314516+00:00"}
{"backend": "cache", "requested": "redis", "fallback": "memory", "reason": "import_error", "timestamp": "2026-08-26T08:09:25.326066+00:00"}
{"backend": "queue", "requested": "rabbitmq", "fallback": "redis", "reason": "unavailable_rabbitmq", "timestamp": "2026-08-26T08:09:25.345937+00:00"}
{"backend": "queue", "requested": "redis", "fallback": "sqlite", "reason": "redis_unavailable", "timestamp": "2026-08-26T08:09:25.347627+00:00"}
{"backend": "secret", "requested": "vault", "fallback": "local", "reason": "unavailable_vault", "timestamp": "2026-08-26T08:09:25.388365+00:00"}
{"backend": "queue", "requested": "rabbitmq", "fallback": "redis", "reason": "unavailable_rabbitmq", "timestamp": "2026-08-26T08:09:25.434919+00:00"}
{"backend": "queue", "requested": "redis", "fallback": "sqlite", "reason": "redis_unavailable", "timestamp": "2026-08-26T08:09:25.436439+00:00"}
{"backend": "queue", "requested": "rabbitmq", "fallback": "redis", "reason": "unavailable_rabbitmq", "timestamp": "2026-08-26T08:09:25.478717+00:00"}
{"backend": "queue", "requested": "redis", "fallback": "sqlite", "reason": "redis_unavailable", "timestamp": "2026-08-26T08:09:25.480282+00:00"}
{"backend": "kv", "requested": "etcd", "fallback": "sqlite", "reason": "unavailable_etcd", "timestamp": "2026-08-26T08:09:25.525042+00:00"}
{"backend": "kv", "requested": "consul", "fallback": "sqlite", "reason": "unavailable_etcd", "timestamp": "2026-08-26T08:09:25.543569+00:00"}
{"backend": "kv", "requested": "etcd", "fallback": "sqlite", "reason": "unavailable_etcd", "timestamp": "2026-08-26T08:09:25.565566+00:00"}
{"backend": "license", "requested": "enterprise", "fallback": "personal", "reason": "no_license_module", "timestamp": "2026-08-26T08:09:28.870055+00:00"}
{"backend": "storage", "requested": "postgresql", "fallback": "sqlite", "reason": "import_error", "timestamp": "2026-08-26T08:09:29.049594+00:00"}
{"backend": "storage", "requested": "postgresql", "fallback": "sqlite", "reason": "import_error", "timestamp": "2026-08-26T08:09:29.058758+00:00"}
{"backend": "cache", "requested": "redis", "fallback": "memory", "reason": "import_error", "timestamp": "2026-08-26T08:09:29.060199+00:00"}
{"backend": "queue", "requested": "rabbitmq", "fallback": "sqlite", "reason": "import_error", "timestamp": "2026-08-26T08:09:29.068513+00:00"}
{"backend": "storage", "requested": "postgresql", "fallback": "sqlite", "reason": "import_error", "timestamp": "2026-08-26T08:09:29.077450+00:00"}
{"backend": "license", "requested": "enterprise", "fallback": "personal", "reason": "no_license_module", "timestamp": "2026-08-26T08:10:04.249444+00:00"}
{"backend": "secret", "requested": "vault", "fallback": "local", "reason": "unavailable_vault", "timestamp": "2026-08-26T08:17:26.731178+00:00"}
{"backend": "cache", "requested": "redis", "fallback": "memory", "reason": "import_error", "timestamp": "2026-08-26T08:17:27.479973+00:00"}
{"backend": "queue", "requested": "redis", "fallback": "sqlite", "reason": "import_error", "timestamp": "2026-08-26T08:17:27.498807+00:00"}
{"backend": "kv", "requested": "etcd", "fallback": "sqlite", "reason": "unavailable_etcd", "timestamp": "2026-08-26T08:17:27.580839+00:00"}
{"backend": "cache", "requested": "redis", "fallback": "memory", "reason": "import_error", "timestamp": "2026-08-26T08:17:27.601598+00:00"}
{"backend": "queue", "requested": "redis", "fallback": "sqlite", "reason": "import_error", "timestamp": "2026-08-26T08:17:27.603140+00:00"}
{"backend": "kv", "requested": "etcd", "fallback": "sqlite", "reason": "unavailable_etcd", "timestamp": "2026-08-26T08:17:27.632192+00:00"}
{"backend": "storage", "requested": "postgresql", "fallback": "sqlite", "reason": "import_error", "timestamp": "2026-08-26T08:17:27.888712+00:00"}
{"backend": "cache", "requested": "redis", "fallback": "memory", "reason": "import_error", "timestamp": "2026-08-26T08:17:27.901026+00:00"}
{"backend": "queue", "requested": "rabbitmq", "fallback": "redis", "reason": "unavailable_rabbitmq", "timestamp": "2026-08-26T08:17:27.922599+00:00"}
{"backend": "queue", "requested": "redis", "fallback": "sqlite", "reason": "redis_unavailable", "timestamp": "2026-08-26T08:17:27.923789+00:00"}
{"backend": "secret", "requested": "vault", "fallback": "local", "reason": "unavailable_vault", "timestamp": "2026-08-26T08:17:27.964017+00:00"}
{"backend": "queue", "requested": "rabbitmq", "fallback": "redis", "reason": "unavailable_rabbitmq", "timestamp": "2026-08-26T08:17:28.009764+00:00"}
{"backend": "queue", "requested": "redis", "fallback": "sqlite", "reason": "redis_unavailable", "timestamp": "2026-08-26T08:17:28.011569+00:00"}
{"backend": "queue", "requested": "rabbitmq", "fallback": "redis", "reason": "unavailable_rabbitmq", "timestamp": "2026-08-26T08:17:28.054943+00:00"}
{"backend": "queue", "requested": "redis", "fallback": "sqlite", "reason": "redis_unavailable", "timestamp": "2026-08-26T08:17:28.056606+00:00"}
{"backend": "kv", "requested": "etcd", "fallback": "sqlite", "reason": "unavailable_etcd", "timestamp": "2026-08-26T08:17:28.099285+00:00"}
{"backend": "kv", "requested": "consul", "fallback": "sqlite", "reason": "unavailable_etcd", "timestamp": "2026-08-26T08:17:28.116688+00:00"}
{"backend": "kv", "requested": "etcd", "fallback": "sqlite", "reason": "unavailable_etcd", "timestamp": "2026-08-26T08:17:28.134490+00:00"}
{"backend": "license", "requested": "enterprise", "fallback": "personal", "reason": "no_license_module", "timestamp": "2026-08-26T08:17:31.177264+00:00"}
{"backend": "storage", "requested": "postgresql", "fallback": "sqlite", "reason": "import_error", "timestamp": "2026-08-26T08:17:31.322980+00:00"}
{"backend": "storage", "requested": "postgresql", "fallback": "sqlite", "reason": "import_error", "timestamp": "2026-08-26T08:17:31.332098+00:00"}
{"backend": "cache", "requested": "redis", "fallback": "memory", "reason": "import_error", "timestamp": "2026-08-26T08:17:31.333391+00:00"}
{"backend": "queue", "requested": "rabbitmq", "fallback": "sqlite", "reason": "import_error", "timestamp": "2026-08-26T08:17:31.342449+00:00"}
{"backend": "storage", "requested": "postgresql", "fallback": "sqlite", "reason": "import_error", "timestamp": "2026-08-26T08:17:31.351325+00:00"}
{"backend": "license", "requested": "enterprise", "fallback": "personal", "reason": "no_license_module", "timestamp": "2026-08-26T08:17:48.634911+00:00"}
{"backend": "secret", "requested": "vault", "fallback": "local", "reason": "unavailable_vault", "timestamp": "2026-08-26T18:38:58.518117+00:00"}
{"backend": "cache", "requested": "redis", "fallback": "memory", "reason": "import_error", "timestamp": "2026-08-26T18:38:59.520118+00:00"}
{"backend": "queue", "requested": "redis", "fallback": "sqlite", "reason": "import_error", "timestamp": "2026-08-26T18:38:59.544367+00:00"}
{"backend": "kv", "requested": "etcd", "fallback": "sqlite", "reason": "unavailable_etcd", "timestamp": "2026-08-26T18:38:59.649978+00:00"}
{"backend": "cache", "requested": "redis", "fallback": "memory", "reason": "import_error", "timestamp": "2026-08-26T18:38:59.682802+00:00"}
{"backend": "queue", "requested": "redis", "fallback": "sqlite", "reason": "import_error", "timestamp": "2026-08-26T18:38:59.685156+00:00"}
{"backend": "kv", "requested": "etcd", "fallback": "sqlite", "reason": "unavailable_etcd", "timestamp": "2026-08-26T18:38:59.720112+00:00"}
{"backend": "storage", "requested": "postgresql", "fallback": "sqlite", "reason": "import_error", "timestamp": "2026-08-26T18:38:59.956739+00:00"}
{"backend": "cache", "requested": "redis", "fallback": "memory", "reason": "import_error", "timestamp": "2026-08-26T18:38:59.976489+00:00"}
{"backend": "queue", "requested": "rabbitmq", "fallback": "redis", "reason": "unavailable_rabbitmq", "timestamp": "2026-08-26T18:39:00.004593+00:00"}
{"backend": "queue", "requested": "redis", "fallback": "sqlite", "reason": "redis_unavailable", "timestamp": "2026-08-26T18:39:00.006953+00:00"}
{"backend": "secret", "requested": "vault", "fallback": "local", "reason": "unavailable_vault", "timestamp": "2026-08-26T18:39:00.064333+00:00"}
{"backend": "queue", "requested": "rabbitmq", "fallback": "redis", "reason": "unavailable_rabbitmq", "timestamp": "2026-08-26T18:39:00.128584+00:00"}
{"backend": "queue", "requested": "redis", "fallback": "sqlite", "reason": "redis_unavailable", "timestamp": "2026-08-26T18:39:00.131104+00:00"}
{"backend": "queue", "requested": "rabbitmq", "fallback": "redis", "reason": "unavailable_rabbitmq", "timestamp": "2026-08-26T18:39:00.197383+00:00"}
{"backend": "queue", "requested": "redis", "fallback": "sqlite", "reason": "redis_unavailable", "timestamp": "2026-08-26T18:39:00.199552+00:00"}
{"backend": "kv", "requested": "etcd", "fallback": "sqlite", "reason": "unavailable_etcd", "timestamp": "2026-08-26T18:39:00.267904+00:00"}
{"backend": "kv", "requested": "consul", "fallback": "sqlite", "reason": "unavailable_etcd", "timestamp": "2026-08-26T18:39:00.292376+00:00"}
{"backend": "kv", "requested": "etcd", "fallback": "sqlite", "reason": "unavailable_etcd", "timestamp": "2026-08-26T18:39:00.318310+00:00"}
{"backend": "license", "requested": "enterprise", "fallback": "personal", "reason": "no_license_module", "timestamp": "2026-08-26T18:39:04.526390+00:00"}
{"backend": "storage", "requested": "postgresql", "fallback": "sqlite", "reason": "import_error", "timestamp": "2026-08-26T18:39:04.814246+00:00"}
{"backend": "storage", "requested": "postgresql", "fallback": "sqlite", "reason": "import_error", "timestamp": "2026-08-26T18:39:04.825029+00:00"}
{"backend": "cache", "requested": "redis", "fallback": "memory", "reason": "import_error", "timestamp": "2026-08-26T18:39:04.826936+00:00"}
{"backend": "queue", "requested": "rabbitmq", "fallback": "sqlite", "reason": "import_error", "timestamp": "2026-08-26T18:39:04.838006+00:00"}
{"backend": "storage", "requested": "postgresql", "fallback": "sqlite", "reason": "import_error", "timestamp": "2026-08-26T18:39:04.848444+00:00"}
{"backend": "license", "requested": "enterprise", "fallback": "personal", "reason": "no_license_module", "timestamp": "2026-08-26T18:39:26.337474+00:00"}
{"backend": "license", "requested": "enterprise", "fallback": "personal", "reason": "no_license_module", "timestamp": "2026-08-26T18:58:01.697820+00:00"}
{"backend": "license", "requested": "enterprise", "fallback": "personal", "reason": "no_license_module", "timestamp": "2026-08-26T18:58:01.718097+00:00"}
{"backend": "license", "requested": "enterprise", "fallback": "personal", "reason": "no_license_module", "timestamp": "2026-08-26T18:58:01.736737+00:00"}
{"backend": "license", "requested": "enterprise", "fallback": "personal", "reason": "no_license_module", "timestamp": "2026-08-26T19:00:03.841410+00:00"}
{"backend": "license", "requested": "enterprise", "fallback": "personal", "reason": "no_license_module", "timestamp": "2026-08-26T19:00:03.851383+00:00"}
{"backend": "secret", "requested": "vault", "fallback": "local", "reason": "unavailable_vault", "timestamp": "2026-08-26T19:01:45.700408+00:00"}
{"backend": "cache", "requested": "redis", "fallback": "memory", "reason": "import_error", "timestamp": "2026-08-26T19:01:46.655082+00:00"}
{"backend": "queue", "requested": "redis", "fallback": "sqlite", "reason": "import_error", "timestamp": "2026-08-26T19:01:46.675194+00:00"}
{"backend": "kv", "requested": "etcd", "fallback": "sqlite", "reason": "unavailable_etcd", "timestamp": "2026-08-26T19:01:46.778582+00:00"}
{"backend": "cache", "requested": "redis", "fallback": "memory", "reason": "import_error", "timestamp": "2026-08-26T19:01:46.811031+00:00"}
{"backend": "queue", "requested": "redis", "fallback": "sqlite", "reason": "import_error", "timestamp": "2026-08-26T19:01:46.814390+00:00"}
{"backend": "kv", "requested": "etcd", "fallback": "sqlite", "reason": "unavailable_etcd", "timestamp": "2026-08-26T19:01:46.850939+00:00"}
{"backend": "storage", "requested": "postgresql", "fallback": "sqlite", "reason": "import_error", "timestamp": "2026-08-26T19:01:47.032784+00:00"}
{"backend": "cache", "requested": "redis", "fallback": "memory", "reason": "import_error", "timestamp": "2026-08-26T19:01:47.054902+00:00"}
{"backend": "queue", "requested": "rabbitmq", "fallback": "redis", "reason": "unavailable_rabbitmq", "timestamp": "2026-08-26T19:01:47.083272+00:00"}
{"backend": "queue", "requested": "redis", "fallback": "sqlite", "reason": "redis_unavailable", "timestamp": "2026-08-26T19:01:47.085784+00:00"}
{"backend": "secret", "requested": "vault", "fallback": "local", "reason": "unavailable_vault", "timestamp": "2026-08-26T19:01:47.137586+00:00"}
{"backend": "queue", "requested": "rabbitmq", "fallback": "redis", "reason": "unavailable_rabbitmq", "timestamp": "2026-08-26T19:01:47.196054+00:00"}
{"backend": "queue", "requested": "redis", "fallback": "sqlite", "reason": "redis_unavailable", "timestamp": "2026-08-26T19:01:47.197953+00:00"}
{"backend": "queue", "requested": "rabbitmq", "fallback": "redis", "reason": "unavailable_rabbitmq", "timestamp": "2026-08-26T19:01:47.245582+00:00"}
{"backend": "queue", "requested": "redis", "fallback": "sqlite", "reason": "redis_unavailable", "timestamp": "2026-08-26T19:01:47.247865+00:00"}
{"backend": "kv", "requested": "etcd", "fallback": "sqlite", "reason": "unavailable_etcd", "timestamp": "2026-08-26T19:01:47.294379+00:00"}
{"backend": "kv", "requested": "consul", "fallback": "sqlite", "reason": "unavailable_etcd", "timestamp": "2026-08-26T19:01:47.315430+00:00"}
{"backend": "kv", "requested": "etcd", "fallback": "sqlite", "reason": "unavailable_etcd", "timestamp": "2026-08-26T19:01:47.337697+00:00"}
{"backend": "license", "requested": "enterprise", "fallback": "personal", "reason": "no_license_module", "timestamp": "2026-08-26T19:01:51.441267+00:00"}
{"backend": "storage", "requested": "postgresql", "fallback": "sqlite", "reason": "import_error", "timestamp": "2026-08-26T19:01:51.632382+00:00"}
{"backend": "storage", "requested": "postgresql", "fallback": "sqlite", "reason": "import_error", "timestamp": "2026-08-26T19:01:51.644316+00:00"}
{"backend": "cache", "requested": "redis", "fallback": "memory", "reason": "import_error", "timestamp": "2026-08-26T19:01:51.646212+00:00"}
{"backend": "queue", "requested": "rabbitmq", "fallback": "sqlite", "reason": "import_error", "timestamp": "2026-08-26T19:01:51.656228+00:00"}
{"backend": "storage", "requested": "postgresql", "fallback": "sqlite", "reason": "import_error", "timestamp": "2026-08-26T19:01:51.666014+00:00"}
{"backend": "license", "requested": "enterprise", "fallback": "personal", "reason": "no_license_module", "timestamp": "2026-08-26T19:01:51.963946+00:00"}
{"backend": "license", "requested": "enterprise", "fallback": "personal", "reason": "no_license_module", "timestamp": "2026-08-26T19:01:51.991623+00:00"}
{"backend": "license", "requested": "enterprise", "fallback": "personal", "reason": "no_license_module", "timestamp": "2026-08-26T19:01:52.017212+00:00"}
{"backend": "license", "requested": "enterprise", "fallback": "personal", "reason": "no_license_module", "timestamp": "2026-08-26T19:02:30.501176+00:00"}
{"backend": "secret", "requested": "vault", "fallback": "local", "reason": "unavailable_vault", "timestamp": "2026-08-26T19:10:37.060532+00:00"}
{"backend": "cache", "requested": "redis", "fallback": "memory", "reason": "import_error", "timestamp": "2026-08-26T19:10:38.569663+00:00"}
{"backend": "queue", "requested": "redis", "fallback": "sqlite", "reason": "import_error", "timestamp": "2026-08-26T19:10:38.608811+00:00"}
{"backend": "kv", "requested": "etcd", "fallback": "sqlite", "reason": "unavailable_etcd", "timestamp": "2026-08-26T19:10:38.777726+00:00"}
{"backend": "cache", "requested": "redis", "fallback": "memory", "reason": "import_error", "timestamp": "2026-08-26T19:10:38.823139+00:00"}
{"backend": "queue", "requested": "redis", "fallback": "sqlite", "reason": "import_error", "timestamp": "2026-08-26T19:10:38.829279+00:00"}
{"backend": "kv", "requested": "etcd", "fallback": "sqlite", "reason": "unavailable_etcd", "timestamp": "2026-08-26T19:10:38.867102+00:00"}
{"backend": "storage", "requested": "postgresql", "fallback": "sqlite", "reason": "import_error", "timestamp": "2026-08-26T19:10:38.933342+00:00"}
{"backend": "cache", "requested": "redis", "fallback": "memory", "reason": "import_error", "timestamp": "2026-08-26T19:10:38.959137+00:00"}
{"backend": "queue", "requested": "rabbitmq", "fallback": "redis", "reason": "unavailable_rabbitmq", "timestamp": "2026-08-26T19:10:39.001454+00:00"}
{"backend": "queue", "requested": "redis", "fallback": "sqlite", "reason": "redis_unavailable", "timestamp": "2026-08-26T19:10:39.004577+00:00"}
{"backend": "secret", "requested": "vault", "fallback": "local", "reason": "unavailable_vault", "timestamp": "2026-08-26T19:10:39.072967+00:00"}
{"backend": "queue", "requested": "rabbitmq", "fallback": "redis", "reason": "unavailable_rabbitmq", "timestamp": "2026-08-26T19:10:39.166476+00:00"}
{"backend": "queue", "requested": "redis", "fallback": "sqlite", "reason": "redis_unavailable", "timestamp": "2026-08-26T19:10:39.169491+00:00"}
{"backend": "queue", "requested": "rabbitmq", "fallback": "redis", "reason": "unavailable_rabbitmq", "timestamp": "2026-08-26T19:10:39.652578+00:00"}
{"backend": "queue", "requested": "redis", "fallback": "sqlite", "reason": "redis_unavailable", "timestamp": "2026-08-26T19:10:39.656682+00:00"}
{"backend": "kv", "requested": "etcd", "fallback": "sqlite", "reason": "unavailable_etcd", "timestamp": "2026-08-26T19:10:39.719905+00:00"}
{"backend": "kv", "requested": "consul", "fallback": "sqlite", "reason": "unavailable_etcd", "timestamp": "2026-08-26T19:10:39.760376+00:00"}
{"backend": "kv", "requested": "etcd", "fallback": "sqlite", "reason": "unavailable_etcd", "timestamp": "2026-08-26T19:10:39.797743+00:00"}
{"backend": "license", "requested": "enterprise", "fallback": "personal", "reason": "no_license_module", "timestamp": "2026-08-26T19:10:45.322981+00:00"}
{"backend": "storage", "requested": "postgresql", "fallback": "sqlite", "reason": "import_error", "timestamp": "2026-08-26T19:10:45.580039+00:00"}
{"backend": "storage", "requested": "postgresql", "fallback": "sqlite", "reason": "import_error", "timestamp": "2026-08-26T19:10:45.594907+00:00"}
{"backend": "cache", "requested": "redis", "fallback": "memory", "reason": "import_error", "timestamp": "2026-08-26T19:10:45.597584+00:00"}
{"backend": "queue", "requested": "rabbitmq", "fallback": "sqlite", "reason": "import_error", "timestamp": "2026-08-26T19:10:45.611537+00:00"}
{"backend": "storage", "requested": "postgresql", "fallback": "sqlite", "reason": "import_error", "timestamp": "2026-08-26T19:10:45.629358+00:00"}
{"backend": "license", "requested": "enterprise", "fallback": "personal", "reason": "no_license_module", "timestamp": "2026-08-26T19:10:46.234254+00:00"}
{"backend": "license", "requested": "enterprise", "fallback": "personal", "reason": "no_license_module", "timestamp": "2026-08-26T19:10:46.281148+00:00"}
{"backend": "license", "requested": "enterprise", "fallback": "personal", "reason": "no_license_module", "timestamp": "2026-08-26T19:10:46.329160+00:00"}
{"backend": "license", "requested": "enterprise", "fallback": "personal", "reason": "no_license_module", "timestamp": "2026-08-26T19:11:05.645259+00:00"}
{"backend": "secret", "requested": "vault", "fallback": "local", "reason": "unavailable_vault", "timestamp": "2026-08-26T19:19:36.620648+00:00"}
{"backend": "cache", "requested": "redis", "fallback": "memory", "reason": "import_error", "timestamp": "2026-08-26T19:19:37.549240+00:00"}
{"backend": "queue", "requested": "redis", "fallback": "sqlite", "reason": "import_error", "timestamp": "2026-08-26T19:19:37.570395+00:00"}
{"backend": "kv", "requested": "etcd", "fallback": "sqlite", "reason": "unavailable_etcd", "timestamp": "2026-08-26T19:19:37.679075+00:00"}
{"backend": "cache", "requested": "redis", "fallback": "memory", "reason": "import_error", "timestamp": "2026-08-26T19:19:37.716542+00:00"}
{"backend": "queue", "requested": "redis", "fallback": "sqlite", "reason": "import_error", "timestamp": "2026-08-26T19:19:37.719439+00:00"}
{"backend": "kv", "requested": "etcd", "fallback": "sqlite", "reason": "unavailable_etcd", "timestamp": "2026-08-26T19:19:37.755791+00:00"}
{"backend": "storage", "requested": "postgresql", "fallback": "sqlite", "reason": "import_error", "timestamp": "2026-08-26T19:19:37.922374+00:00"}
{"backend": "cache", "requested": "redis", "fallback": "memory", "reason": "import_error", "timestamp": "2026-08-26T19:19:37.947477+00:00"}
{"backend": "queue", "requested": "rabbitmq", "fallback": "redis", "reason": "unavailable_rabbitmq", "timestamp": "2026-08-26T19:19:37.988078+00:00"}
{"backend": "queue", "requested": "redis", "fallback": "sqlite", "reason": "redis_unavailable", "timestamp": "2026-08-26T19:19:37.990716+00:00"}
{"backend": "secret", "requested": "vault", "fallback": "local", "reason": "unavailable_vault", "timestamp": "2026-08-26T19:19:38.049685+00:00"}
{"backend": "queue", "requested": "rabbitmq", "fallback": "redis", "reason": "unavailable_rabbitmq", "timestamp": "2026-08-26T19:19:38.116158+00:00"}
{"backend": "queue", "requested": "redis", "fallback": "sqlite", "reason": "redis_unavailable", "timestamp": "2026-08-26T19:19:38.118223+00:00"}
{"backend": "queue", "requested": "rabbitmq", "fallback": "redis", "reason": "unavailable_rabbitmq", "timestamp": "2026-08-26T19:19:38.193976+00:00"}
{"backend": "queue", "requested": "redis", "fallback": "sqlite", "reason": "redis_unavailable", "timestamp": "2026-08-26T19:19:38.196078+00:00"}
{"backend": "kv", "requested": "etcd", "fallback": "sqlite", "reason": "unavailable_etcd", "timestamp": "2026-08-26T19:19:38.247976+00:00"}
{"backend": "kv", "requested": "consul", "fallback": "sqlite", "reason": "unavailable_etcd", "timestamp": "2026-08-26T19:19:38.272939+00:00"}
{"backend": "kv", "requested": "etcd", "fallback": "sqlite", "reason": "unavailable_etcd", "timestamp": "2026-08-26T19:19:38.297291+00:00"}
{"backend": "license", "requested": "enterprise", "fallback": "personal", "reason": "no_license_module", "timestamp": "2026-08-26T19:19:42.356355+00:00"}
{"backend": "storage", "requested": "postgresql", "fallback": "sqlite", "reason": "import_error", "timestamp": "2026-08-26T19:19:42.542754+00:00"}
{"backend": "storage", "requested": "postgresql", "fallback": "sqlite", "reason": "import_error", "timestamp": "2026-08-26T19:19:42.554070+00:00"}
{"backend": "cache", "requested": "redis", "fallback": "memory", "reason": "import_error", "timestamp": "2026-08-26T19:19:42.556180+00:00"}
{"backend": "queue", "requested": "rabbitmq", "fallback": "sqlite", "reason": "import_error", "timestamp": "2026-08-26T19:19:42.568603+00:00"}
{"backend": "storage", "requested": "postgresql", "fallback": "sqlite", "reason": "import_error", "timestamp": "2026-08-26T19:19:42.581315+00:00"}
{"backend": "license", "requested": "enterprise", "fallback": "personal", "reason": "no_license_module", "timestamp": "2026-08-26T19:19:42.972556+00:00"}
{"backend": "license", "requested": "enterprise", "fallback": "personal", "reason": "no_license_module", "timestamp": "2026-08-26T19:19:43.004096+00:00"}
{"backend": "license", "requested": "enterprise", "fallback": "personal", "reason": "no_license_module", "timestamp": "2026-08-26T19:19:43.133370+00:00"}
{"backend": "license", "requested": "enterprise", "fallback": "personal", "reason": "no_license_module", "timestamp": "2026-08-26T19:20:01.547695+00:00"}
{"backend": "secret", "requested": "vault", "fallback": "local", "reason": "unavailable_vault", "timestamp": "2026-08-26T19:26:06.986367+00:00"}
{"backend": "cache", "requested": "redis", "fallback": "memory", "reason": "import_error", "timestamp": "2026-08-26T19:26:08.108293+00:00"}
{"backend": "queue", "requested": "redis", "fallback": "sqlite", "reason": "import_error", "timestamp": "2026-08-26T19:26:08.131482+00:00"}
{"backend": "kv", "requested": "etcd", "fallback": "sqlite", "reason": "unavailable_etcd", "timestamp": "2026-08-26T19:26:08.236250+00:00"}
{"backend": "cache", "requested": "redis", "fallback": "memory", "reason": "import_error", "timestamp": "2026-08-26T19:26:08.267783+00:00"}
{"backend": "queue", "requested": "redis", "fallback": "sqlite", "reason": "import_error", "timestamp": "2026-08-26T19:26:08.269613+00:00"}
{"backend": "kv", "requested": "etcd", "fallback": "sqlite", "reason": "unavailable_etcd", "timestamp": "2026-08-26T19:26:08.303805+00:00"}
{"backend": "storage", "requested": "postgresql", "fallback": "sqlite", "reason": "import_error", "timestamp": "2026-08-26T19:26:08.441243+00:00"}
{"backend": "cache", "requested": "redis", "fallback": "memory", "reason": "import_error", "timestamp": "2026-08-26T19:26:08.458542+00:00"}
{"backend": "queue", "requested": "rabbitmq", "fallback": "redis", "reason": "unavailable_rabbitmq", "timestamp": "2026-08-26T19:26:08.491495+00:00"}
{"backend": "queue", "requested": "redis", "fallback": "sqlite", "reason": "redis_unavailable", "timestamp": "2026-08-26T19:26:08.493476+00:00"}
{"backend": "secret", "requested": "vault", "fallback": "local", "reason": "unavailable_vault", "timestamp": "2026-08-26T19:26:08.550311+00:00"}
{"backend": "queue", "requested": "rabbitmq", "fallback": "redis", "reason": "unavailable_rabbitmq", "timestamp": "2026-08-26T19:26:08.621906+00:00"}
{"backend": "queue", "requested": "redis", "fallback": "sqlite", "reason": "redis_unavailable", "timestamp": "2026-08-26T19:26:08.624948+00:00"}
{"backend": "queue", "requested": "rabbitmq", "fallback": "redis", "reason": "unavailable_rabbitmq", "timestamp": "2026-08-26T19:26:08.683361+00:00"}
{"backend": "queue", "requested": "redis", "fallback": "sqlite", "reason": "redis_unavailable", "timestamp": "2026-08-26T19:26:08.685407+00:00"}
{"backend": "kv", "requested": "etcd", "fallback": "sqlite", "reason": "unavailable_etcd", "timestamp": "2026-08-26T19:26:08.735321+00:00"}
{"backend": "kv", "requested": "consul", "fallback": "sqlite", "reason": "unavailable_etcd", "timestamp": "2026-08-26T19:26:08.759361+00:00"}
{"backend": "kv", "requested": "etcd", "fallback": "sqlite", "reason": "unavailable_etcd", "timestamp": "2026-08-26T19:26:08.781454+00:00"}
{"backend": "license", "requested": "enterprise", "fallback": "personal", "reason": "no_license_module", "timestamp": "2026-08-26T19:26:12.867877+00:00"}
{"backend": "storage", "requested": "postgresql", "fallback": "sqlite", "reason": "import_error", "timestamp": "2026-08-26T19:26:13.062364+00:00"}
{"backend": "storage", "requested": "postgresql", "fallback": "sqlite", "reason": "import_error", "timestamp": "2026-08-26T19:26:13.071445+00:00"}
{"backend": "cache", "requested": "redis", "fallback": "memory", "reason": "import_error", "timestamp": "2026-08-26T19:26:13.073041+00:00"}
{"backend": "queue", "requested": "rabbitmq", "fallback": "sqlite", "reason": "import_error", "timestamp": "2026-08-26T19:26:13.085576+00:00"}
{"backend": "storage", "requested": "postgresql", "fallback": "sqlite", "reason": "import_error", "timestamp": "2026-08-26T19:26:13.114128+00:00"}
{"backend": "license", "requested": "enterprise", "fallback": "personal", "reason": "no_license_module", "timestamp": "2026-08-26T19:26:13.717195+00:00"}
{"backend": "license", "requested": "enterprise", "fallback": "personal", "reason": "no_license_module", "timestamp": "2026-08-26T19:26:13.747558+00:00"}
{"backend": "license", "requested": "enterprise", "fallback": "personal", "reason": "no_license_module", "timestamp": "2026-08-26T19:26:13.910786+00:00"}
{"backend": "license", "requested": "enterprise", "fallback": "personal", "reason": "no_license_module", "timestamp": "2026-08-26T19:26:35.539354+00:00"}
{"backend": "secret", "requested": "vault", "fallback": "local", "reason": "unavailable_vault", "timestamp": "2026-08-26T19:32:32.014987+00:00"}
{"backend": "cache", "requested": "redis", "fallback": "memory", "reason": "import_error", "timestamp": "2026-08-26T19:32:33.360475+00:00"}
{"backend": "queue", "requested": "redis", "fallback": "sqlite", "reason": "import_error", "timestamp": "2026-08-26T19:32:33.379684+00:00"}
{"backend": "storage", "requested": "postgresql", "fallback": "sqlite", "reason": "import_error", "timestamp": "2026-08-26T19:32:33.689222+00:00"}
{"backend": "kv", "requested": "etcd", "fallback": "sqlite", "reason": "unavailable_etcd", "timestamp": "2026-08-26T19:32:33.690360+00:00"}
{"backend": "cache", "requested": "redis", "fallback": "memory", "reason": "import_error", "timestamp": "2026-08-26T19:32:33.707055+00:00"}
{"backend": "cache", "requested": "redis", "fallback": "memory", "reason": "import_error", "timestamp": "2026-08-26T19:32:33.721084+00:00"}
{"backend": "queue", "requested": "redis", "fallback": "sqlite", "reason": "import_error", "timestamp": "2026-08-26T19:32:33.723078+00:00"}
{"backend": "queue", "requested": "rabbitmq", "fallback": "redis", "reason": "unavailable_rabbitmq", "timestamp": "2026-08-26T19:32:33.738009+00:00"}
{"backend": "queue", "requested": "redis", "fallback": "sqlite", "reason": "redis_unavailable", "timestamp": "2026-08-26T19:32:33.740396+00:00"}
{"backend": "kv", "requested": "etcd", "fallback": "sqlite", "reason": "unavailable_etcd", "timestamp": "2026-08-26T19:32:33.760423+00:00"}
{"backend": "secret", "requested": "vault", "fallback": "local", "reason": "unavailable_vault", "timestamp": "2026-08-26T19:32:33.798088+00:00"}
{"backend": "queue", "requested": "rabbitmq", "fallback": "redis", "reason": "unavailable_rabbitmq", "timestamp": "2026-08-26T19:32:33.862630+00:00"}
{"backend": "queue", "requested": "redis", "fallback": "sqlite", "reason": "redis_unavailable", "timestamp": "2026-08-26T19:32:33.864838+00:00"}
{"backend": "queue", "requested": "rabbitmq", "fallback": "redis", "reason": "unavailable_rabbitmq", "timestamp": "2026-08-26T19:32:33.920184+00:00"}
{"backend": "queue", "requested": "redis", "fallback": "sqlite", "reason": "redis_unavailable", "timestamp": "2026-08-26T19:32:33.922654+00:00"}
{"backend": "kv", "requested": "etcd", "fallback": "sqlite", "reason": "unavailable_etcd", "timestamp": "2026-08-26T19:32:33.978342+00:00"}
{"backend": "kv", "requested": "consul", "fallback": "sqlite", "reason": "unavailable_etcd", "timestamp": "2026-08-26T19:32:34.005540+00:00"}
{"backend": "kv", "requested": "etcd", "fallback": "sqlite", "reason": "unavailable_etcd", "timestamp": "2026-08-26T19:32:34.029385+00:00"}
{"backend": "license", "requested": "enterprise", "fallback": "personal", "reason": "no_license_module", "timestamp": "2026-08-26T19:32:38.606808+00:00"}
{"backend": "storage", "requested": "postgresql", "fallback": "sqlite", "reason": "import_error", "timestamp": "2026-08-26T19:32:38.810340+00:00"}
{"backend": "storage", "requested": "postgresql", "fallback": "sqlite", "reason": "import_error", "timestamp": "2026-08-26T19:32:38.867128+00:00"}
{"backend": "cache", "requested": "redis", "fallback": "memory", "reason": "import_error", "timestamp": "2026-08-26T19:32:38.871726+00:00"}
{"backend": "queue", "requested": "rabbitmq", "fallback": "sqlite", "reason": "import_error", "timestamp": "2026-08-26T19:32:38.886622+00:00"}
{"backend": "storage", "requested": "postgresql", "fallback": "sqlite", "reason": "import_error", "timestamp": "2026-08-26T19:32:38.940803+00:00"}
{"backend": "license", "requested": "enterprise", "fallback": "personal", "reason": "no_license_module", "timestamp": "2026-08-26T19:32:39.281539+00:00"}
{"backend": "license", "requested": "enterprise", "fallback": "personal", "reason": "no_license_module", "timestamp": "2026-08-26T19:32:39.316852+00:00"}
{"backend": "license", "requested": "enterprise", "fallback": "personal", "reason": "no_license_module", "timestamp": "2026-08-26T19:32:39.347324+00:00"}
{"backend": "license", "requested": "enterprise", "fallback": "personal", "reason": "no_license_module", "timestamp": "2026-08-26T19:32:57.731565+00:00"}
{"backend": "license", "requested": "enterprise", "fallback": "personal", "reason": "no_license_key", "timestamp": "2026-08-26T21:52:49.289336+00:00"}
{"backend": "license", "requested": "enterprise", "fallback": "personal", "reason": "no_license_key", "timestamp": "2026-08-26T21:52:49.289330+00:00"}
{"backend": "license", "requested": "enterprise", "fallback": "personal", "reason": "no_license_key", "timestamp": "2026-08-26T21:52:49.289403+00:00"}
{"backend": "license", "requested": "enterprise", "fallback": "personal", "reason": "no_license_key", "timestamp": "2026-08-26T21:52:49.289422+00:00"}
{"backend": "license", "requested": "enterprise", "fallback": "personal", "reason": "no_license_key", "timestamp": "2026-08-26T21:52:49.289472+00:00"}
{"backend": "license", "requested": "enterprise", "fallback": "personal", "reason": "no_license_key", "timestamp": "2026-08-26T21:52:49.289471+00:00"}
{"backend": "license", "requested": "enterprise", "fallback": "personal", "reason": "no_license_key", "timestamp": "2026-08-26T21:52:49.290328+00:00"}
{"backend": "license", "requested": "enterprise", "fallback": "personal", "reason": "no_license_key", "timestamp": "2026-08-26T21:52:49.289466+00:00"}
{"backend": "license", "requested": "enterprise", "fallback": "personal", "reason": "no_license_key", "timestamp": "2026-08-26T21:52:49.289505+00:00"}
{"backend": "license", "requested": "enterprise", "fallback": "personal", "reason": "no_license_key", "timestamp": "2026-08-26T21:52:49.294510+00:00"}
{"backend": "license", "requested": "enterprise", "fallback": "personal", "reason": "no_license_key", "timestamp": "2026-08-26T21:52:49.297154+00:00"}
{"backend": "license", "requested": "enterprise", "fallback": "personal", "reason": "no_license_key", "timestamp": "2026-08-26T21:52:49.298425+00:00"}
{"backend": "license", "requested": "enterprise", "fallback": "personal", "reason": "no_license_key", "timestamp": "2026-08-26T21:52:49.301062+00:00"}
{"backend": "license", "requested": "enterprise", "fallback": "personal", "reason": "no_license_module", "timestamp": "2026-08-27T06:07:55.481460+00:00"}
{"backend": "license", "requested": "enterprise", "fallback": "personal", "reason": "no_license_module", "timestamp": "2026-08-27T06:07:55.489367+00:00"}
{"backend": "license", "requested": "enterprise", "fallback": "personal", "reason": "no_license_module", "timestamp": "2026-08-27T06:07:55.504178+00:00"}
{"backend": "license", "requested": "enterprise", "fallback": "personal", "reason": "no_license_key", "timestamp": "2026-08-27T15:41:18.911131+00:00"}
{"backend": "secret", "requested": "vault", "fallback": "local", "reason": "unavailable_vault", "timestamp": "2026-09-05T16:58:21.900550+00:00"}
{"backend": "cache", "requested": "redis", "fallback": "memory", "reason": "import_error", "timestamp": "2026-09-05T16:58:22.557581+00:00"}
{"backend": "queue", "requested": "redis", "fallback": "sqlite", "reason": "import_error", "timestamp": "2026-09-05T16:58:22.573678+00:00"}
{"backend": "kv", "requested": "etcd", "fallback": "sqlite", "reason": "unavailable_etcd", "timestamp": "2026-09-05T16:58:22.665846+00:00"}
{"backend": "cache", "requested": "redis", "fallback": "memory", "reason": "import_error", "timestamp": "2026-09-05T16:58:22.689229+00:00"}
{"backend": "queue", "requested": "redis", "fallback": "sqlite", "reason": "import_error", "timestamp": "2026-09-05T16:58:22.691576+00:00"}
{"backend": "kv", "requested": "etcd", "fallback": "sqlite", "reason": "unavailable_etcd", "timestamp": "2026-09-05T16:58:22.721630+00:00"}
{"backend": "storage", "requested": "postgresql", "fallback": "sqlite", "reason": "import_error", "timestamp": "2026-09-05T16:58:23.225780+00:00"}
{"backend": "cache", "requested": "redis", "fallback": "memory", "reason": "import_error", "timestamp": "2026-09-05T16:58:23.241969+00:00"}
{"backend": "queue", "requested": "rabbitmq", "fallback": "redis", "reason": "unavailable_rabbitmq", "timestamp": "2026-09-05T16:58:23.284007+00:00"}
{"backend": "queue", "requested": "redis", "fallback": "sqlite", "reason": "redis_unavailable", "timestamp": "2026-09-05T16:58:23.286427+00:00"}
{"backend": "secret", "requested": "vault", "fallback": "local", "reason": "unavailable_vault", "timestamp": "2026-09-05T16:58:23.340616+00:00"}
{"backend": "queue", "requested": "rabbitmq", "fallback": "redis", "reason": "unavailable_rabbitmq", "timestamp": "2026-09-05T16:58:23.392226+00:00"}
{"backend": "queue", "requested": "redis", "fallback": "sqlite", "reason": "redis_unavailable", "timestamp": "2026-09-05T16:58:23.394221+00:00"}
{"backend": "queue", "requested": "rabbitmq", "fallback": "redis", "reason": "unavailable_rabbitmq", "timestamp": "2026-09-05T16:58:23.441992+00:00"}
{"backend": "queue", "requested": "redis", "fallback": "sqlite", "reason": "redis_unavailable", "timestamp": "2026-09-05T16:58:23.444849+00:00"}
{"backend": "kv", "requested": "etcd", "fallback": "sqlite", "reason": "unavailable_etcd", "timestamp": "2026-09-05T16:58:23.511310+00:00"}
{"backend": "kv", "requested": "consul", "fallback": "sqlite", "reason": "unavailable_etcd", "timestamp": "2026-09-05T16:58:23.535224+00:00"}
{"backend": "kv", "requested": "etcd", "fallback": "sqlite", "reason": "unavailable_etcd", "timestamp": "2026-09-05T16:58:23.561624+00:00"}
{"backend": "license", "requested": "enterprise", "fallback": "personal", "reason": "no_license_module", "timestamp": "2026-09-05T16:58:26.955900+00:00"}
{"backend": "license", "requested": "enterprise", "fallback": "personal", "reason": "no_license_module", "timestamp": "2026-09-05T16:58:26.978898+00:00"}
{"backend": "storage", "requested": "postgresql", "fallback": "sqlite", "reason": "import_error", "timestamp": "2026-09-05T16:58:27.106147+00:00"}
{"backend": "storage", "requested": "postgresql", "fallback": "sqlite", "reason": "import_error", "timestamp": "2026-09-05T16:58:27.114292+00:00"}
{"backend": "cache", "requested": "redis", "fallback": "memory", "reason": "import_error", "timestamp": "2026-09-05T16:58:27.116157+00:00"}
{"backend": "queue", "requested": "rabbitmq", "fallback": "sqlite", "reason": "import_error", "timestamp": "2026-09-05T16:58:27.124943+00:00"}
{"backend": "storage", "requested": "postgresql", "fallback": "sqlite", "reason": "import_error", "timestamp": "2026-09-05T16:58:27.133957+00:00"}
{"backend": "license", "requested": "enterprise", "fallback": "personal", "reason": "no_license_module", "timestamp": "2026-09-05T16:58:27.344921+00:00"}
{"backend": "license", "requested": "enterprise", "fallback": "personal", "reason": "no_license_module", "timestamp": "2026-09-05T16:58:27.365872+00:00"}
{"backend": "license", "requested": "enterprise", "fallback": "personal", "reason": "no_license_module", "timestamp": "2026-09-05T16:58:27.388085+00:00"}
{"backend": "secret", "requested": "vault", "fallback": "local", "reason": "unavailable_vault", "timestamp": "2026-09-05T17:08:10.999680+00:00"}
{"backend": "cache", "requested": "redis", "fallback": "memory", "reason": "import_error", "timestamp": "2026-09-05T17:08:12.421425+00:00"}
{"backend": "queue", "requested": "redis", "fallback": "sqlite", "reason": "import_error", "timestamp": "2026-09-05T17:08:12.449613+00:00"}
{"backend": "kv", "requested": "etcd", "fallback": "sqlite", "reason": "unavailable_etcd", "timestamp": "2026-09-05T17:08:12.598442+00:00"}
{"backend": "cache", "requested": "redis", "fallback": "memory", "reason": "import_error", "timestamp": "2026-09-05T17:08:12.634106+00:00"}
{"backend": "queue", "requested": "redis", "fallback": "sqlite", "reason": "import_error", "timestamp": "2026-09-05T17:08:12.636870+00:00"}
{"backend": "kv", "requested": "etcd", "fallback": "sqlite", "reason": "unavailable_etcd", "timestamp": "2026-09-05T17:08:12.704773+00:00"}
{"backend": "storage", "requested": "postgresql", "fallback": "sqlite", "reason": "import_error", "timestamp": "2026-09-05T17:08:14.796299+00:00"}
{"backend": "cache", "requested": "redis", "fallback": "memory", "reason": "import_error", "timestamp": "2026-09-05T17:08:14.823419+00:00"}
{"backend": "queue", "requested": "rabbitmq", "fallback": "redis", "reason": "unavailable_rabbitmq", "timestamp": "2026-09-05T17:08:14.912427+00:00"}
{"backend": "queue", "requested": "redis", "fallback": "sqlite", "reason": "redis_unavailable", "timestamp": "2026-09-05T17:08:14.916462+00:00"}
{"backend": "secret", "requested": "vault", "fallback": "local", "reason": "unavailable_vault", "timestamp": "2026-09-05T17:08:15.007114+00:00"}
{"backend": "queue", "requested": "rabbitmq", "fallback": "redis", "reason": "unavailable_rabbitmq", "timestamp": "2026-09-05T17:08:15.121324+00:00"}
{"backend": "queue", "requested": "redis", "fallback": "sqlite", "reason": "redis_unavailable", "timestamp": "2026-09-05T17:08:15.123738+00:00"}
{"backend": "queue", "requested": "rabbitmq", "fallback": "redis", "reason": "unavailable_rabbitmq", "timestamp": "2026-09-05T17:08:15.217846+00:00"}
{"backend": "queue", "requested": "redis", "fallback": "sqlite", "reason": "redis_unavailable", "timestamp": "2026-09-05T17:08:15.222781+00:00"}
{"backend": "kv", "requested": "etcd", "fallback": "sqlite", "reason": "unavailable_etcd", "timestamp": "2026-09-05T17:08:15.311375+00:00"}
{"backend": "kv", "requested": "consul", "fallback": "sqlite", "reason": "unavailable_etcd", "timestamp": "2026-09-05T17:08:15.365249+00:00"}
{"backend": "kv", "requested": "etcd", "fallback": "sqlite", "reason": "unavailable_etcd", "timestamp": "2026-09-05T17:08:15.453111+00:00"}
{"backend": "license", "requested": "enterprise", "fallback": "personal", "reason": "no_license_module", "timestamp": "2026-09-05T17:08:20.092222+00:00"}
{"backend": "license", "requested": "enterprise", "fallback": "personal", "reason": "no_license_module", "timestamp": "2026-09-05T17:08:20.151095+00:00"}
{"backend": "storage", "requested": "postgresql", "fallback": "sqlite", "reason": "import_error", "timestamp": "2026-09-05T17:08:20.501775+00:00"}
{"backend": "storage", "requested": "postgresql", "fallback": "sqlite", "reason": "import_error", "timestamp": "2026-09-05T17:08:20.514299+00:00"}
{"backend": "cache", "requested": "redis", "fallback": "memory", "reason": "import_error", "timestamp": "2026-09-05T17:08:20.519228+00:00"}
{"backend": "queue", "requested": "rabbitmq", "fallback": "sqlite", "reason": "import_error", "timestamp": "2026-09-05T17:08:20.549080+00:00"}
{"backend": "storage", "requested": "postgresql", "fallback": "sqlite", "reason": "import_error", "timestamp": "2026-09-05T17:08:20.569193+00:00"}
{"backend": "license", "requested": "enterprise", "fallback": "personal", "reason": "no_license_module", "timestamp": "2026-09-05T17:08:21.052036+00:00"}
{"backend": "license", "requested": "enterprise", "fallback": "personal", "reason": "no_license_module", "timestamp": "2026-09-05T17:08:21.121530+00:00"}
{"backend": "license", "requested": "enterprise", "fallback": "personal", "reason": "no_license_module", "timestamp": "2026-09-05T17:08:21.175484+00:00"}
{"backend": "license", "requested": "enterprise", "fallback": "personal", "reason": "no_license_key", "timestamp": "2026-09-13T15:39:05.064950+00:00"}
{"backend": "integrity", "requested": "enterprise", "fallback": "personal", "reason": "integrity_check_failed:modified modules detected: ['maop/enterprise/license.py', 'maop/enterprise/rbac.py', 'maop/enterprise/saml_handler.py', 'maop/enterprise/sso.py', 'maop/enterprise/tls_auto.py']", "timestamp": "2026-09-13T15:39:05.253702+00:00"}
{"backend": "license", "requested": "enterprise", "fallback": "personal", "reason": "no_license_key", "timestamp": "2026-09-13T15:39:14.679720+00:00"}
{"backend": "integrity", "requested": "enterprise", "fallback": "personal", "reason": "integrity_check_failed:modified modules detected: ['maop/enterprise/license.py', 'maop/enterprise/rbac.py', 'maop/enterprise/saml_handler.py', 'maop/enterprise/sso.py', 'maop/enterprise/tls_auto.py']", "timestamp": "2026-09-13T15:39:14.708910+00:00"}
{"backend": "license", "requested": "enterprise", "fallback": "personal", "reason": "no_license_key", "timestamp": "2026-09-13T15:39:15.041203+00:00"}
{"backend": "integrity", "requested": "enterprise", "fallback": "personal", "reason": "integrity_check_failed:modified modules detected: ['maop/enterprise/license.py', 'maop/enterprise/rbac.py', 'maop/enterprise/saml_handler.py', 'maop/enterprise/sso.py', 'maop/enterprise/tls_auto.py']", "timestamp": "2026-09-13T15:39:15.071720+00:00"}
{"backend": "license", "requested": "enterprise", "fallback": "personal", "reason": "no_license_key", "timestamp": "2026-09-13T15:39:15.765870+00:00"}
{"backend": "integrity", "requested": "enterprise", "fallback": "personal", "reason": "integrity_check_failed:modified modules detected: ['maop/enterprise/license.py', 'maop/enterprise/rbac.py', 'maop/enterprise/saml_handler.py', 'maop/enterprise/sso.py', 'maop/enterprise/tls_auto.py']", "timestamp": "2026-09-13T15:39:15.792206+00:00"}
{"backend": "license", "requested": "enterprise", "fallback": "personal", "reason": "no_license_key", "timestamp": "2026-09-13T15:39:15.959468+00:00"}
{"backend": "integrity", "requested": "enterprise", "fallback": "personal", "reason": "integrity_check_failed:modified modules detected: ['maop/enterprise/license.py', 'maop/enterprise/rbac.py', 'maop/enterprise/saml_handler.py', 'maop/enterprise/sso.py', 'maop/enterprise/tls_auto.py']", "timestamp": "2026-09-13T15:39:15.983444+00:00"}
{"backend": "license", "requested": "enterprise", "fallback": "personal", "reason": "no_license_key", "timestamp": "2026-09-13T15:39:16.336141+00:00"}
{"backend": "integrity", "requested": "enterprise", "fallback": "personal", "reason": "integrity_check_failed:modified modules detected: ['maop/enterprise/license.py', 'maop/enterprise/rbac.py', 'maop/enterprise/saml_handler.py', 'maop/enterprise/sso.py', 'maop/enterprise/tls_auto.py']", "timestamp": "2026-09-13T15:39:16.358432+00:00"}
{"backend": "license", "requested": "enterprise", "fallback": "personal", "reason": "no_license_key", "timestamp": "2026-09-13T15:39:16.614334+00:00"}
{"backend": "integrity", "requested": "enterprise", "fallback": "personal", "reason": "integrity_check_failed:modified modules detected: ['maop/enterprise/license.py', 'maop/enterprise/rbac.py', 'maop/enterprise/saml_handler.py', 'maop/enterprise/sso.py', 'maop/enterprise/tls_auto.py']", "timestamp": "2026-09-13T15:39:16.636030+00:00"}
{"backend": "license", "requested": "enterprise", "fallback": "personal", "reason": "no_license_key", "timestamp": "2026-09-13T15:39:16.885935+00:00"}
{"backend": "integrity", "requested": "enterprise", "fallback": "personal", "reason": "integrity_check_failed:modified modules detected: ['maop/enterprise/license.py', 'maop/enterprise/rbac.py', 'maop/enterprise/saml_handler.py', 'maop/enterprise/sso.py', 'maop/enterprise/tls_auto.py']", "timestamp": "2026-09-13T15:39:16.906882+00:00"}
{"backend": "license", "requested": "enterprise", "fallback": "personal", "reason": "no_license_key", "timestamp": "2026-09-13T15:39:16.959200+00:00"}
{"backend": "integrity", "requested": "enterprise", "fallback": "personal", "reason": "integrity_check_failed:modified modules detected: ['maop/enterprise/license.py', 'maop/enterprise/rbac.py', 'maop/enterprise/saml_handler.py', 'maop/enterprise/sso.py', 'maop/enterprise/tls_auto.py']", "timestamp": "2026-09-13T15:39:16.980234+00:00"}
{"backend": "license", "requested": "enterprise", "fallback": "personal", "reason": "no_license_key", "timestamp": "2026-09-13T15:39:17.396412+00:00"}
{"backend": "integrity", "requested": "enterprise", "fallback": "personal", "reason": "integrity_check_failed:modified modules detected: ['maop/enterprise/license.py', 'maop/enterprise/rbac.py', 'maop/enterprise/saml_handler.py', 'maop/enterprise/sso.py', 'maop/enterprise/tls_auto.py']", "timestamp": "2026-09-13T15:39:17.417789+00:00"}
{"backend": "license", "requested": "enterprise", "fallback": "personal", "reason": "no_license_key", "timestamp": "2026-09-13T15:39:17.493454+00:00"}
{"backend": "integrity", "requested": "enterprise", "fallback": "personal", "reason": "integrity_check_failed:modified modules detected: ['maop/enterprise/license.py', 'maop/enterprise/rbac.py', 'maop/enterprise/saml_handler.py', 'maop/enterprise/sso.py', 'maop/enterprise/tls_auto.py']", "timestamp": "2026-09-13T15:39:17.513700+00:00"}
{"backend": "license", "requested": "enterprise", "fallback": "personal", "reason": "no_license_key", "timestamp": "2026-09-13T15:39:17.967555+00:00"}
{"backend": "integrity", "requested": "enterprise", "fallback": "personal", "reason": "integrity_check_failed:modified modules detected: ['maop/enterprise/license.py', 'maop/enterprise/rbac.py', 'maop/enterprise/saml_handler.py', 'maop/enterprise/sso.py', 'maop/enterprise/tls_auto.py']", "timestamp": "2026-09-13T15:39:17.987320+00:00"}
{"backend": "license", "requested": "enterprise", "fallback": "personal", "reason": "no_license_key", "timestamp": "2026-09-13T15:39:18.273795+00:00"}
{"backend": "integrity", "requested": "enterprise", "fallback": "personal", "reason": "integrity_check_failed:modified modules detected: ['maop/enterprise/license.py', 'maop/enterprise/rbac.py', 'maop/enterprise/saml_handler.py', 'maop/enterprise/sso.py', 'maop/enterprise/tls_auto.py']", "timestamp": "2026-09-13T15:39:18.354589+00:00"}
{"backend": "license", "requested": "enterprise", "fallback": "personal", "reason": "no_license_key", "timestamp": "2026-09-13T15:39:18.678907+00:00"}
{"backend": "integrity", "requested": "enterprise", "fallback": "personal", "reason": "integrity_check_failed:modified modules detected: ['maop/enterprise/license.py', 'maop/enterprise/rbac.py', 'maop/enterprise/saml_handler.py', 'maop/enterprise/sso.py', 'maop/enterprise/tls_auto.py']", "timestamp": "2026-09-13T15:39:18.718893+00:00"}
{"backend": "license", "requested": "enterprise", "fallback": "personal", "reason": "no_license_key", "timestamp": "2026-09-13T15:39:19.230110+00:00"}
{"backend": "integrity", "requested": "enterprise", "fallback": "personal", "reason": "integrity_check_failed:modified modules detected: ['maop/enterprise/license.py', 'maop/enterprise/rbac.py', 'maop/enterprise/saml_handler.py', 'maop/enterprise/sso.py', 'maop/enterprise/tls_auto.py']", "timestamp": "2026-09-13T15:39:19.262857+00:00"}
{"backend": "license", "requested": "enterprise", "fallback": "personal", "reason": "no_license_key", "timestamp": "2026-09-13T15:39:20.031965+00:00"}
{"backend": "integrity", "requested": "enterprise", "fallback": "personal", "reason": "integrity_check_failed:modified modules detected: ['maop/enterprise/license.py', 'maop/enterprise/rbac.py', 'maop/enterprise/saml_handler.py', 'maop/enterprise/sso.py', 'maop/enterprise/tls_auto.py']", "timestamp": "2026-09-13T15:39:20.075373+00:00"}
{"backend": "license", "requested": "enterprise", "fallback": "personal", "reason": "no_license_key", "timestamp": "2026-09-13T15:39:20.330120+00:00"}
{"backend": "integrity", "requested": "enterprise", "fallback": "personal", "reason": "integrity_check_failed:modified modules detected: ['maop/enterprise/license.py', 'maop/enterprise/rbac.py', 'maop/enterprise/saml_handler.py', 'maop/enterprise/sso.py', 'maop/enterprise/tls_auto.py']", "timestamp": "2026-09-13T15:39:20.371513+00:00"}
{"backend": "storage", "requested": "postgresql", "fallback": "sqlite", "reason": "import_error", "timestamp": "2026-09-13T15:41:34.035039+00:00"}
{"backend": "storage", "requested": "postgresql", "fallback": "sqlite", "reason": "import_error", "timestamp": "2026-09-13T15:41:34.043521+00:00"}
{"backend": "cache", "requested": "redis", "fallback": "memory", "reason": "import_error", "timestamp": "2026-09-13T15:41:34.045114+00:00"}
{"backend": "queue", "requested": "rabbitmq", "fallback": "sqlite", "reason": "import_error", "timestamp": "2026-09-13T15:41:34.052162+00:00"}
{"backend": "license", "requested": "enterprise", "fallback": "personal", "reason": "license_invalid", "timestamp": "2026-09-13T15:41:34.053993+00:00"}
{"backend": "storage", "requested": "postgresql", "fallback": "sqlite", "reason": "import_error", "timestamp": "2026-09-13T15:41:34.060765+00:00"}
{"backend": "license", "requested": "enterprise", "fallback": "personal", "reason": "license_invalid", "timestamp": "2026-09-13T15:41:34.127867+00:00"}
{"backend": "license", "requested": "enterprise", "fallback": "personal", "reason": "license_invalid", "timestamp": "2026-09-13T15:41:34.148904+00:00"}
{"backend": "license", "requested": "enterprise", "fallback": "personal", "reason": "license_invalid", "timestamp": "2026-09-13T15:41:34.168122+00:00"}
{"backend": "license", "requested": "enterprise", "fallback": "personal", "reason": "license_invalid", "timestamp": "2026-09-13T15:41:34.244284+00:00"}
{"backend": "license", "requested": "enterprise", "fallback": "personal", "reason": "license_invalid", "timestamp": "2026-09-13T15:41:34.261801+00:00"}
{"backend": "license", "requested": "enterprise", "fallback": "personal", "reason": "license_invalid", "timestamp": "2026-09-13T15:41:34.278970+00:00"}
{"backend": "license", "requested": "enterprise", "fallback": "personal", "reason": "no_license_key", "timestamp": "2026-09-13T15:43:02.641853+00:00"}
{"backend": "integrity", "requested": "enterprise", "fallback": "personal", "reason": "integrity_check_failed:modified modules detected: ['maop/enterprise/license.py', 'maop/enterprise/pg_persist.py', 'maop/enterprise/rbac.py', 'maop/enterprise/saml_handler.py', 'maop/enterprise/sso.py', 'maop/enterprise/tls_auto.py']", "timestamp": "2026-09-13T15:43:02.668430+00:00"}
{"backend": "license", "requested": "enterprise", "fallback": "personal", "reason": "no_license_key", "timestamp": "2026-09-13T15:43:11.844603+00:00"}
{"backend": "integrity", "requested": "enterprise", "fallback": "personal", "reason": "integrity_check_failed:modified modules detected: ['maop/enterprise/license.py', 'maop/enterprise/pg_persist.py', 'maop/enterprise/rbac.py', 'maop/enterprise/saml_handler.py', 'maop/enterprise/sso.py', 'maop/enterprise/tls_auto.py']", "timestamp": "2026-09-13T15:43:11.878381+00:00"}
{"backend": "license", "requested": "enterprise", "fallback": "personal", "reason": "no_license_key", "timestamp": "2026-09-13T15:43:12.362817+00:00"}
{"backend": "integrity", "requested": "enterprise", "fallback": "personal", "reason": "integrity_check_failed:modified modules detected: ['maop/enterprise/license.py', 'maop/enterprise/pg_persist.py', 'maop/enterprise/rbac.py', 'maop/enterprise/saml_handler.py', 'maop/enterprise/sso.py', 'maop/enterprise/tls_auto.py']", "timestamp": "2026-09-13T15:43:12.393541+00:00"}
{"backend": "license", "requested": "enterprise", "fallback": "personal", "reason": "no_license_key", "timestamp": "2026-09-13T15:43:12.726915+00:00"}
{"backend": "integrity", "requested": "enterprise", "fallback": "personal", "reason": "integrity_check_failed:modified modules detected: ['maop/enterprise/license.py', 'maop/enterprise/pg_persist.py', 'maop/enterprise/rbac.py', 'maop/enterprise/saml_handler.py', 'maop/enterprise/sso.py', 'maop/enterprise/tls_auto.py']", "timestamp": "2026-09-13T15:43:12.756981+00:00"}
{"backend": "license", "requested": "enterprise", "fallback": "personal", "reason": "no_license_key", "timestamp": "2026-09-13T15:43:12.871506+00:00"}
{"backend": "integrity", "requested": "enterprise", "fallback": "personal", "reason": "integrity_check_failed:modified modules detected: ['maop/enterprise/license.py', 'maop/enterprise/pg_persist.py', 'maop/enterprise/rbac.py', 'maop/enterprise/saml_handler.py', 'maop/enterprise/sso.py', 'maop/enterprise/tls_auto.py']", "timestamp": "2026-09-13T15:43:12.909025+00:00"}
{"backend": "license", "requested": "enterprise", "fallback": "personal", "reason": "no_license_key", "timestamp": "2026-09-13T15:43:13.104096+00:00"}
{"backend": "integrity", "requested": "enterprise", "fallback": "personal", "reason": "integrity_check_failed:modified modules detected: ['maop/enterprise/license.py', 'maop/enterprise/pg_persist.py', 'maop/enterprise/rbac.py', 'maop/enterprise/saml_handler.py', 'maop/enterprise/sso.py', 'maop/enterprise/tls_auto.py']", "timestamp": "2026-09-13T15:43:13.137172+00:00"}
{"backend": "license", "requested": "enterprise", "fallback": "personal", "reason": "no_license_key", "timestamp": "2026-09-13T15:43:14.060507+00:00"}
{"backend": "integrity", "requested": "enterprise", "fallback": "personal", "reason": "integrity_check_failed:modified modules detected: ['maop/enterprise/license.py', 'maop/enterprise/pg_persist.py', 'maop/enterprise/rbac.py', 'maop/enterprise/saml_handler.py', 'maop/enterprise/sso.py', 'maop/enterprise/tls_auto.py']", "timestamp": "2026-09-13T15:43:14.088806+00:00"}
{"backend": "license", "requested": "enterprise", "fallback": "personal", "reason": "no_license_key", "timestamp": "2026-09-13T15:43:14.698600+00:00"}
{"backend": "integrity", "requested": "enterprise", "fallback": "personal", "reason": "integrity_check_failed:modified modules detected: ['maop/enterprise/license.py', 'maop/enterprise/pg_persist.py', 'maop/enterprise/rbac.py', 'maop/enterprise/saml_handler.py', 'maop/enterprise/sso.py', 'maop/enterprise/tls_auto.py']", "timestamp": "2026-09-13T15:43:14.727327+00:00"}
{"backend": "license", "requested": "enterprise", "fallback": "personal", "reason": "no_license_key", "timestamp": "2026-09-13T15:43:14.736501+00:00"}
{"backend": "integrity", "requested": "enterprise", "fallback": "personal", "reason": "integrity_check_failed:modified modules detected: ['maop/enterprise/license.py', 'maop/enterprise/pg_persist.py', 'maop/enterprise/rbac.py', 'maop/enterprise/saml_handler.py', 'maop/enterprise/sso.py', 'maop/enterprise/tls_auto.py']", "timestamp": "2026-09-13T15:43:14.764303+00:00"}
{"backend": "license", "requested": "enterprise", "fallback": "personal", "reason": "no_license_key", "timestamp": "2026-09-13T15:43:14.992321+00:00"}
{"backend": "integrity", "requested": "enterprise", "fallback": "personal", "reason": "integrity_check_failed:modified modules detected: ['maop/enterprise/license.py', 'maop/enterprise/pg_persist.py', 'maop/enterprise/rbac.py', 'maop/enterprise/saml_handler.py', 'maop/enterprise/sso.py', 'maop/enterprise/tls_auto.py']", "timestamp": "2026-09-13T15:43:15.021196+00:00"}
{"backend": "license", "requested": "enterprise", "fallback": "personal", "reason": "no_license_key", "timestamp": "2026-09-13T15:43:15.219671+00:00"}
{"backend": "integrity", "requested": "enterprise", "fallback": "personal", "reason": "integrity_check_failed:modified modules detected: ['maop/enterprise/license.py', 'maop/enterprise/pg_persist.py', 'maop/enterprise/rbac.py', 'maop/enterprise/saml_handler.py', 'maop/enterprise/sso.py', 'maop/enterprise/tls_auto.py']", "timestamp": "2026-09-13T15:43:15.249216+00:00"}
{"backend": "license", "requested": "enterprise", "fallback": "personal", "reason": "no_license_key", "timestamp": "2026-09-13T15:43:15.530094+00:00"}
{"backend": "integrity", "requested": "enterprise", "fallback": "personal", "reason": "integrity_check_failed:modified modules detected: ['maop/enterprise/license.py', 'maop/enterprise/pg_persist.py', 'maop/enterprise/rbac.py', 'maop/enterprise/saml_handler.py', 'maop/enterprise/sso.py', 'maop/enterprise/tls_auto.py']", "timestamp": "2026-09-13T15:43:15.560571+00:00"}
{"backend": "license", "requested": "enterprise", "fallback": "personal", "reason": "no_license_key", "timestamp": "2026-09-13T15:43:16.245808+00:00"}
{"backend": "integrity", "requested": "enterprise", "fallback": "personal", "reason": "integrity_check_failed:modified modules detected: ['maop/enterprise/license.py', 'maop/enterprise/pg_persist.py', 'maop/enterprise/rbac.py', 'maop/enterprise/saml_handler.py', 'maop/enterprise/sso.py', 'maop/enterprise/tls_auto.py']", "timestamp": "2026-09-13T15:43:16.273611+00:00"}
{"backend": "license", "requested": "enterprise", "fallback": "personal", "reason": "no_license_key", "timestamp": "2026-09-13T15:43:16.466498+00:00"}
{"backend": "integrity", "requested": "enterprise", "fallback": "personal", "reason": "integrity_check_failed:modified modules detected: ['maop/enterprise/license.py', 'maop/enterprise/pg_persist.py', 'maop/enterprise/rbac.py', 'maop/enterprise/saml_handler.py', 'maop/enterprise/sso.py', 'maop/enterprise/tls_auto.py']", "timestamp": "2026-09-13T15:43:16.494662+00:00"}
{"backend": "license", "requested": "enterprise", "fallback": "personal", "reason": "no_license_key", "timestamp": "2026-09-13T15:43:16.918479+00:00"}
{"backend": "integrity", "requested": "enterprise", "fallback": "personal", "reason": "integrity_check_failed:modified modules detected: ['maop/enterprise/license.py', 'maop/enterprise/pg_persist.py', 'maop/enterprise/rbac.py', 'maop/enterprise/saml_handler.py', 'maop/enterprise/sso.py', 'maop/enterprise/tls_auto.py']", "timestamp": "2026-09-13T15:43:16.944784+00:00"}
{"backend": "license", "requested": "enterprise", "fallback": "personal", "reason": "no_license_key", "timestamp": "2026-09-13T15:43:17.553256+00:00"}
{"backend": "integrity", "requested": "enterprise", "fallback": "personal", "reason": "integrity_check_failed:modified modules detected: ['maop/enterprise/license.py', 'maop/enterprise/pg_persist.py', 'maop/enterprise/rbac.py', 'maop/enterprise/saml_handler.py', 'maop/enterprise/sso.py', 'maop/enterprise/tls_auto.py']", "timestamp": "2026-09-13T15:43:17.578674+00:00"}
{"backend": "license", "requested": "enterprise", "fallback": "personal", "reason": "no_license_key", "timestamp": "2026-09-13T15:43:17.641930+00:00"}
{"backend": "integrity", "requested": "enterprise", "fallback": "personal", "reason": "integrity_check_failed:modified modules detected: ['maop/enterprise/license.py', 'maop/enterprise/pg_persist.py', 'maop/enterprise/rbac.py', 'maop/enterprise/saml_handler.py', 'maop/enterprise/sso.py', 'maop/enterprise/tls_auto.py']", "timestamp": "2026-09-13T15:43:17.667762+00:00"}
{"backend": "license", "requested": "enterprise", "fallback": "personal", "reason": "no_license_key", "timestamp": "2026-09-13T15:44:09.533112+00:00"}
{"backend": "integrity", "requested": "enterprise", "fallback": "personal", "reason": "integrity_check_failed:modified modules detected: ['maop/enterprise/license.py', 'maop/enterprise/pg_persist.py', 'maop/enterprise/rbac.py', 'maop/enterprise/saml_handler.py', 'maop/enterprise/sso.py', 'maop/enterprise/tls_auto.py']", "timestamp": "2026-09-13T15:44:09.549516+00:00"}
{"backend": "license", "requested": "enterprise", "fallback": "personal", "reason": "no_license_key", "timestamp": "2026-09-13T15:44:18.328889+00:00"}
{"backend": "integrity", "requested": "enterprise", "fallback": "personal", "reason": "integrity_check_failed:modified modules detected: ['maop/enterprise/license.py', 'maop/enterprise/pg_persist.py', 'maop/enterprise/rbac.py', 'maop/enterprise/saml_handler.py', 'maop/enterprise/sso.py', 'maop/enterprise/tls_auto.py']", "timestamp": "2026-09-13T15:44:18.364877+00:00"}
{"backend": "license", "requested": "enterprise", "fallback": "personal", "reason": "no_license_key", "timestamp": "2026-09-13T15:44:18.636214+00:00"}
{"backend": "integrity", "requested": "enterprise", "fallback": "personal", "reason": "integrity_check_failed:modified modules detected: ['maop/enterprise/license.py', 'maop/enterprise/pg_persist.py', 'maop/enterprise/rbac.py', 'maop/enterprise/saml_handler.py', 'maop/enterprise/sso.py', 'maop/enterprise/tls_auto.py']", "timestamp": "2026-09-13T15:44:18.667837+00:00"}
{"backend": "license", "requested": "enterprise", "fallback": "personal", "reason": "no_license_key", "timestamp": "2026-09-13T15:44:19.263487+00:00"}
{"backend": "integrity", "requested": "enterprise", "fallback": "personal", "reason": "integrity_check_failed:modified modules detected: ['maop/enterprise/license.py', 'maop/enterprise/pg_persist.py', 'maop/enterprise/rbac.py', 'maop/enterprise/saml_handler.py', 'maop/enterprise/sso.py', 'maop/enterprise/tls_auto.py']", "timestamp": "2026-09-13T15:44:19.293963+00:00"}
{"backend": "license", "requested": "enterprise", "fallback": "personal", "reason": "no_license_key", "timestamp": "2026-09-13T15:44:19.459457+00:00"}
{"backend": "integrity", "requested": "enterprise", "fallback": "personal", "reason": "integrity_check_failed:modified modules detected: ['maop/enterprise/license.py', 'maop/enterprise/pg_persist.py', 'maop/enterprise/rbac.py', 'maop/enterprise/saml_handler.py', 'maop/enterprise/sso.py', 'maop/enterprise/tls_auto.py']", "timestamp": "2026-09-13T15:44:19.489061+00:00"}
{"backend": "license", "requested": "enterprise", "fallback": "personal", "reason": "no_license_key", "timestamp": "2026-09-13T15:44:20.080954+00:00"}
{"backend": "integrity", "requested": "enterprise", "fallback": "personal", "reason": "integrity_check_failed:modified modules detected: ['maop/enterprise/license.py', 'maop/enterprise/pg_persist.py', 'maop/enterprise/rbac.py', 'maop/enterprise/saml_handler.py', 'maop/enterprise/sso.py', 'maop/enterprise/tls_auto.py']", "timestamp": "2026-09-13T15:44:20.114511+00:00"}
{"backend": "license", "requested": "enterprise", "fallback": "personal", "reason": "no_license_key", "timestamp": "2026-09-13T15:44:20.385544+00:00"}
{"backend": "integrity", "requested": "enterprise", "fallback": "personal", "reason": "integrity_check_failed:modified modules detected: ['maop/enterprise/license.py', 'maop/enterprise/pg_persist.py', 'maop/enterprise/rbac.py', 'maop/enterprise/saml_handler.py', 'maop/enterprise/sso.py', 'maop/enterprise/tls_auto.py']", "timestamp": "2026-09-13T15:44:20.418105+00:00"}
{"backend": "license", "requested": "enterprise", "fallback": "personal", "reason": "no_license_key", "timestamp": "2026-09-13T15:44:20.968055+00:00"}
{"backend": "integrity", "requested": "enterprise", "fallback": "personal", "reason": "integrity_check_failed:modified modules detected: ['maop/enterprise/license.py', 'maop/enterprise/pg_persist.py', 'maop/enterprise/rbac.py', 'maop/enterprise/saml_handler.py', 'maop/enterprise/sso.py', 'maop/enterprise/tls_auto.py']", "timestamp": "2026-09-13T15:44:20.999225+00:00"}
{"backend": "license", "requested": "enterprise", "fallback": "personal", "reason": "no_license_key", "timestamp": "2026-09-13T15:44:21.139680+00:00"}
{"backend": "integrity", "requested": "enterprise", "fallback": "personal", "reason": "integrity_check_failed:modified modules detected: ['maop/enterprise/license.py', 'maop/enterprise/pg_persist.py', 'maop/enterprise/rbac.py', 'maop/enterprise/saml_handler.py', 'maop/enterprise/sso.py', 'maop/enterprise/tls_auto.py']", "timestamp": "2026-09-13T15:44:21.167472+00:00"}
{"backend": "license", "requested": "enterprise", "fallback": "personal", "reason": "no_license_key", "timestamp": "2026-09-13T15:44:21.654053+00:00"}
{"backend": "integrity", "requested": "enterprise", "fallback": "personal", "reason": "integrity_check_failed:modified modules detected: ['maop/enterprise/license.py', 'maop/enterprise/pg_persist.py', 'maop/enterprise/rbac.py', 'maop/enterprise/saml_handler.py', 'maop/enterprise/sso.py', 'maop/enterprise/tls_auto.py']", "timestamp": "2026-09-13T15:44:21.682528+00:00"}
{"backend": "license", "requested": "enterprise", "fallback": "personal", "reason": "no_license_key", "timestamp": "2026-09-13T15:44:21.809835+00:00"}
{"backend": "integrity", "requested": "enterprise", "fallback": "personal", "reason": "integrity_check_failed:modified modules detected: ['maop/enterprise/license.py', 'maop/enterprise/pg_persist.py', 'maop/enterprise/rbac.py', 'maop/enterprise/saml_handler.py', 'maop/enterprise/sso.py', 'maop/enterprise/tls_auto.py']", "timestamp": "2026-09-13T15:44:21.839332+00:00"}
{"backend": "license", "requested": "enterprise", "fallback": "personal", "reason": "no_license_key", "timestamp": "2026-09-13T15:44:22.290597+00:00"}
{"backend": "integrity", "requested": "enterprise", "fallback": "personal", "reason": "integrity_check_failed:modified modules detected: ['maop/enterprise/license.py', 'maop/enterprise/pg_persist.py', 'maop/enterprise/rbac.py', 'maop/enterprise/saml_handler.py', 'maop/enterprise/sso.py', 'maop/enterprise/tls_auto.py']", "timestamp": "2026-09-13T15:44:22.320755+00:00"}
{"backend": "license", "requested": "enterprise", "fallback": "personal", "reason": "no_license_key", "timestamp": "2026-09-13T15:44:22.466246+00:00"}
{"backend": "integrity", "requested": "enterprise", "fallback": "personal", "reason": "integrity_check_failed:modified modules detected: ['maop/enterprise/license.py', 'maop/enterprise/pg_persist.py', 'maop/enterprise/rbac.py', 'maop/enterprise/saml_handler.py', 'maop/enterprise/sso.py', 'maop/enterprise/tls_auto.py']", "timestamp": "2026-09-13T15:44:22.494566+00:00"}
{"backend": "license", "requested": "enterprise", "fallback": "personal", "reason": "no_license_key", "timestamp": "2026-09-13T15:44:22.906886+00:00"}
{"backend": "integrity", "requested": "enterprise", "fallback": "personal", "reason": "integrity_check_failed:modified modules detected: ['maop/enterprise/license.py', 'maop/enterprise/pg_persist.py', 'maop/enterprise/rbac.py', 'maop/enterprise/saml_handler.py', 'maop/enterprise/sso.py', 'maop/enterprise/tls_auto.py']", "timestamp": "2026-09-13T15:44:22.934980+00:00"}
{"backend": "license", "requested": "enterprise", "fallback": "personal", "reason": "no_license_key", "timestamp": "2026-09-13T15:44:23.100125+00:00"}
{"backend": "integrity", "requested": "enterprise", "fallback": "personal", "reason": "integrity_check_failed:modified modules detected: ['maop/enterprise/license.py', 'maop/enterprise/pg_persist.py', 'maop/enterprise/rbac.py', 'maop/enterprise/saml_handler.py', 'maop/enterprise/sso.py', 'maop/enterprise/tls_auto.py']", "timestamp": "2026-09-13T15:44:23.129629+00:00"}
{"backend": "license", "requested": "enterprise", "fallback": "personal", "reason": "no_license_key", "timestamp": "2026-09-13T15:44:23.659187+00:00"}
{"backend": "integrity", "requested": "enterprise", "fallback": "personal", "reason": "integrity_check_failed:modified modules detected: ['maop/enterprise/license.py', 'maop/enterprise/pg_persist.py', 'maop/enterprise/rbac.py', 'maop/enterprise/saml_handler.py', 'maop/enterprise/sso.py', 'maop/enterprise/tls_auto.py']", "timestamp": "2026-09-13T15:44:23.686039+00:00"}
{"backend": "license", "requested": "enterprise", "fallback": "personal", "reason": "no_license_key", "timestamp": "2026-09-13T15:44:23.968400+00:00"}
{"backend": "integrity", "requested": "enterprise", "fallback": "personal", "reason": "integrity_check_failed:modified modules detected: ['maop/enterprise/license.py', 'maop/enterprise/pg_persist.py', 'maop/enterprise/rbac.py', 'maop/enterprise/saml_handler.py', 'maop/enterprise/sso.py', 'maop/enterprise/tls_auto.py']", "timestamp": "2026-09-13T15:44:23.995582+00:00"}
{"backend": "license", "requested": "enterprise", "fallback": "personal", "reason": "no_license_key", "timestamp": "2026-09-13T15:45:21.842722+00:00"}
{"backend": "integrity", "requested": "enterprise", "fallback": "personal", "reason": "integrity_check_failed:modified modules detected: ['maop/enterprise/audit.py', 'maop/enterprise/license.py', 'maop/enterprise/pg_persist.py', 'maop/enterprise/rbac.py', 'maop/enterprise/saml_handler.py', 'maop/enterprise/sso.py', 'maop/enterprise/tenant.py', 'maop/enterprise/tls_auto.py']", "timestamp": "2026-09-13T15:45:21.860029+00:00"}
{"backend": "license", "requested": "enterprise", "fallback": "personal", "reason": "no_license_key", "timestamp": "2026-09-13T15:45:30.922238+00:00"}
{"backend": "integrity", "requested": "enterprise", "fallback": "personal", "reason": "integrity_check_failed:modified modules detected: ['maop/enterprise/audit.py', 'maop/enterprise/license.py', 'maop/enterprise/pg_persist.py', 'maop/enterprise/rbac.py', 'maop/enterprise/saml_handler.py', 'maop/enterprise/sso.py', 'maop/enterprise/tenant.py', 'maop/enterprise/tls_auto.py']", "timestamp": "2026-09-13T15:45:30.955179+00:00"}
{"backend": "license", "requested": "enterprise", "fallback": "personal", "reason": "no_license_key", "timestamp": "2026-09-13T15:45:31.411902+00:00"}
{"backend": "integrity", "requested": "enterprise", "fallback": "personal", "reason": "integrity_check_failed:modified modules detected: ['maop/enterprise/audit.py', 'maop/enterprise/license.py', 'maop/enterprise/pg_persist.py', 'maop/enterprise/rbac.py', 'maop/enterprise/saml_handler.py', 'maop/enterprise/sso.py', 'maop/enterprise/tenant.py', 'maop/enterprise/tls_auto.py']", "timestamp": "2026-09-13T15:45:31.445123+00:00"}
{"backend": "license", "requested": "enterprise", "fallback": "personal", "reason": "no_license_key", "timestamp": "2026-09-13T15:45:31.643591+00:00"}
{"backend": "integrity", "requested": "enterprise", "fallback": "personal", "reason": "integrity_check_failed:modified modules detected: ['maop/enterprise/audit.py', 'maop/enterprise/license.py', 'maop/enterprise/pg_persist.py', 'maop/enterprise/rbac.py', 'maop/enterprise/saml_handler.py', 'maop/enterprise/sso.py', 'maop/enterprise/tenant.py', 'maop/enterprise/tls_auto.py']", "timestamp": "2026-09-13T15:45:31.672636+00:00"}
{"backend": "license", "requested": "enterprise", "fallback": "personal", "reason": "no_license_key", "timestamp": "2026-09-13T15:45:32.246559+00:00"}
{"backend": "integrity", "requested": "enterprise", "fallback": "personal", "reason": "integrity_check_failed:modified modules detected: ['maop/enterprise/audit.py', 'maop/enterprise/license.py', 'maop/enterprise/pg_persist.py', 'maop/enterprise/rbac.py', 'maop/enterprise/saml_handler.py', 'maop/enterprise/sso.py', 'maop/enterprise/tenant.py', 'maop/enterprise/tls_auto.py']", "timestamp": "2026-09-13T15:45:32.275040+00:00"}
{"backend": "license", "requested": "enterprise", "fallback": "personal", "reason": "no_license_key", "timestamp": "2026-09-13T15:45:32.471361+00:00"}
{"backend": "integrity", "requested": "enterprise", "fallback": "personal", "reason": "integrity_check_failed:modified modules detected: ['maop/enterprise/audit.py', 'maop/enterprise/license.py', 'maop/enterprise/pg_persist.py', 'maop/enterprise/rbac.py', 'maop/enterprise/saml_handler.py', 'maop/enterprise/sso.py', 'maop/enterprise/tenant.py', 'maop/enterprise/tls_auto.py']", "timestamp": "2026-09-13T15:45:32.498819+00:00"}
{"backend": "license", "requested": "enterprise", "fallback": "personal", "reason": "no_license_key", "timestamp": "2026-09-13T15:45:32.863955+00:00"}
{"backend": "integrity", "requested": "enterprise", "fallback": "personal", "reason": "integrity_check_failed:modified modules detected: ['maop/enterprise/audit.py', 'maop/enterprise/license.py', 'maop/enterprise/pg_persist.py', 'maop/enterprise/rbac.py', 'maop/enterprise/saml_handler.py', 'maop/enterprise/sso.py', 'maop/enterprise/tenant.py', 'maop/enterprise/tls_auto.py']", "timestamp": "2026-09-13T15:45:32.890712+00:00"}
{"backend": "license", "requested": "enterprise", "fallback": "personal", "reason": "no_license_key", "timestamp": "2026-09-13T15:45:33.156250+00:00"}
{"backend": "integrity", "requested": "enterprise", "fallback": "personal", "reason": "integrity_check_failed:modified modules detected: ['maop/enterprise/audit.py', 'maop/enterprise/license.py', 'maop/enterprise/pg_persist.py', 'maop/enterprise/rbac.py', 'maop/enterprise/saml_handler.py', 'maop/enterprise/sso.py', 'maop/enterprise/tenant.py', 'maop/enterprise/tls_auto.py']", "timestamp": "2026-09-13T15:45:33.184656+00:00"}
{"backend": "license", "requested": "enterprise", "fallback": "personal", "reason": "no_license_key", "timestamp": "2026-09-13T15:45:33.678149+00:00"}
{"backend": "integrity", "requested": "enterprise", "fallback": "personal", "reason": "integrity_check_failed:modified modules detected: ['maop/enterprise/audit.py', 'maop/enterprise/license.py', 'maop/enterprise/pg_persist.py', 'maop/enterprise/rbac.py', 'maop/enterprise/saml_handler.py', 'maop/enterprise/sso.py', 'maop/enterprise/tenant.py', 'maop/enterprise/tls_auto.py']", "timestamp": "2026-09-13T15:45:33.707022+00:00"}
{"backend": "license", "requested": "enterprise", "fallback": "personal", "reason": "no_license_key", "timestamp": "2026-09-13T15:45:34.121522+00:00"}
{"backend": "integrity", "requested": "enterprise", "fallback": "personal", "reason": "integrity_check_failed:modified modules detected: ['maop/enterprise/audit.py', 'maop/enterprise/license.py', 'maop/enterprise/pg_persist.py', 'maop/enterprise/rbac.py', 'maop/enterprise/saml_handler.py', 'maop/enterprise/sso.py', 'maop/enterprise/tenant.py', 'maop/enterprise/tls_auto.py']", "timestamp": "2026-09-13T15:45:34.150127+00:00"}
{"backend": "license", "requested": "enterprise", "fallback": "personal", "reason": "no_license_key", "timestamp": "2026-09-13T15:45:34.525195+00:00"}
{"backend": "integrity", "requested": "enterprise", "fallback": "personal", "reason": "integrity_check_failed:modified modules detected: ['maop/enterprise/audit.py', 'maop/enterprise/license.py', 'maop/enterprise/pg_persist.py', 'maop/enterprise/rbac.py', 'maop/enterprise/saml_handler.py', 'maop/enterprise/sso.py', 'maop/enterprise/tenant.py', 'maop/enterprise/tls_auto.py']", "timestamp": "2026-09-13T15:45:34.555810+00:00"}
{"backend": "license", "requested": "enterprise", "fallback": "personal", "reason": "no_license_key", "timestamp": "2026-09-13T15:45:34.852716+00:00"}
{"backend": "integrity", "requested": "enterprise", "fallback": "personal", "reason": "integrity_check_failed:modified modules detected: ['maop/enterprise/audit.py', 'maop/enterprise/license.py', 'maop/enterprise/pg_persist.py', 'maop/enterprise/rbac.py', 'maop/enterprise/saml_handler.py', 'maop/enterprise/sso.py', 'maop/enterprise/tenant.py', 'maop/enterprise/tls_auto.py']", "timestamp": "2026-09-13T15:45:34.883111+00:00"}
{"backend": "license", "requested": "enterprise", "fallback": "personal", "reason": "no_license_key", "timestamp": "2026-09-13T15:45:35.346961+00:00"}
{"backend": "integrity", "requested": "enterprise", "fallback": "personal", "reason": "integrity_check_failed:modified modules detected: ['maop/enterprise/audit.py', 'maop/enterprise/license.py', 'maop/enterprise/pg_persist.py', 'maop/enterprise/rbac.py', 'maop/enterprise/saml_handler.py', 'maop/enterprise/sso.py', 'maop/enterprise/tenant.py', 'maop/enterprise/tls_auto.py']", "timestamp": "2026-09-13T15:45:35.376152+00:00"}
{"backend": "license", "requested": "enterprise", "fallback": "personal", "reason": "no_license_key", "timestamp": "2026-09-13T15:45:35.625375+00:00"}
{"backend": "integrity", "requested": "enterprise", "fallback": "personal", "reason": "integrity_check_failed:modified modules detected: ['maop/enterprise/audit.py', 'maop/enterprise/license.py', 'maop/enterprise/pg_persist.py', 'maop/enterprise/rbac.py', 'maop/enterprise/saml_handler.py', 'maop/enterprise/sso.py', 'maop/enterprise/tenant.py', 'maop/enterprise/tls_auto.py']", "timestamp": "2026-09-13T15:45:35.652298+00:00"}
{"backend": "license", "requested": "enterprise", "fallback": "personal", "reason": "no_license_key", "timestamp": "2026-09-13T15:45:36.149491+00:00"}
{"backend": "integrity", "requested": "enterprise", "fallback": "personal", "reason": "integrity_check_failed:modified modules detected: ['maop/enterprise/audit.py', 'maop/enterprise/license.py', 'maop/enterprise/pg_persist.py', 'maop/enterprise/rbac.py', 'maop/enterprise/saml_handler.py', 'maop/enterprise/sso.py', 'maop/enterprise/tenant.py', 'maop/enterprise/tls_auto.py']", "timestamp": "2026-09-13T15:45:36.183134+00:00"}
{"backend": "license", "requested": "enterprise", "fallback": "personal", "reason": "no_license_key", "timestamp": "2026-09-13T15:45:36.707450+00:00"}
{"backend": "integrity", "requested": "enterprise", "fallback": "personal", "reason": "integrity_check_failed:modified modules detected: ['maop/enterprise/audit.py', 'maop/enterprise/license.py', 'maop/enterprise/pg_persist.py', 'maop/enterprise/rbac.py', 'maop/enterprise/saml_handler.py', 'maop/enterprise/sso.py', 'maop/enterprise/tenant.py', 'maop/enterprise/tls_auto.py']", "timestamp": "2026-09-13T15:45:36.730445+00:00"}
{"backend": "license", "requested": "enterprise", "fallback": "personal", "reason": "no_license_key", "timestamp": "2026-09-13T15:45:36.960734+00:00"}
{"backend": "integrity", "requested": "enterprise", "fallback": "personal", "reason": "integrity_check_failed:modified modules detected: ['maop/enterprise/audit.py', 'maop/enterprise/license.py', 'maop/enterprise/pg_persist.py', 'maop/enterprise/rbac.py', 'maop/enterprise/saml_handler.py', 'maop/enterprise/sso.py', 'maop/enterprise/tenant.py', 'maop/enterprise/tls_auto.py']", "timestamp": "2026-09-13T15:45:36.984703+00:00"}
{"backend": "license", "requested": "enterprise", "fallback": "personal", "reason": "no_license_key", "timestamp": "2026-09-13T15:46:30.368537+00:00"}
{"backend": "integrity", "requested": "enterprise", "fallback": "personal", "reason": "integrity_check_failed:modified modules detected: ['maop/enterprise/audit.py', 'maop/enterprise/license.py', 'maop/enterprise/pg_persist.py', 'maop/enterprise/rbac.py', 'maop/enterprise/saml_handler.py', 'maop/enterprise/sso.py', 'maop/enterprise/tenant.py', 'maop/enterprise/tls_auto.py']", "timestamp": "2026-09-13T15:46:30.386656+00:00"}
{"backend": "license", "requested": "enterprise", "fallback": "personal", "reason": "no_license_key", "timestamp": "2026-09-13T15:46:38.762513+00:00"}
{"backend": "integrity", "requested": "enterprise", "fallback": "personal", "reason": "integrity_check_failed:modified modules detected: ['maop/enterprise/audit.py', 'maop/enterprise/license.py', 'maop/enterprise/pg_persist.py', 'maop/enterprise/rbac.py', 'maop/enterprise/saml_handler.py', 'maop/enterprise/sso.py', 'maop/enterprise/tenant.py', 'maop/enterprise/tls_auto.py']", "timestamp": "2026-09-13T15:46:38.789937+00:00"}
{"backend": "license", "requested": "enterprise", "fallback": "personal", "reason": "no_license_key", "timestamp": "2026-09-13T15:46:39.295816+00:00"}
{"backend": "integrity", "requested": "enterprise", "fallback": "personal", "reason": "integrity_check_failed:modified modules detected: ['maop/enterprise/audit.py', 'maop/enterprise/license.py', 'maop/enterprise/pg_persist.py', 'maop/enterprise/rbac.py', 'maop/enterprise/saml_handler.py', 'maop/enterprise/sso.py', 'maop/enterprise/tenant.py', 'maop/enterprise/tls_auto.py']", "timestamp": "2026-09-13T15:46:39.322967+00:00"}
{"backend": "license", "requested": "enterprise", "fallback": "personal", "reason": "no_license_key", "timestamp": "2026-09-13T15:46:39.543495+00:00"}
{"backend": "integrity", "requested": "enterprise", "fallback": "personal", "reason": "integrity_check_failed:modified modules detected: ['maop/enterprise/audit.py', 'maop/enterprise/license.py', 'maop/enterprise/pg_persist.py', 'maop/enterprise/rbac.py', 'maop/enterprise/saml_handler.py', 'maop/enterprise/sso.py', 'maop/enterprise/tenant.py', 'maop/enterprise/tls_auto.py']", "timestamp": "2026-09-13T15:46:39.571976+00:00"}
{"backend": "license", "requested": "enterprise", "fallback": "personal", "reason": "no_license_key", "timestamp": "2026-09-13T15:46:40.066594+00:00"}
{"backend": "integrity", "requested": "enterprise", "fallback": "personal", "reason": "integrity_check_failed:modified modules detected: ['maop/enterprise/audit.py', 'maop/enterprise/license.py', 'maop/enterprise/pg_persist.py', 'maop/enterprise/rbac.py', 'maop/enterprise/saml_handler.py', 'maop/enterprise/sso.py', 'maop/enterprise/tenant.py', 'maop/enterprise/tls_auto.py']", "timestamp": "2026-09-13T15:46:40.094941+00:00"}
{"backend": "license", "requested": "enterprise", "fallback": "personal", "reason": "no_license_key", "timestamp": "2026-09-13T15:46:40.251343+00:00"}
{"backend": "integrity", "requested": "enterprise", "fallback": "personal", "reason": "integrity_check_failed:modified modules detected: ['maop/enterprise/audit.py', 'maop/enterprise/license.py', 'maop/enterprise/pg_persist.py', 'maop/enterprise/rbac.py', 'maop/enterprise/saml_handler.py', 'maop/enterprise/sso.py', 'maop/enterprise/tenant.py', 'maop/enterprise/tls_auto.py']", "timestamp": "2026-09-13T15:46:40.279284+00:00"}
{"backend": "license", "requested": "enterprise", "fallback": "personal", "reason": "no_license_key", "timestamp": "2026-09-13T15:46:40.839116+00:00"}
{"backend": "integrity", "requested": "enterprise", "fallback": "personal", "reason": "integrity_check_failed:modified modules detected: ['maop/enterprise/audit.py', 'maop/enterprise/license.py', 'maop/enterprise/pg_persist.py', 'maop/enterprise/rbac.py', 'maop/enterprise/saml_handler.py', 'maop/enterprise/sso.py', 'maop/enterprise/tenant.py', 'maop/enterprise/tls_auto.py']", "timestamp": "2026-09-13T15:46:40.870062+00:00"}
{"backend": "license", "requested": "enterprise", "fallback": "personal", "reason": "no_license_key", "timestamp": "2026-09-13T15:46:41.125184+00:00"}
{"backend": "integrity", "requested": "enterprise", "fallback": "personal", "reason": "integrity_check_failed:modified modules detected: ['maop/enterprise/audit.py', 'maop/enterprise/license.py', 'maop/enterprise/pg_persist.py', 'maop/enterprise/rbac.py', 'maop/enterprise/saml_handler.py', 'maop/enterprise/sso.py', 'maop/enterprise/tenant.py', 'maop/enterprise/tls_auto.py']", "timestamp": "2026-09-13T15:46:41.156427+00:00"}
{"backend": "license", "requested": "enterprise", "fallback": "personal", "reason": "no_license_key", "timestamp": "2026-09-13T15:46:41.709681+00:00"}
{"backend": "integrity", "requested": "enterprise", "fallback": "personal", "reason": "integrity_check_failed:modified modules detected: ['maop/enterprise/audit.py', 'maop/enterprise/license.py', 'maop/enterprise/pg_persist.py', 'maop/enterprise/rbac.py', 'maop/enterprise/saml_handler.py', 'maop/enterprise/sso.py', 'maop/enterprise/tenant.py', 'maop/enterprise/tls_auto.py']", "timestamp": "2026-09-13T15:46:41.741800+00:00"}
{"backend": "license", "requested": "enterprise", "fallback": "personal", "reason": "no_license_key", "timestamp": "2026-09-13T15:46:41.915230+00:00"}
{"backend": "integrity", "requested": "enterprise", "fallback": "personal", "reason": "integrity_check_failed:modified modules detected: ['maop/enterprise/audit.py', 'maop/enterprise/license.py', 'maop/enterprise/pg_persist.py', 'maop/enterprise/rbac.py', 'maop/enterprise/saml_handler.py', 'maop/enterprise/sso.py', 'maop/enterprise/tenant.py', 'maop/enterprise/tls_auto.py']", "timestamp": "2026-09-13T15:46:41.943507+00:00"}
{"backend": "license", "requested": "enterprise", "fallback": "personal", "reason": "no_license_key", "timestamp": "2026-09-13T15:46:42.345954+00:00"}
{"backend": "integrity", "requested": "enterprise", "fallback": "personal", "reason": "integrity_check_failed:modified modules detected: ['maop/enterprise/audit.py', 'maop/enterprise/license.py', 'maop/enterprise/pg_persist.py', 'maop/enterprise/rbac.py', 'maop/enterprise/saml_handler.py', 'maop/enterprise/sso.py', 'maop/enterprise/tenant.py', 'maop/enterprise/tls_auto.py']", "timestamp": "2026-09-13T15:46:42.378255+00:00"}
{"backend": "license", "requested": "enterprise", "fallback": "personal", "reason": "no_license_key", "timestamp": "2026-09-13T15:46:42.690451+00:00"}
{"backend": "integrity", "requested": "enterprise", "fallback": "personal", "reason": "integrity_check_failed:modified modules detected: ['maop/enterprise/audit.py', 'maop/enterprise/license.py', 'maop/enterprise/pg_persist.py', 'maop/enterprise/rbac.py', 'maop/enterprise/saml_handler.py', 'maop/enterprise/sso.py', 'maop/enterprise/tenant.py', 'maop/enterprise/tls_auto.py']", "timestamp": "2026-09-13T15:46:42.718696+00:00"}
{"backend": "license", "requested": "enterprise", "fallback": "personal", "reason": "no_license_key", "timestamp": "2026-09-13T15:46:43.157532+00:00"}
{"backend": "integrity", "requested": "enterprise", "fallback": "personal", "reason": "integrity_check_failed:modified modules detected: ['maop/enterprise/audit.py', 'maop/enterprise/license.py', 'maop/enterprise/pg_persist.py', 'maop/enterprise/rbac.py', 'maop/enterprise/saml_handler.py', 'maop/enterprise/sso.py', 'maop/enterprise/tenant.py', 'maop/enterprise/tls_auto.py']", "timestamp": "2026-09-13T15:46:43.189010+00:00"}
{"backend": "license", "requested": "enterprise", "fallback": "personal", "reason": "no_license_key", "timestamp": "2026-09-13T15:46:43.681395+00:00"}
{"backend": "integrity", "requested": "enterprise", "fallback": "personal", "reason": "integrity_check_failed:modified modules detected: ['maop/enterprise/audit.py', 'maop/enterprise/license.py', 'maop/enterprise/pg_persist.py', 'maop/enterprise/rbac.py', 'maop/enterprise/saml_handler.py', 'maop/enterprise/sso.py', 'maop/enterprise/tenant.py', 'maop/enterprise/tls_auto.py']", "timestamp": "2026-09-13T15:46:43.708966+00:00"}
{"backend": "license", "requested": "enterprise", "fallback": "personal", "reason": "no_license_key", "timestamp": "2026-09-13T15:46:43.968910+00:00"}
{"backend": "integrity", "requested": "enterprise", "fallback": "personal", "reason": "integrity_check_failed:modified modules detected: ['maop/enterprise/audit.py', 'maop/enterprise/license.py', 'maop/enterprise/pg_persist.py', 'maop/enterprise/rbac.py', 'maop/enterprise/saml_handler.py', 'maop/enterprise/sso.py', 'maop/enterprise/tenant.py', 'maop/enterprise/tls_auto.py']", "timestamp": "2026-09-13T15:46:43.994886+00:00"}
{"backend": "license", "requested": "enterprise", "fallback": "personal", "reason": "no_license_key", "timestamp": "2026-09-13T15:46:44.270334+00:00"}
{"backend": "integrity", "requested": "enterprise", "fallback": "personal", "reason": "integrity_check_failed:modified modules detected: ['maop/enterprise/audit.py', 'maop/enterprise/license.py', 'maop/enterprise/pg_persist.py', 'maop/enterprise/rbac.py', 'maop/enterprise/saml_handler.py', 'maop/enterprise/sso.py', 'maop/enterprise/tenant.py', 'maop/enterprise/tls_auto.py']", "timestamp": "2026-09-13T15:46:44.298289+00:00"}
{"backend": "license", "requested": "enterprise", "fallback": "personal", "reason": "no_license_key", "timestamp": "2026-09-13T15:46:44.624166+00:00"}
{"backend": "integrity", "requested": "enterprise", "fallback": "personal", "reason": "integrity_check_failed:modified modules detected: ['maop/enterprise/audit.py', 'maop/enterprise/license.py', 'maop/enterprise/pg_persist.py', 'maop/enterprise/rbac.py', 'maop/enterprise/saml_handler.py', 'maop/enterprise/sso.py', 'maop/enterprise/tenant.py', 'maop/enterprise/tls_auto.py']", "timestamp": "2026-09-13T15:46:44.648803+00:00"}
{"backend": "license", "requested": "enterprise", "fallback": "personal", "reason": "no_license_key", "timestamp": "2026-09-13T15:47:55.554718+00:00"}
{"backend": "integrity", "requested": "enterprise", "fallback": "personal", "reason": "integrity_check_failed:modified modules detected: ['maop/enterprise/audit.py', 'maop/enterprise/license.py', 'maop/enterprise/pg_persist.py', 'maop/enterprise/rbac.py', 'maop/enterprise/saml_handler.py', 'maop/enterprise/sso.py', 'maop/enterprise/tenant.py', 'maop/enterprise/tls_auto.py']", "timestamp": "2026-09-13T15:47:55.571092+00:00"}
{"backend": "license", "requested": "enterprise", "fallback": "personal", "reason": "no_license_key", "timestamp": "2026-09-13T15:48:03.771072+00:00"}
{"backend": "integrity", "requested": "enterprise", "fallback": "personal", "reason": "integrity_check_failed:modified modules detected: ['maop/enterprise/audit.py', 'maop/enterprise/license.py', 'maop/enterprise/pg_persist.py', 'maop/enterprise/rbac.py', 'maop/enterprise/saml_handler.py', 'maop/enterprise/sso.py', 'maop/enterprise/tenant.py', 'maop/enterprise/tls_auto.py']", "timestamp": "2026-09-13T15:48:03.798791+00:00"}
{"backend": "license", "requested": "enterprise", "fallback": "personal", "reason": "no_license_key", "timestamp": "2026-09-13T15:48:04.371871+00:00"}
{"backend": "integrity", "requested": "enterprise", "fallback": "personal", "reason": "integrity_check_failed:modified modules detected: ['maop/enterprise/audit.py', 'maop/enterprise/license.py', 'maop/enterprise/pg_persist.py', 'maop/enterprise/rbac.py', 'maop/enterprise/saml_handler.py', 'maop/enterprise/sso.py', 'maop/enterprise/tenant.py', 'maop/enterprise/tls_auto.py']", "timestamp": "2026-09-13T15:48:04.399983+00:00"}
{"backend": "license", "requested": "enterprise", "fallback": "personal", "reason": "no_license_key", "timestamp": "2026-09-13T15:48:04.547675+00:00"}
{"backend": "integrity", "requested": "enterprise", "fallback": "personal", "reason": "integrity_check_failed:modified modules detected: ['maop/enterprise/audit.py', 'maop/enterprise/license.py', 'maop/enterprise/pg_persist.py', 'maop/enterprise/rbac.py', 'maop/enterprise/saml_handler.py', 'maop/enterprise/sso.py', 'maop/enterprise/tenant.py', 'maop/enterprise/tls_auto.py']", "timestamp": "2026-09-13T15:48:04.575078+00:00"}
{"backend": "license", "requested": "enterprise", "fallback": "personal", "reason": "no_license_key", "timestamp": "2026-09-13T15:48:05.080623+00:00"}
{"backend": "integrity", "requested": "enterprise", "fallback": "personal", "reason": "integrity_check_failed:modified modules detected: ['maop/enterprise/audit.py', 'maop/enterprise/license.py', 'maop/enterprise/pg_persist.py', 'maop/enterprise/rbac.py', 'maop/enterprise/saml_handler.py', 'maop/enterprise/sso.py', 'maop/enterprise/tenant.py', 'maop/enterprise/tls_auto.py']", "timestamp": "2026-09-13T15:48:05.109939+00:00"}
{"backend": "license", "requested": "enterprise", "fallback": "personal", "reason": "no_license_key", "timestamp": "2026-09-13T15:48:05.256611+00:00"}
{"backend": "integrity", "requested": "enterprise", "fallback": "personal", "reason": "integrity_check_failed:modified modules detected: ['maop/enterprise/audit.py', 'maop/enterprise/license.py', 'maop/enterprise/pg_persist.py', 'maop/enterprise/rbac.py', 'maop/enterprise/saml_handler.py', 'maop/enterprise/sso.py', 'maop/enterprise/tenant.py', 'maop/enterprise/tls_auto.py']", "timestamp": "2026-09-13T15:48:05.285200+00:00"}
{"backend": "license", "requested": "enterprise", "fallback": "personal", "reason": "no_license_key", "timestamp": "2026-09-13T15:48:05.665099+00:00"}
{"backend": "integrity", "requested": "enterprise", "fallback": "personal", "reason": "integrity_check_failed:modified modules detected: ['maop/enterprise/audit.py', 'maop/enterprise/license.py', 'maop/enterprise/pg_persist.py', 'maop/enterprise/rbac.py', 'maop/enterprise/saml_handler.py', 'maop/enterprise/sso.py', 'maop/enterprise/tenant.py', 'maop/enterprise/tls_auto.py']", "timestamp": "2026-09-13T15:48:05.693056+00:00"}
{"backend": "license", "requested": "enterprise", "fallback": "personal", "reason": "no_license_key", "timestamp": "2026-09-13T15:48:06.280488+00:00"}
{"backend": "integrity", "requested": "enterprise", "fallback": "personal", "reason": "integrity_check_failed:modified modules detected: ['maop/enterprise/audit.py', 'maop/enterprise/license.py', 'maop/enterprise/pg_persist.py', 'maop/enterprise/rbac.py', 'maop/enterprise/saml_handler.py', 'maop/enterprise/sso.py', 'maop/enterprise/tenant.py', 'maop/enterprise/tls_auto.py']", "timestamp": "2026-09-13T15:48:06.324027+00:00"}
{"backend": "license", "requested": "enterprise", "fallback": "personal", "reason": "no_license_key", "timestamp": "2026-09-13T15:48:06.692505+00:00"}
{"backend": "integrity", "requested": "enterprise", "fallback": "personal", "reason": "integrity_check_failed:modified modules detected: ['maop/enterprise/audit.py', 'maop/enterprise/license.py', 'maop/enterprise/pg_persist.py', 'maop/enterprise/rbac.py', 'maop/enterprise/saml_handler.py', 'maop/enterprise/sso.py', 'maop/enterprise/tenant.py', 'maop/enterprise/tls_auto.py']", "timestamp": "2026-09-13T15:48:06.720887+00:00"}
{"backend": "license", "requested": "enterprise", "fallback": "personal", "reason": "no_license_key", "timestamp": "2026-09-13T15:48:06.876227+00:00"}
{"backend": "integrity", "requested": "enterprise", "fallback": "personal", "reason": "integrity_check_failed:modified modules detected: ['maop/enterprise/audit.py', 'maop/enterprise/license.py', 'maop/enterprise/pg_persist.py', 'maop/enterprise/rbac.py', 'maop/enterprise/saml_handler.py', 'maop/enterprise/sso.py', 'maop/enterprise/tenant.py', 'maop/enterprise/tls_auto.py']", "timestamp": "2026-09-13T15:48:06.905019+00:00"}
{"backend": "license", "requested": "enterprise", "fallback": "personal", "reason": "no_license_key", "timestamp": "2026-09-13T15:48:07.329848+00:00"}
{"backend": "integrity", "requested": "enterprise", "fallback": "personal", "reason": "integrity_check_failed:modified modules detected: ['maop/enterprise/audit.py', 'maop/enterprise/license.py', 'maop/enterprise/pg_persist.py', 'maop/enterprise/rbac.py', 'maop/enterprise/saml_handler.py', 'maop/enterprise/sso.py', 'maop/enterprise/tenant.py', 'maop/enterprise/tls_auto.py']", "timestamp": "2026-09-13T15:48:07.358807+00:00"}
{"backend": "license", "requested": "enterprise", "fallback": "personal", "reason": "no_license_key", "timestamp": "2026-09-13T15:48:07.489644+00:00"}
{"backend": "integrity", "requested": "enterprise", "fallback": "personal", "reason": "integrity_check_failed:modified modules detected: ['maop/enterprise/audit.py', 'maop/enterprise/license.py', 'maop/enterprise/pg_persist.py', 'maop/enterprise/rbac.py', 'maop/enterprise/saml_handler.py', 'maop/enterprise/sso.py', 'maop/enterprise/tenant.py', 'maop/enterprise/tls_auto.py']", "timestamp": "2026-09-13T15:48:07.515974+00:00"}
{"backend": "license", "requested": "enterprise", "fallback": "personal", "reason": "no_license_key", "timestamp": "2026-09-13T15:48:07.934429+00:00"}
{"backend": "integrity", "requested": "enterprise", "fallback": "personal", "reason": "integrity_check_failed:modified modules detected: ['maop/enterprise/audit.py', 'maop/enterprise/license.py', 'maop/enterprise/pg_persist.py', 'maop/enterprise/rbac.py', 'maop/enterprise/saml_handler.py', 'maop/enterprise/sso.py', 'maop/enterprise/tenant.py', 'maop/enterprise/tls_auto.py']", "timestamp": "2026-09-13T15:48:07.959117+00:00"}
{"backend": "license", "requested": "enterprise", "fallback": "personal", "reason": "no_license_key", "timestamp": "2026-09-13T15:48:08.296330+00:00"}
{"backend": "integrity", "requested": "enterprise", "fallback": "personal", "reason": "integrity_check_failed:modified modules detected: ['maop/enterprise/audit.py', 'maop/enterprise/license.py', 'maop/enterprise/pg_persist.py', 'maop/enterprise/rbac.py', 'maop/enterprise/saml_handler.py', 'maop/enterprise/sso.py', 'maop/enterprise/tenant.py', 'maop/enterprise/tls_auto.py']", "timestamp": "2026-09-13T15:48:08.321577+00:00"}
{"backend": "license", "requested": "enterprise", "fallback": "personal", "reason": "no_license_key", "timestamp": "2026-09-13T15:48:08.575031+00:00"}
{"backend": "integrity", "requested": "enterprise", "fallback": "personal", "reason": "integrity_check_failed:modified modules detected: ['maop/enterprise/audit.py', 'maop/enterprise/license.py', 'maop/enterprise/pg_persist.py', 'maop/enterprise/rbac.py', 'maop/enterprise/saml_handler.py', 'maop/enterprise/sso.py', 'maop/enterprise/tenant.py', 'maop/enterprise/tls_auto.py']", "timestamp": "2026-09-13T15:48:08.598901+00:00"}
{"backend": "license", "requested": "enterprise", "fallback": "personal", "reason": "no_license_key", "timestamp": "2026-09-13T15:48:08.783339+00:00"}
{"backend": "integrity", "requested": "enterprise", "fallback": "personal", "reason": "integrity_check_failed:modified modules detected: ['maop/enterprise/audit.py', 'maop/enterprise/license.py', 'maop/enterprise/pg_persist.py', 'maop/enterprise/rbac.py', 'maop/enterprise/saml_handler.py', 'maop/enterprise/sso.py', 'maop/enterprise/tenant.py', 'maop/enterprise/tls_auto.py']", "timestamp": "2026-09-13T15:48:08.806656+00:00"}
{"backend": "license", "requested": "enterprise", "fallback": "personal", "reason": "no_license_key", "timestamp": "2026-09-13T15:48:09.147563+00:00"}
{"backend": "integrity", "requested": "enterprise", "fallback": "personal", "reason": "integrity_check_failed:modified modules detected: ['maop/enterprise/audit.py', 'maop/enterprise/license.py', 'maop/enterprise/pg_persist.py', 'maop/enterprise/rbac.py', 'maop/enterprise/saml_handler.py', 'maop/enterprise/sso.py', 'maop/enterprise/tenant.py', 'maop/enterprise/tls_auto.py']", "timestamp": "2026-09-13T15:48:09.170346+00:00"}
{"backend": "license", "requested": "enterprise", "fallback": "personal", "reason": "no_license_key", "timestamp": "2026-09-13T15:48:54.790017+00:00"}
{"backend": "integrity", "requested": "enterprise", "fallback": "personal", "reason": "integrity_check_failed:modified modules detected: ['maop/enterprise/audit.py', 'maop/enterprise/license.py', 'maop/enterprise/license_manager.py', 'maop/enterprise/pg_persist.py', 'maop/enterprise/rbac.py', 'maop/enterprise/saml_handler.py', 'maop/enterprise/sso.py', 'maop/enterprise/tenant.py', 'maop/enterprise/tls_auto.py']", "timestamp": "2026-09-13T15:48:54.804177+00:00"}
{"backend": "license", "requested": "enterprise", "fallback": "personal", "reason": "no_license_key", "timestamp": "2026-09-13T15:49:00.878955+00:00"}
{"backend": "integrity", "requested": "enterprise", "fallback": "personal", "reason": "integrity_check_failed:modified modules detected: ['maop/enterprise/audit.py', 'maop/enterprise/license.py', 'maop/enterprise/license_manager.py', 'maop/enterprise/pg_persist.py', 'maop/enterprise/rbac.py', 'maop/enterprise/saml_handler.py', 'maop/enterprise/sso.py', 'maop/enterprise/tenant.py', 'maop/enterprise/tls_auto.py']", "timestamp": "2026-09-13T15:49:00.903325+00:00"}
{"backend": "license", "requested": "enterprise", "fallback": "personal", "reason": "no_license_key", "timestamp": "2026-09-13T15:49:01.512078+00:00"}
{"backend": "integrity", "requested": "enterprise", "fallback": "personal", "reason": "integrity_check_failed:modified modules detected: ['maop/enterprise/audit.py', 'maop/enterprise/license.py', 'maop/enterprise/license_manager.py', 'maop/enterprise/pg_persist.py', 'maop/enterprise/rbac.py', 'maop/enterprise/saml_handler.py', 'maop/enterprise/sso.py', 'maop/enterprise/tenant.py', 'maop/enterprise/tls_auto.py']", "timestamp": "2026-09-13T15:49:01.541341+00:00"}
{"backend": "license", "requested": "enterprise", "fallback": "personal", "reason": "no_license_key", "timestamp": "2026-09-13T15:49:01.709532+00:00"}
{"backend": "integrity", "requested": "enterprise", "fallback": "personal", "reason": "integrity_check_failed:modified modules detected: ['maop/enterprise/audit.py', 'maop/enterprise/license.py', 'maop/enterprise/license_manager.py', 'maop/enterprise/pg_persist.py', 'maop/enterprise/rbac.py', 'maop/enterprise/saml_handler.py', 'maop/enterprise/sso.py', 'maop/enterprise/tenant.py', 'maop/enterprise/tls_auto.py']", "timestamp": "2026-09-13T15:49:01.734523+00:00"}
{"backend": "license", "requested": "enterprise", "fallback": "personal", "reason": "no_license_key", "timestamp": "2026-09-13T15:49:02.258854+00:00"}
{"backend": "integrity", "requested": "enterprise", "fallback": "personal", "reason": "integrity_check_failed:modified modules detected: ['maop/enterprise/audit.py', 'maop/enterprise/license.py', 'maop/enterprise/license_manager.py', 'maop/enterprise/pg_persist.py', 'maop/enterprise/rbac.py', 'maop/enterprise/saml_handler.py', 'maop/enterprise/sso.py', 'maop/enterprise/tenant.py', 'maop/enterprise/tls_auto.py']", "timestamp": "2026-09-13T15:49:02.291599+00:00"}
{"backend": "license", "requested": "enterprise", "fallback": "personal", "reason": "no_license_key", "timestamp": "2026-09-13T15:49:02.482240+00:00"}
{"backend": "integrity", "requested": "enterprise", "fallback": "personal", "reason": "integrity_check_failed:modified modules detected: ['maop/enterprise/audit.py', 'maop/enterprise/license.py', 'maop/enterprise/license_manager.py', 'maop/enterprise/pg_persist.py', 'maop/enterprise/rbac.py', 'maop/enterprise/saml_handler.py', 'maop/enterprise/sso.py', 'maop/enterprise/tenant.py', 'maop/enterprise/tls_auto.py']", "timestamp": "2026-09-13T15:49:02.504995+00:00"}
{"backend": "license", "requested": "enterprise", "fallback": "personal", "reason": "no_license_key", "timestamp": "2026-09-13T15:49:02.962937+00:00"}
{"backend": "integrity", "requested": "enterprise", "fallback": "personal", "reason": "integrity_check_failed:modified modules detected: ['maop/enterprise/audit.py', 'maop/enterprise/license.py', 'maop/enterprise/license_manager.py', 'maop/enterprise/pg_persist.py', 'maop/enterprise/rbac.py', 'maop/enterprise/saml_handler.py', 'maop/enterprise/sso.py', 'maop/enterprise/tenant.py', 'maop/enterprise/tls_auto.py']", "timestamp": "2026-09-13T15:49:02.986635+00:00"}
{"backend": "license", "requested": "enterprise", "fallback": "personal", "reason": "no_license_key", "timestamp": "2026-09-13T15:49:03.227733+00:00"}
{"backend": "integrity", "requested": "enterprise", "fallback": "personal", "reason": "integrity_check_failed:modified modules detected: ['maop/enterprise/audit.py', 'maop/enterprise/license.py', 'maop/enterprise/license_manager.py', 'maop/enterprise/pg_persist.py', 'maop/enterprise/rbac.py', 'maop/enterprise/saml_handler.py', 'maop/enterprise/sso.py', 'maop/enterprise/tenant.py', 'maop/enterprise/tls_auto.py']", "timestamp": "2026-09-13T15:49:03.248614+00:00"}
{"backend": "license", "requested": "enterprise", "fallback": "personal", "reason": "no_license_key", "timestamp": "2026-09-13T15:49:03.647108+00:00"}
{"backend": "integrity", "requested": "enterprise", "fallback": "personal", "reason": "integrity_check_failed:modified modules detected: ['maop/enterprise/audit.py', 'maop/enterprise/license.py', 'maop/enterprise/license_manager.py', 'maop/enterprise/pg_persist.py', 'maop/enterprise/rbac.py', 'maop/enterprise/saml_handler.py', 'maop/enterprise/sso.py', 'maop/enterprise/tenant.py', 'maop/enterprise/tls_auto.py']", "timestamp": "2026-09-13T15:49:03.668967+00:00"}
{"backend": "license", "requested": "enterprise", "fallback": "personal", "reason": "no_license_key", "timestamp": "2026-09-13T15:49:03.873761+00:00"}
{"backend": "integrity", "requested": "enterprise", "fallback": "personal", "reason": "integrity_check_failed:modified modules detected: ['maop/enterprise/audit.py', 'maop/enterprise/license.py', 'maop/enterprise/license_manager.py', 'maop/enterprise/pg_persist.py', 'maop/enterprise/rbac.py', 'maop/enterprise/saml_handler.py', 'maop/enterprise/sso.py', 'maop/enterprise/tenant.py', 'maop/enterprise/tls_auto.py']", "timestamp": "2026-09-13T15:49:03.897581+00:00"}
{"backend": "license", "requested": "enterprise", "fallback": "personal", "reason": "no_license_key", "timestamp": "2026-09-13T15:49:04.280501+00:00"}
{"backend": "integrity", "requested": "enterprise", "fallback": "personal", "reason": "integrity_check_failed:modified modules detected: ['maop/enterprise/audit.py', 'maop/enterprise/license.py', 'maop/enterprise/license_manager.py', 'maop/enterprise/pg_persist.py', 'maop/enterprise/rbac.py', 'maop/enterprise/saml_handler.py', 'maop/enterprise/sso.py', 'maop/enterprise/tenant.py', 'maop/enterprise/tls_auto.py']", "timestamp": "2026-09-13T15:49:04.300986+00:00"}
{"backend": "license", "requested": "enterprise", "fallback": "personal", "reason": "no_license_key", "timestamp": "2026-09-13T15:49:04.550054+00:00"}
{"backend": "integrity", "requested": "enterprise", "fallback": "personal", "reason": "integrity_check_failed:modified modules detected: ['maop/enterprise/audit.py', 'maop/enterprise/license.py', 'maop/enterprise/license_manager.py', 'maop/enterprise/pg_persist.py', 'maop/enterprise/rbac.py', 'maop/enterprise/saml_handler.py', 'maop/enterprise/sso.py', 'maop/enterprise/tenant.py', 'maop/enterprise/tls_auto.py']", "timestamp": "2026-09-13T15:49:04.568602+00:00"}
{"backend": "license", "requested": "enterprise", "fallback": "personal", "reason": "no_license_key", "timestamp": "2026-09-13T15:49:04.954445+00:00"}
{"backend": "integrity", "requested": "enterprise", "fallback": "personal", "reason": "integrity_check_failed:modified modules detected: ['maop/enterprise/audit.py', 'maop/enterprise/license.py', 'maop/enterprise/license_manager.py', 'maop/enterprise/pg_persist.py', 'maop/enterprise/rbac.py', 'maop/enterprise/saml_handler.py', 'maop/enterprise/sso.py', 'maop/enterprise/tenant.py', 'maop/enterprise/tls_auto.py']", "timestamp": "2026-09-13T15:49:04.976260+00:00"}
{"backend": "license", "requested": "enterprise", "fallback": "personal", "reason": "no_license_key", "timestamp": "2026-09-13T15:49:05.184987+00:00"}
{"backend": "integrity", "requested": "enterprise", "fallback": "personal", "reason": "integrity_check_failed:modified modules detected: ['maop/enterprise/audit.py', 'maop/enterprise/license.py', 'maop/enterprise/license_manager.py', 'maop/enterprise/pg_persist.py', 'maop/enterprise/rbac.py', 'maop/enterprise/saml_handler.py', 'maop/enterprise/sso.py', 'maop/enterprise/tenant.py', 'maop/enterprise/tls_auto.py']", "timestamp": "2026-09-13T15:49:05.204341+00:00"}
{"backend": "license", "requested": "enterprise", "fallback": "personal", "reason": "no_license_key", "timestamp": "2026-09-13T15:49:05.565486+00:00"}
{"backend": "integrity", "requested": "enterprise", "fallback": "personal", "reason": "integrity_check_failed:modified modules detected: ['maop/enterprise/audit.py', 'maop/enterprise/license.py', 'maop/enterprise/license_manager.py', 'maop/enterprise/pg_persist.py', 'maop/enterprise/rbac.py', 'maop/enterprise/saml_handler.py', 'maop/enterprise/sso.py', 'maop/enterprise/tenant.py', 'maop/enterprise/tls_auto.py']", "timestamp": "2026-09-13T15:49:05.586015+00:00"}
{"backend": "license", "requested": "enterprise", "fallback": "personal", "reason": "no_license_key", "timestamp": "2026-09-13T15:49:05.668016+00:00"}
{"backend": "integrity", "requested": "enterprise", "fallback": "personal", "reason": "integrity_check_failed:modified modules detected: ['maop/enterprise/audit.py', 'maop/enterprise/license.py', 'maop/enterprise/license_manager.py', 'maop/enterprise/pg_persist.py', 'maop/enterprise/rbac.py', 'maop/enterprise/saml_handler.py', 'maop/enterprise/sso.py', 'maop/enterprise/tenant.py', 'maop/enterprise/tls_auto.py']", "timestamp": "2026-09-13T15:49:05.688257+00:00"}
{"backend": "license", "requested": "enterprise", "fallback": "personal", "reason": "no_license_key", "timestamp": "2026-09-13T15:49:05.957908+00:00"}
{"backend": "integrity", "requested": "enterprise", "fallback": "personal", "reason": "integrity_check_failed:modified modules detected: ['maop/enterprise/audit.py', 'maop/enterprise/license.py', 'maop/enterprise/license_manager.py', 'maop/enterprise/pg_persist.py', 'maop/enterprise/rbac.py', 'maop/enterprise/saml_handler.py', 'maop/enterprise/sso.py', 'maop/enterprise/tenant.py', 'maop/enterprise/tls_auto.py']", "timestamp": "2026-09-13T15:49:05.977053+00:00"}
{"backend": "license", "requested": "enterprise", "fallback": "personal", "reason": "no_license_key", "timestamp": "2026-09-13T15:49:44.096964+00:00"}
{"backend": "integrity", "requested": "enterprise", "fallback": "personal", "reason": "integrity_check_failed:modified modules detected: ['maop/enterprise/audit.py', 'maop/enterprise/license.py', 'maop/enterprise/license_manager.py', 'maop/enterprise/pg_persist.py', 'maop/enterprise/rbac.py', 'maop/enterprise/saml_handler.py', 'maop/enterprise/sso.py', 'maop/enterprise/tenant.py', 'maop/enterprise/tls_auto.py']", "timestamp": "2026-09-13T15:49:44.112896+00:00"}
{"backend": "license", "requested": "enterprise", "fallback": "personal", "reason": "no_license_key", "timestamp": "2026-09-13T15:49:50.490284+00:00"}
{"backend": "integrity", "requested": "enterprise", "fallback": "personal", "reason": "integrity_check_failed:modified modules detected: ['maop/enterprise/audit.py', 'maop/enterprise/license.py', 'maop/enterprise/license_manager.py', 'maop/enterprise/pg_persist.py', 'maop/enterprise/rbac.py', 'maop/enterprise/saml_handler.py', 'maop/enterprise/sso.py', 'maop/enterprise/tenant.py', 'maop/enterprise/tls_auto.py']", "timestamp": "2026-09-13T15:49:50.515581+00:00"}
{"backend": "license", "requested": "enterprise", "fallback": "personal", "reason": "no_license_key", "timestamp": "2026-09-13T15:49:50.740815+00:00"}
{"backend": "integrity", "requested": "enterprise", "fallback": "personal", "reason": "integrity_check_failed:modified modules detected: ['maop/enterprise/audit.py', 'maop/enterprise/license.py', 'maop/enterprise/license_manager.py', 'maop/enterprise/pg_persist.py', 'maop/enterprise/rbac.py', 'maop/enterprise/saml_handler.py', 'maop/enterprise/sso.py', 'maop/enterprise/tenant.py', 'maop/enterprise/tls_auto.py']", "timestamp": "2026-09-13T15:49:50.766775+00:00"}
{"backend": "license", "requested": "enterprise", "fallback": "personal", "reason": "no_license_key", "timestamp": "2026-09-13T15:49:51.273902+00:00"}
{"backend": "integrity", "requested": "enterprise", "fallback": "personal", "reason": "integrity_check_failed:modified modules detected: ['maop/enterprise/audit.py', 'maop/enterprise/license.py', 'maop/enterprise/license_manager.py', 'maop/enterprise/pg_persist.py', 'maop/enterprise/rbac.py', 'maop/enterprise/saml_handler.py', 'maop/enterprise/sso.py', 'maop/enterprise/tenant.py', 'maop/enterprise/tls_auto.py']", "timestamp": "2026-09-13T15:49:51.300422+00:00"}
{"backend": "license", "requested": "enterprise", "fallback": "personal", "reason": "no_license_key", "timestamp": "2026-09-13T15:49:51.546328+00:00"}
{"backend": "integrity", "requested": "enterprise", "fallback": "personal", "reason": "integrity_check_failed:modified modules detected: ['maop/enterprise/audit.py', 'maop/enterprise/license.py', 'maop/enterprise/license_manager.py', 'maop/enterprise/pg_persist.py', 'maop/enterprise/rbac.py', 'maop/enterprise/saml_handler.py', 'maop/enterprise/sso.py', 'maop/enterprise/tenant.py', 'maop/enterprise/tls_auto.py']", "timestamp": "2026-09-13T15:49:51.571473+00:00"}
{"backend": "license", "requested": "enterprise", "fallback": "personal", "reason": "no_license_key", "timestamp": "2026-09-13T15:49:52.055672+00:00"}
{"backend": "integrity", "requested": "enterprise", "fallback": "personal", "reason": "integrity_check_failed:modified modules detected: ['maop/enterprise/audit.py', 'maop/enterprise/license.py', 'maop/enterprise/license_manager.py', 'maop/enterprise/pg_persist.py', 'maop/enterprise/rbac.py', 'maop/enterprise/saml_handler.py', 'maop/enterprise/sso.py', 'maop/enterprise/tenant.py', 'maop/enterprise/tls_auto.py']", "timestamp": "2026-09-13T15:49:52.081734+00:00"}
{"backend": "license", "requested": "enterprise", "fallback": "personal", "reason": "no_license_key", "timestamp": "2026-09-13T15:49:52.295870+00:00"}
{"backend": "integrity", "requested": "enterprise", "fallback": "personal", "reason": "integrity_check_failed:modified modules detected: ['maop/enterprise/audit.py', 'maop/enterprise/license.py', 'maop/enterprise/license_manager.py', 'maop/enterprise/pg_persist.py', 'maop/enterprise/rbac.py', 'maop/enterprise/saml_handler.py', 'maop/enterprise/sso.py', 'maop/enterprise/tenant.py', 'maop/enterprise/tls_auto.py']", "timestamp": "2026-09-13T15:49:52.319186+00:00"}
{"backend": "license", "requested": "enterprise", "fallback": "personal", "reason": "no_license_key", "timestamp": "2026-09-13T15:49:52.772062+00:00"}
{"backend": "integrity", "requested": "enterprise", "fallback": "personal", "reason": "integrity_check_failed:modified modules detected: ['maop/enterprise/audit.py', 'maop/enterprise/license.py', 'maop/enterprise/license_manager.py', 'maop/enterprise/pg_persist.py', 'maop/enterprise/rbac.py', 'maop/enterprise/saml_handler.py', 'maop/enterprise/sso.py', 'maop/enterprise/tenant.py', 'maop/enterprise/tls_auto.py']", "timestamp": "2026-09-13T15:49:52.794793+00:00"}
{"backend": "license", "requested": "enterprise", "fallback": "personal", "reason": "no_license_key", "timestamp": "2026-09-13T15:49:52.986528+00:00"}
{"backend": "integrity", "requested": "enterprise", "fallback": "personal", "reason": "integrity_check_failed:modified modules detected: ['maop/enterprise/audit.py', 'maop/enterprise/license.py', 'maop/enterprise/license_manager.py', 'maop/enterprise/pg_persist.py', 'maop/enterprise/rbac.py', 'maop/enterprise/saml_handler.py', 'maop/enterprise/sso.py', 'maop/enterprise/tenant.py', 'maop/enterprise/tls_auto.py']", "timestamp": "2026-09-13T15:49:53.008637+00:00"}
{"backend": "license", "requested": "enterprise", "fallback": "personal", "reason": "no_license_key", "timestamp": "2026-09-13T15:49:53.429094+00:00"}
{"backend": "integrity", "requested": "enterprise", "fallback": "personal", "reason": "integrity_check_failed:modified modules detected: ['maop/enterprise/audit.py', 'maop/enterprise/license.py', 'maop/enterprise/license_manager.py', 'maop/enterprise/pg_persist.py', 'maop/enterprise/rbac.py', 'maop/enterprise/saml_handler.py', 'maop/enterprise/sso.py', 'maop/enterprise/tenant.py', 'maop/enterprise/tls_auto.py']", "timestamp": "2026-09-13T15:49:53.454768+00:00"}
{"backend": "license", "requested": "enterprise", "fallback": "personal", "reason": "no_license_key", "timestamp": "2026-09-13T15:49:53.617539+00:00"}
{"backend": "integrity", "requested": "enterprise", "fallback": "personal", "reason": "integrity_check_failed:modified modules detected: ['maop/enterprise/audit.py', 'maop/enterprise/license.py', 'maop/enterprise/license_manager.py', 'maop/enterprise/pg_persist.py', 'maop/enterprise/rbac.py', 'maop/enterprise/saml_handler.py', 'maop/enterprise/sso.py', 'maop/enterprise/tenant.py', 'maop/enterprise/tls_auto.py']", "timestamp": "2026-09-13T15:49:53.638280+00:00"}
{"backend": "license", "requested": "enterprise", "fallback": "personal", "reason": "no_license_key", "timestamp": "2026-09-13T15:49:54.191909+00:00"}
{"backend": "integrity", "requested": "enterprise", "fallback": "personal", "reason": "integrity_check_failed:modified modules detected: ['maop/enterprise/audit.py', 'maop/enterprise/license.py', 'maop/enterprise/license_manager.py', 'maop/enterprise/pg_persist.py', 'maop/enterprise/rbac.py', 'maop/enterprise/saml_handler.py', 'maop/enterprise/sso.py', 'maop/enterprise/tenant.py', 'maop/enterprise/tls_auto.py']", "timestamp": "2026-09-13T15:49:54.212532+00:00"}
{"backend": "license", "requested": "enterprise", "fallback": "personal", "reason": "no_license_key", "timestamp": "2026-09-13T15:49:54.296459+00:00"}
{"backend": "integrity", "requested": "enterprise", "fallback": "personal", "reason": "integrity_check_failed:modified modules detected: ['maop/enterprise/audit.py', 'maop/enterprise/license.py', 'maop/enterprise/license_manager.py', 'maop/enterprise/pg_persist.py', 'maop/enterprise/rbac.py', 'maop/enterprise/saml_handler.py', 'maop/enterprise/sso.py', 'maop/enterprise/tenant.py', 'maop/enterprise/tls_auto.py']", "timestamp": "2026-09-13T15:49:54.314913+00:00"}
{"backend": "license", "requested": "enterprise", "fallback": "personal", "reason": "no_license_key", "timestamp": "2026-09-13T15:49:54.583276+00:00"}
{"backend": "integrity", "requested": "enterprise", "fallback": "personal", "reason": "integrity_check_failed:modified modules detected: ['maop/enterprise/audit.py', 'maop/enterprise/license.py', 'maop/enterprise/license_manager.py', 'maop/enterprise/pg_persist.py', 'maop/enterprise/rbac.py', 'maop/enterprise/saml_handler.py', 'maop/enterprise/sso.py', 'maop/enterprise/tenant.py', 'maop/enterprise/tls_auto.py']", "timestamp": "2026-09-13T15:49:54.601788+00:00"}
{"backend": "license", "requested": "enterprise", "fallback": "personal", "reason": "no_license_key", "timestamp": "2026-09-13T15:49:54.994846+00:00"}
{"backend": "integrity", "requested": "enterprise", "fallback": "personal", "reason": "integrity_check_failed:modified modules detected: ['maop/enterprise/audit.py', 'maop/enterprise/license.py', 'maop/enterprise/license_manager.py', 'maop/enterprise/pg_persist.py', 'maop/enterprise/rbac.py', 'maop/enterprise/saml_handler.py', 'maop/enterprise/sso.py', 'maop/enterprise/tenant.py', 'maop/enterprise/tls_auto.py']", "timestamp": "2026-09-13T15:49:55.012760+00:00"}
{"backend": "license", "requested": "enterprise", "fallback": "personal", "reason": "no_license_key", "timestamp": "2026-09-13T15:49:55.138922+00:00"}
{"backend": "integrity", "requested": "enterprise", "fallback": "personal", "reason": "integrity_check_failed:modified modules detected: ['maop/enterprise/audit.py', 'maop/enterprise/license.py', 'maop/enterprise/license_manager.py', 'maop/enterprise/pg_persist.py', 'maop/enterprise/rbac.py', 'maop/enterprise/saml_handler.py', 'maop/enterprise/sso.py', 'maop/enterprise/tenant.py', 'maop/enterprise/tls_auto.py']", "timestamp": "2026-09-13T15:49:55.158136+00:00"}
{"backend": "license", "requested": "enterprise", "fallback": "personal", "reason": "no_license_key", "timestamp": "2026-09-13T15:49:55.352136+00:00"}
{"backend": "integrity", "requested": "enterprise", "fallback": "personal", "reason": "integrity_check_failed:modified modules detected: ['maop/enterprise/audit.py', 'maop/enterprise/license.py', 'maop/enterprise/license_manager.py', 'maop/enterprise/pg_persist.py', 'maop/enterprise/rbac.py', 'maop/enterprise/saml_handler.py', 'maop/enterprise/sso.py', 'maop/enterprise/tenant.py', 'maop/enterprise/tls_auto.py']", "timestamp": "2026-09-13T15:49:55.369405+00:00"}
{"backend": "license", "requested": "enterprise", "fallback": "personal", "reason": "no_license_key", "timestamp": "2026-09-13T15:50:43.288708+00:00"}
{"backend": "integrity", "requested": "enterprise", "fallback": "personal", "reason": "integrity_check_failed:modified modules detected: ['maop/enterprise/audit.py', 'maop/enterprise/license.py', 'maop/enterprise/license_manager.py', 'maop/enterprise/pg_persist.py', 'maop/enterprise/rbac.py', 'maop/enterprise/saml_handler.py', 'maop/enterprise/sso.py', 'maop/enterprise/tenant.py', 'maop/enterprise/tls_auto.py']", "timestamp": "2026-09-13T15:50:43.311717+00:00"}
{"backend": "license", "requested": "enterprise", "fallback": "personal", "reason": "no_license_key", "timestamp": "2026-09-13T15:50:52.371550+00:00"}
{"backend": "integrity", "requested": "enterprise", "fallback": "personal", "reason": "integrity_check_failed:modified modules detected: ['maop/enterprise/audit.py', 'maop/enterprise/license.py', 'maop/enterprise/license_manager.py', 'maop/enterprise/pg_persist.py', 'maop/enterprise/rbac.py', 'maop/enterprise/saml_handler.py', 'maop/enterprise/sso.py', 'maop/enterprise/tenant.py', 'maop/enterprise/tls_auto.py']", "timestamp": "2026-09-13T15:50:52.404028+00:00"}
{"backend": "license", "requested": "enterprise", "fallback": "personal", "reason": "no_license_key", "timestamp": "2026-09-13T15:50:52.627936+00:00"}
{"backend": "integrity", "requested": "enterprise", "fallback": "personal", "reason": "integrity_check_failed:modified modules detected: ['maop/enterprise/audit.py', 'maop/enterprise/license.py', 'maop/enterprise/license_manager.py', 'maop/enterprise/pg_persist.py', 'maop/enterprise/rbac.py', 'maop/enterprise/saml_handler.py', 'maop/enterprise/sso.py', 'maop/enterprise/tenant.py', 'maop/enterprise/tls_auto.py']", "timestamp": "2026-09-13T15:50:52.660913+00:00"}
{"backend": "license", "requested": "enterprise", "fallback": "personal", "reason": "no_license_key", "timestamp": "2026-09-13T15:50:53.243274+00:00"}
{"backend": "integrity", "requested": "enterprise", "fallback": "personal", "reason": "integrity_check_failed:modified modules detected: ['maop/enterprise/audit.py', 'maop/enterprise/license.py', 'maop/enterprise/license_manager.py', 'maop/enterprise/pg_persist.py', 'maop/enterprise/rbac.py', 'maop/enterprise/saml_handler.py', 'maop/enterprise/sso.py', 'maop/enterprise/tenant.py', 'maop/enterprise/tls_auto.py']", "timestamp": "2026-09-13T15:50:53.276642+00:00"}
{"backend": "license", "requested": "enterprise", "fallback": "personal", "reason": "no_license_key", "timestamp": "2026-09-13T15:50:54.326540+00:00"}
{"backend": "integrity", "requested": "enterprise", "fallback": "personal", "reason": "integrity_check_failed:modified modules detected: ['maop/enterprise/audit.py', 'maop/enterprise/license.py', 'maop/enterprise/license_manager.py', 'maop/enterprise/pg_persist.py', 'maop/enterprise/rbac.py', 'maop/enterprise/saml_handler.py', 'maop/enterprise/sso.py', 'maop/enterprise/tenant.py', 'maop/enterprise/tls_auto.py']", "timestamp": "2026-09-13T15:50:54.421064+00:00"}
{"backend": "license", "requested": "enterprise", "fallback": "personal", "reason": "no_license_key", "timestamp": "2026-09-13T15:50:55.224178+00:00"}
{"backend": "integrity", "requested": "enterprise", "fallback": "personal", "reason": "integrity_check_failed:modified modules detected: ['maop/enterprise/audit.py', 'maop/enterprise/license.py', 'maop/enterprise/license_manager.py', 'maop/enterprise/pg_persist.py', 'maop/enterprise/rbac.py', 'maop/enterprise/saml_handler.py', 'maop/enterprise/sso.py', 'maop/enterprise/tenant.py', 'maop/enterprise/tls_auto.py']", "timestamp": "2026-09-13T15:50:55.257139+00:00"}
{"backend": "license", "requested": "enterprise", "fallback": "personal", "reason": "no_license_key", "timestamp": "2026-09-13T15:50:55.359662+00:00"}
{"backend": "integrity", "requested": "enterprise", "fallback": "personal", "reason": "integrity_check_failed:modified modules detected: ['maop/enterprise/audit.py', 'maop/enterprise/license.py', 'maop/enterprise/license_manager.py', 'maop/enterprise/pg_persist.py', 'maop/enterprise/rbac.py', 'maop/enterprise/saml_handler.py', 'maop/enterprise/sso.py', 'maop/enterprise/tenant.py', 'maop/enterprise/tls_auto.py']", "timestamp": "2026-09-13T15:50:55.391234+00:00"}
{"backend": "license", "requested": "enterprise", "fallback": "personal", "reason": "no_license_key", "timestamp": "2026-09-13T15:50:56.056289+00:00"}
{"backend": "integrity", "requested": "enterprise", "fallback": "personal", "reason": "integrity_check_failed:modified modules detected: ['maop/enterprise/audit.py', 'maop/enterprise/license.py', 'maop/enterprise/license_manager.py', 'maop/enterprise/pg_persist.py', 'maop/enterprise/rbac.py', 'maop/enterprise/saml_handler.py', 'maop/enterprise/sso.py', 'maop/enterprise/tenant.py', 'maop/enterprise/tls_auto.py']", "timestamp": "2026-09-13T15:50:56.085576+00:00"}
{"backend": "license", "requested": "enterprise", "fallback": "personal", "reason": "no_license_key", "timestamp": "2026-09-13T15:50:56.501719+00:00"}
{"backend": "integrity", "requested": "enterprise", "fallback": "personal", "reason": "integrity_check_failed:modified modules detected: ['maop/enterprise/audit.py', 'maop/enterprise/license.py', 'maop/enterprise/license_manager.py', 'maop/enterprise/pg_persist.py', 'maop/enterprise/rbac.py', 'maop/enterprise/saml_handler.py', 'maop/enterprise/sso.py', 'maop/enterprise/tenant.py', 'maop/enterprise/tls_auto.py']", "timestamp": "2026-09-13T15:50:56.541730+00:00"}
{"backend": "license", "requested": "enterprise", "fallback": "personal", "reason": "no_license_key", "timestamp": "2026-09-13T15:50:57.669476+00:00"}
{"backend": "integrity", "requested": "enterprise", "fallback": "personal", "reason": "integrity_check_failed:modified modules detected: ['maop/enterprise/audit.py', 'maop/enterprise/license.py', 'maop/enterprise/license_manager.py', 'maop/enterprise/pg_persist.py', 'maop/enterprise/rbac.py', 'maop/enterprise/saml_handler.py', 'maop/enterprise/sso.py', 'maop/enterprise/tenant.py', 'maop/enterprise/tls_auto.py']", "timestamp": "2026-09-13T15:50:57.696867+00:00"}
{"backend": "license", "requested": "enterprise", "fallback": "personal", "reason": "no_license_key", "timestamp": "2026-09-13T15:50:57.975681+00:00"}
{"backend": "integrity", "requested": "enterprise", "fallback": "personal", "reason": "integrity_check_failed:modified modules detected: ['maop/enterprise/audit.py', 'maop/enterprise/license.py', 'maop/enterprise/license_manager.py', 'maop/enterprise/pg_persist.py', 'maop/enterprise/rbac.py', 'maop/enterprise/saml_handler.py', 'maop/enterprise/sso.py', 'maop/enterprise/tenant.py', 'maop/enterprise/tls_auto.py']", "timestamp": "2026-09-13T15:50:57.998913+00:00"}
{"backend": "license", "requested": "enterprise", "fallback": "personal", "reason": "no_license_key", "timestamp": "2026-09-13T15:50:58.470289+00:00"}
{"backend": "integrity", "requested": "enterprise", "fallback": "personal", "reason": "integrity_check_failed:modified modules detected: ['maop/enterprise/audit.py', 'maop/enterprise/license.py', 'maop/enterprise/license_manager.py', 'maop/enterprise/pg_persist.py', 'maop/enterprise/rbac.py', 'maop/enterprise/saml_handler.py', 'maop/enterprise/sso.py', 'maop/enterprise/tenant.py', 'maop/enterprise/tls_auto.py']", "timestamp": "2026-09-13T15:50:58.492772+00:00"}
{"backend": "license", "requested": "enterprise", "fallback": "personal", "reason": "no_license_key", "timestamp": "2026-09-13T15:50:58.931507+00:00"}
{"backend": "integrity", "requested": "enterprise", "fallback": "personal", "reason": "integrity_check_failed:modified modules detected: ['maop/enterprise/audit.py', 'maop/enterprise/license.py', 'maop/enterprise/license_manager.py', 'maop/enterprise/pg_persist.py', 'maop/enterprise/rbac.py', 'maop/enterprise/saml_handler.py', 'maop/enterprise/sso.py', 'maop/enterprise/tenant.py', 'maop/enterprise/tls_auto.py']", "timestamp": "2026-09-13T15:50:58.954437+00:00"}
{"backend": "license", "requested": "enterprise", "fallback": "personal", "reason": "no_license_key", "timestamp": "2026-09-13T15:50:59.382776+00:00"}
{"backend": "integrity", "requested": "enterprise", "fallback": "personal", "reason": "integrity_check_failed:modified modules detected: ['maop/enterprise/audit.py', 'maop/enterprise/license.py', 'maop/enterprise/license_manager.py', 'maop/enterprise/pg_persist.py', 'maop/enterprise/rbac.py', 'maop/enterprise/saml_handler.py', 'maop/enterprise/sso.py', 'maop/enterprise/tenant.py', 'maop/enterprise/tls_auto.py']", "timestamp": "2026-09-13T15:50:59.405765+00:00"}
{"backend": "license", "requested": "enterprise", "fallback": "personal", "reason": "no_license_key", "timestamp": "2026-09-13T15:50:59.484779+00:00"}
{"backend": "integrity", "requested": "enterprise", "fallback": "personal", "reason": "integrity_check_failed:modified modules detected: ['maop/enterprise/audit.py', 'maop/enterprise/license.py', 'maop/enterprise/license_manager.py', 'maop/enterprise/pg_persist.py', 'maop/enterprise/rbac.py', 'maop/enterprise/saml_handler.py', 'maop/enterprise/sso.py', 'maop/enterprise/tenant.py', 'maop/enterprise/tls_auto.py']", "timestamp": "2026-09-13T15:50:59.507838+00:00"}
{"backend": "license", "requested": "enterprise", "fallback": "personal", "reason": "no_license_key", "timestamp": "2026-09-13T15:50:59.805633+00:00"}
{"backend": "license", "requested": "enterprise", "fallback": "personal", "reason": "no_license_key", "timestamp": "2026-09-13T15:50:59.819017+00:00"}
{"backend": "integrity", "requested": "enterprise", "fallback": "personal", "reason": "integrity_check_failed:modified modules detected: ['maop/enterprise/audit.py', 'maop/enterprise/license.py', 'maop/enterprise/license_manager.py', 'maop/enterprise/pg_persist.py', 'maop/enterprise/rbac.py', 'maop/enterprise/saml_handler.py', 'maop/enterprise/sso.py', 'maop/enterprise/tenant.py', 'maop/enterprise/tls_auto.py']", "timestamp": "2026-09-13T15:50:59.826957+00:00"}
{"backend": "integrity", "requested": "enterprise", "fallback": "personal", "reason": "integrity_check_failed:modified modules detected: ['maop/enterprise/audit.py', 'maop/enterprise/license.py', 'maop/enterprise/license_manager.py', 'maop/enterprise/pg_persist.py', 'maop/enterprise/rbac.py', 'maop/enterprise/saml_handler.py', 'maop/enterprise/sso.py', 'maop/enterprise/tenant.py', 'maop/enterprise/tls_auto.py']", "timestamp": "2026-09-13T15:50:59.840498+00:00"}
{"backend": "license", "requested": "enterprise", "fallback": "personal", "reason": "no_license_key", "timestamp": "2026-09-13T15:51:33.864728+00:00"}
{"backend": "integrity", "requested": "enterprise", "fallback": "personal", "reason": "integrity_check_failed:modified modules detected: ['maop/enterprise/audit.py', 'maop/enterprise/license.py', 'maop/enterprise/license_manager.py', 'maop/enterprise/pg_persist.py', 'maop/enterprise/rbac.py', 'maop/enterprise/saml_handler.py', 'maop/enterprise/sso.py', 'maop/enterprise/tenant.py', 'maop/enterprise/tls_auto.py']", "timestamp": "2026-09-13T15:51:33.881357+00:00"}
{"backend": "license", "requested": "enterprise", "fallback": "personal", "reason": "no_license_key", "timestamp": "2026-09-13T15:51:42.549186+00:00"}
{"backend": "integrity", "requested": "enterprise", "fallback": "personal", "reason": "integrity_check_failed:modified modules detected: ['maop/enterprise/audit.py', 'maop/enterprise/license.py', 'maop/enterprise/license_manager.py', 'maop/enterprise/pg_persist.py', 'maop/enterprise/rbac.py', 'maop/enterprise/saml_handler.py', 'maop/enterprise/sso.py', 'maop/enterprise/tenant.py', 'maop/enterprise/tls_auto.py']", "timestamp": "2026-09-13T15:51:42.581466+00:00"}
{"backend": "license", "requested": "enterprise", "fallback": "personal", "reason": "no_license_key", "timestamp": "2026-09-13T15:51:43.606877+00:00"}
{"backend": "integrity", "requested": "enterprise", "fallback": "personal", "reason": "integrity_check_failed:modified modules detected: ['maop/enterprise/audit.py', 'maop/enterprise/license.py', 'maop/enterprise/license_manager.py', 'maop/enterprise/pg_persist.py', 'maop/enterprise/rbac.py', 'maop/enterprise/saml_handler.py', 'maop/enterprise/sso.py', 'maop/enterprise/tenant.py', 'maop/enterprise/tls_auto.py']", "timestamp": "2026-09-13T15:51:43.647254+00:00"}
{"backend": "license", "requested": "enterprise", "fallback": "personal", "reason": "no_license_key", "timestamp": "2026-09-13T15:51:44.499027+00:00"}
{"backend": "integrity", "requested": "enterprise", "fallback": "personal", "reason": "integrity_check_failed:modified modules detected: ['maop/enterprise/audit.py', 'maop/enterprise/license.py', 'maop/enterprise/license_manager.py', 'maop/enterprise/pg_persist.py', 'maop/enterprise/rbac.py', 'maop/enterprise/saml_handler.py', 'maop/enterprise/sso.py', 'maop/enterprise/tenant.py', 'maop/enterprise/tls_auto.py']", "timestamp": "2026-09-13T15:51:44.527845+00:00"}
{"backend": "license", "requested": "enterprise", "fallback": "personal", "reason": "no_license_key", "timestamp": "2026-09-13T15:51:45.387833+00:00"}
{"backend": "integrity", "requested": "enterprise", "fallback": "personal", "reason": "integrity_check_failed:modified modules detected: ['maop/enterprise/audit.py', 'maop/enterprise/license.py', 'maop/enterprise/license_manager.py', 'maop/enterprise/pg_persist.py', 'maop/enterprise/rbac.py', 'maop/enterprise/saml_handler.py', 'maop/enterprise/sso.py', 'maop/enterprise/tenant.py', 'maop/enterprise/tls_auto.py']", "timestamp": "2026-09-13T15:51:45.419955+00:00"}
{"backend": "license", "requested": "enterprise", "fallback": "personal", "reason": "no_license_key", "timestamp": "2026-09-13T15:51:45.854730+00:00"}
{"backend": "integrity", "requested": "enterprise", "fallback": "personal", "reason": "integrity_check_failed:modified modules detected: ['maop/enterprise/audit.py', 'maop/enterprise/license.py', 'maop/enterprise/license_manager.py', 'maop/enterprise/pg_persist.py', 'maop/enterprise/rbac.py', 'maop/enterprise/saml_handler.py', 'maop/enterprise/sso.py', 'maop/enterprise/tenant.py', 'maop/enterprise/tls_auto.py']", "timestamp": "2026-09-13T15:51:45.897776+00:00"}
{"backend": "license", "requested": "enterprise", "fallback": "personal", "reason": "no_license_key", "timestamp": "2026-09-13T15:51:46.384176+00:00"}
{"backend": "integrity", "requested": "enterprise", "fallback": "personal", "reason": "integrity_check_failed:modified modules detected: ['maop/enterprise/audit.py', 'maop/enterprise/license.py', 'maop/enterprise/license_manager.py', 'maop/enterprise/pg_persist.py', 'maop/enterprise/rbac.py', 'maop/enterprise/saml_handler.py', 'maop/enterprise/sso.py', 'maop/enterprise/tenant.py', 'maop/enterprise/tls_auto.py']", "timestamp": "2026-09-13T15:51:46.421440+00:00"}
{"backend": "license", "requested": "enterprise", "fallback": "personal", "reason": "no_license_key", "timestamp": "2026-09-13T15:51:47.438138+00:00"}
{"backend": "integrity", "requested": "enterprise", "fallback": "personal", "reason": "integrity_check_failed:modified modules detected: ['maop/enterprise/audit.py', 'maop/enterprise/license.py', 'maop/enterprise/license_manager.py', 'maop/enterprise/pg_persist.py', 'maop/enterprise/rbac.py', 'maop/enterprise/saml_handler.py', 'maop/enterprise/sso.py', 'maop/enterprise/tenant.py', 'maop/enterprise/tls_auto.py']", "timestamp": "2026-09-13T15:51:47.475001+00:00"}
{"backend": "license", "requested": "enterprise", "fallback": "personal", "reason": "no_license_key", "timestamp": "2026-09-13T15:51:47.989442+00:00"}
{"backend": "integrity", "requested": "enterprise", "fallback": "personal", "reason": "integrity_check_failed:modified modules detected: ['maop/enterprise/audit.py', 'maop/enterprise/license.py', 'maop/enterprise/license_manager.py', 'maop/enterprise/pg_persist.py', 'maop/enterprise/rbac.py', 'maop/enterprise/saml_handler.py', 'maop/enterprise/sso.py', 'maop/enterprise/tenant.py', 'maop/enterprise/tls_auto.py']", "timestamp": "2026-09-13T15:51:48.028600+00:00"}
{"backend": "license", "requested": "enterprise", "fallback": "personal", "reason": "no_license_key", "timestamp": "2026-09-13T15:51:48.779839+00:00"}
{"backend": "integrity", "requested": "enterprise", "fallback": "personal", "reason": "integrity_check_failed:modified modules detected: ['maop/enterprise/audit.py', 'maop/enterprise/license.py', 'maop/enterprise/license_manager.py', 'maop/enterprise/pg_persist.py', 'maop/enterprise/rbac.py', 'maop/enterprise/saml_handler.py', 'maop/enterprise/sso.py', 'maop/enterprise/tenant.py', 'maop/enterprise/tls_auto.py']", "timestamp": "2026-09-13T15:51:48.816631+00:00"}
{"backend": "license", "requested": "enterprise", "fallback": "personal", "reason": "no_license_key", "timestamp": "2026-09-13T15:51:49.019698+00:00"}
{"backend": "integrity", "requested": "enterprise", "fallback": "personal", "reason": "integrity_check_failed:modified modules detected: ['maop/enterprise/audit.py', 'maop/enterprise/license.py', 'maop/enterprise/license_manager.py', 'maop/enterprise/pg_persist.py', 'maop/enterprise/rbac.py', 'maop/enterprise/saml_handler.py', 'maop/enterprise/sso.py', 'maop/enterprise/tenant.py', 'maop/enterprise/tls_auto.py']", "timestamp": "2026-09-13T15:51:49.051235+00:00"}
{"backend": "license", "requested": "enterprise", "fallback": "personal", "reason": "no_license_key", "timestamp": "2026-09-13T15:51:49.517061+00:00"}
{"backend": "integrity", "requested": "enterprise", "fallback": "personal", "reason": "integrity_check_failed:modified modules detected: ['maop/enterprise/audit.py', 'maop/enterprise/license.py', 'maop/enterprise/license_manager.py', 'maop/enterprise/pg_persist.py', 'maop/enterprise/rbac.py', 'maop/enterprise/saml_handler.py', 'maop/enterprise/sso.py', 'maop/enterprise/tenant.py', 'maop/enterprise/tls_auto.py']", "timestamp": "2026-09-13T15:51:49.555487+00:00"}
{"backend": "license", "requested": "enterprise", "fallback": "personal", "reason": "no_license_key", "timestamp": "2026-09-13T15:51:49.894254+00:00"}
{"backend": "integrity", "requested": "enterprise", "fallback": "personal", "reason": "integrity_check_failed:modified modules detected: ['maop/enterprise/audit.py', 'maop/enterprise/license.py', 'maop/enterprise/license_manager.py', 'maop/enterprise/pg_persist.py', 'maop/enterprise/rbac.py', 'maop/enterprise/saml_handler.py', 'maop/enterprise/sso.py', 'maop/enterprise/tenant.py', 'maop/enterprise/tls_auto.py']", "timestamp": "2026-09-13T15:51:49.921455+00:00"}
{"backend": "license", "requested": "enterprise", "fallback": "personal", "reason": "no_license_key", "timestamp": "2026-09-13T15:51:50.286093+00:00"}
{"backend": "integrity", "requested": "enterprise", "fallback": "personal", "reason": "integrity_check_failed:modified modules detected: ['maop/enterprise/audit.py', 'maop/enterprise/license.py', 'maop/enterprise/license_manager.py', 'maop/enterprise/pg_persist.py', 'maop/enterprise/rbac.py', 'maop/enterprise/saml_handler.py', 'maop/enterprise/sso.py', 'maop/enterprise/tenant.py', 'maop/enterprise/tls_auto.py']", "timestamp": "2026-09-13T15:51:50.314079+00:00"}
{"backend": "license", "requested": "enterprise", "fallback": "personal", "reason": "no_license_key", "timestamp": "2026-09-13T15:51:50.851899+00:00"}
{"backend": "integrity", "requested": "enterprise", "fallback": "personal", "reason": "integrity_check_failed:modified modules detected: ['maop/enterprise/audit.py', 'maop/enterprise/license.py', 'maop/enterprise/license_manager.py', 'maop/enterprise/pg_persist.py', 'maop/enterprise/rbac.py', 'maop/enterprise/saml_handler.py', 'maop/enterprise/sso.py', 'maop/enterprise/tenant.py', 'maop/enterprise/tls_auto.py']", "timestamp": "2026-09-13T15:51:50.887691+00:00"}
{"backend": "license", "requested": "enterprise", "fallback": "personal", "reason": "no_license_key", "timestamp": "2026-09-13T15:51:51.393676+00:00"}
{"backend": "integrity", "requested": "enterprise", "fallback": "personal", "reason": "integrity_check_failed:modified modules detected: ['maop/enterprise/audit.py', 'maop/enterprise/license.py', 'maop/enterprise/license_manager.py', 'maop/enterprise/pg_persist.py', 'maop/enterprise/rbac.py', 'maop/enterprise/saml_handler.py', 'maop/enterprise/sso.py', 'maop/enterprise/tenant.py', 'maop/enterprise/tls_auto.py']", "timestamp": "2026-09-13T15:51:51.419166+00:00"}
{"backend": "license", "requested": "enterprise", "fallback": "personal", "reason": "no_license_key", "timestamp": "2026-09-13T15:51:51.889294+00:00"}
{"backend": "integrity", "requested": "enterprise", "fallback": "personal", "reason": "integrity_check_failed:modified modules detected: ['maop/enterprise/audit.py', 'maop/enterprise/license.py', 'maop/enterprise/license_manager.py', 'maop/enterprise/pg_persist.py', 'maop/enterprise/rbac.py', 'maop/enterprise/saml_handler.py', 'maop/enterprise/sso.py', 'maop/enterprise/tenant.py', 'maop/enterprise/tls_auto.py']", "timestamp": "2026-09-13T15:51:51.933768+00:00"}
{"backend": "license", "requested": "enterprise", "fallback": "personal", "reason": "no_license_key", "timestamp": "2026-09-13T15:52:36.861465+00:00"}
{"backend": "integrity", "requested": "enterprise", "fallback": "personal", "reason": "integrity_check_failed:modified modules detected: ['maop/enterprise/audit.py', 'maop/enterprise/license.py', 'maop/enterprise/license_manager.py', 'maop/enterprise/pg_persist.py', 'maop/enterprise/rbac.py', 'maop/enterprise/saml_handler.py', 'maop/enterprise/sso.py', 'maop/enterprise/tenant.py', 'maop/enterprise/tls_auto.py']", "timestamp": "2026-09-13T15:52:36.894594+00:00"}
{"backend": "license", "requested": "enterprise", "fallback": "personal", "reason": "no_license_key", "timestamp": "2026-09-13T15:52:44.327395+00:00"}
{"backend": "integrity", "requested": "enterprise", "fallback": "personal", "reason": "integrity_check_failed:modified modules detected: ['maop/enterprise/audit.py', 'maop/enterprise/license.py', 'maop/enterprise/license_manager.py', 'maop/enterprise/pg_persist.py', 'maop/enterprise/rbac.py', 'maop/enterprise/saml_handler.py', 'maop/enterprise/sso.py', 'maop/enterprise/tenant.py', 'maop/enterprise/tls_auto.py']", "timestamp": "2026-09-13T15:52:44.356240+00:00"}
{"backend": "license", "requested": "enterprise", "fallback": "personal", "reason": "no_license_key", "timestamp": "2026-09-13T15:52:44.799230+00:00"}
{"backend": "integrity", "requested": "enterprise", "fallback": "personal", "reason": "integrity_check_failed:modified modules detected: ['maop/enterprise/audit.py', 'maop/enterprise/license.py', 'maop/enterprise/license_manager.py', 'maop/enterprise/pg_persist.py', 'maop/enterprise/rbac.py', 'maop/enterprise/saml_handler.py', 'maop/enterprise/sso.py', 'maop/enterprise/tenant.py', 'maop/enterprise/tls_auto.py']", "timestamp": "2026-09-13T15:52:44.826201+00:00"}
{"backend": "license", "requested": "enterprise", "fallback": "personal", "reason": "no_license_key", "timestamp": "2026-09-13T15:52:45.184437+00:00"}
{"backend": "integrity", "requested": "enterprise", "fallback": "personal", "reason": "integrity_check_failed:modified modules detected: ['maop/enterprise/audit.py', 'maop/enterprise/license.py', 'maop/enterprise/license_manager.py', 'maop/enterprise/pg_persist.py', 'maop/enterprise/rbac.py', 'maop/enterprise/saml_handler.py', 'maop/enterprise/sso.py', 'maop/enterprise/tenant.py', 'maop/enterprise/tls_auto.py']", "timestamp": "2026-09-13T15:52:45.210490+00:00"}
{"backend": "license", "requested": "enterprise", "fallback": "personal", "reason": "no_license_key", "timestamp": "2026-09-13T15:52:45.614284+00:00"}
{"backend": "integrity", "requested": "enterprise", "fallback": "personal", "reason": "integrity_check_failed:modified modules detected: ['maop/enterprise/audit.py', 'maop/enterprise/license.py', 'maop/enterprise/license_manager.py', 'maop/enterprise/pg_persist.py', 'maop/enterprise/rbac.py', 'maop/enterprise/saml_handler.py', 'maop/enterprise/sso.py', 'maop/enterprise/tenant.py', 'maop/enterprise/tls_auto.py']", "timestamp": "2026-09-13T15:52:45.641805+00:00"}
{"backend": "license", "requested": "enterprise", "fallback": "personal", "reason": "no_license_key", "timestamp": "2026-09-13T15:52:46.077429+00:00"}
{"backend": "integrity", "requested": "enterprise", "fallback": "personal", "reason": "integrity_check_failed:modified modules detected: ['maop/enterprise/audit.py', 'maop/enterprise/license.py', 'maop/enterprise/license_manager.py', 'maop/enterprise/pg_persist.py', 'maop/enterprise/rbac.py', 'maop/enterprise/saml_handler.py', 'maop/enterprise/sso.py', 'maop/enterprise/tenant.py', 'maop/enterprise/tls_auto.py']", "timestamp": "2026-09-13T15:52:46.101818+00:00"}
{"backend": "license", "requested": "enterprise", "fallback": "personal", "reason": "no_license_key", "timestamp": "2026-09-13T15:52:46.513765+00:00"}
{"backend": "integrity", "requested": "enterprise", "fallback": "personal", "reason": "integrity_check_failed:modified modules detected: ['maop/enterprise/audit.py', 'maop/enterprise/license.py', 'maop/enterprise/license_manager.py', 'maop/enterprise/pg_persist.py', 'maop/enterprise/rbac.py', 'maop/enterprise/saml_handler.py', 'maop/enterprise/sso.py', 'maop/enterprise/tenant.py', 'maop/enterprise/tls_auto.py']", "timestamp": "2026-09-13T15:52:46.543504+00:00"}
{"backend": "license", "requested": "enterprise", "fallback": "personal", "reason": "no_license_key", "timestamp": "2026-09-13T15:52:47.127017+00:00"}
{"backend": "integrity", "requested": "enterprise", "fallback": "personal", "reason": "integrity_check_failed:modified modules detected: ['maop/enterprise/audit.py', 'maop/enterprise/license.py', 'maop/enterprise/license_manager.py', 'maop/enterprise/pg_persist.py', 'maop/enterprise/rbac.py', 'maop/enterprise/saml_handler.py', 'maop/enterprise/sso.py', 'maop/enterprise/tenant.py', 'maop/enterprise/tls_auto.py']", "timestamp": "2026-09-13T15:52:47.162090+00:00"}
{"backend": "license", "requested": "enterprise", "fallback": "personal", "reason": "no_license_key", "timestamp": "2026-09-13T15:52:47.488801+00:00"}
{"backend": "integrity", "requested": "enterprise", "fallback": "personal", "reason": "integrity_check_failed:modified modules detected: ['maop/enterprise/audit.py', 'maop/enterprise/license.py', 'maop/enterprise/license_manager.py', 'maop/enterprise/pg_persist.py', 'maop/enterprise/rbac.py', 'maop/enterprise/saml_handler.py', 'maop/enterprise/sso.py', 'maop/enterprise/tenant.py', 'maop/enterprise/tls_auto.py']", "timestamp": "2026-09-13T15:52:47.513501+00:00"}
{"backend": "license", "requested": "enterprise", "fallback": "personal", "reason": "no_license_key", "timestamp": "2026-09-13T15:52:47.770728+00:00"}
{"backend": "integrity", "requested": "enterprise", "fallback": "personal", "reason": "integrity_check_failed:modified modules detected: ['maop/enterprise/audit.py', 'maop/enterprise/license.py', 'maop/enterprise/license_manager.py', 'maop/enterprise/pg_persist.py', 'maop/enterprise/rbac.py', 'maop/enterprise/saml_handler.py', 'maop/enterprise/sso.py', 'maop/enterprise/tenant.py', 'maop/enterprise/tls_auto.py']", "timestamp": "2026-09-13T15:52:47.792443+00:00"}
{"backend": "license", "requested": "enterprise", "fallback": "personal", "reason": "no_license_key", "timestamp": "2026-09-13T15:52:48.244335+00:00"}
{"backend": "integrity", "requested": "enterprise", "fallback": "personal", "reason": "integrity_check_failed:modified modules detected: ['maop/enterprise/audit.py', 'maop/enterprise/license.py', 'maop/enterprise/license_manager.py', 'maop/enterprise/pg_persist.py', 'maop/enterprise/rbac.py', 'maop/enterprise/saml_handler.py', 'maop/enterprise/sso.py', 'maop/enterprise/tenant.py', 'maop/enterprise/tls_auto.py']", "timestamp": "2026-09-13T15:52:48.264869+00:00"}
{"backend": "license", "requested": "enterprise", "fallback": "personal", "reason": "no_license_key", "timestamp": "2026-09-13T15:52:48.585633+00:00"}
{"backend": "integrity", "requested": "enterprise", "fallback": "personal", "reason": "integrity_check_failed:modified modules detected: ['maop/enterprise/audit.py', 'maop/enterprise/license.py', 'maop/enterprise/license_manager.py', 'maop/enterprise/pg_persist.py', 'maop/enterprise/rbac.py', 'maop/enterprise/saml_handler.py', 'maop/enterprise/sso.py', 'maop/enterprise/tenant.py', 'maop/enterprise/tls_auto.py']", "timestamp": "2026-09-13T15:52:48.609479+00:00"}
{"backend": "license", "requested": "enterprise", "fallback": "personal", "reason": "no_license_key", "timestamp": "2026-09-13T15:52:48.987823+00:00"}
{"backend": "integrity", "requested": "enterprise", "fallback": "personal", "reason": "integrity_check_failed:modified modules detected: ['maop/enterprise/audit.py', 'maop/enterprise/license.py', 'maop/enterprise/license_manager.py', 'maop/enterprise/pg_persist.py', 'maop/enterprise/rbac.py', 'maop/enterprise/saml_handler.py', 'maop/enterprise/sso.py', 'maop/enterprise/tenant.py', 'maop/enterprise/tls_auto.py']", "timestamp": "2026-09-13T15:52:49.007067+00:00"}
{"backend": "license", "requested": "enterprise", "fallback": "personal", "reason": "no_license_key", "timestamp": "2026-09-13T15:52:49.290360+00:00"}
{"backend": "integrity", "requested": "enterprise", "fallback": "personal", "reason": "integrity_check_failed:modified modules detected: ['maop/enterprise/audit.py', 'maop/enterprise/license.py', 'maop/enterprise/license_manager.py', 'maop/enterprise/pg_persist.py', 'maop/enterprise/rbac.py', 'maop/enterprise/saml_handler.py', 'maop/enterprise/sso.py', 'maop/enterprise/tenant.py', 'maop/enterprise/tls_auto.py']", "timestamp": "2026-09-13T15:52:49.308697+00:00"}
{"backend": "license", "requested": "enterprise", "fallback": "personal", "reason": "no_license_key", "timestamp": "2026-09-13T15:52:49.546935+00:00"}
{"backend": "integrity", "requested": "enterprise", "fallback": "personal", "reason": "integrity_check_failed:modified modules detected: ['maop/enterprise/audit.py', 'maop/enterprise/license.py', 'maop/enterprise/license_manager.py', 'maop/enterprise/pg_persist.py', 'maop/enterprise/rbac.py', 'maop/enterprise/saml_handler.py', 'maop/enterprise/sso.py', 'maop/enterprise/tenant.py', 'maop/enterprise/tls_auto.py']", "timestamp": "2026-09-13T15:52:49.568809+00:00"}
{"backend": "license", "requested": "enterprise", "fallback": "personal", "reason": "no_license_key", "timestamp": "2026-09-13T15:52:49.776221+00:00"}
{"backend": "integrity", "requested": "enterprise", "fallback": "personal", "reason": "integrity_check_failed:modified modules detected: ['maop/enterprise/audit.py', 'maop/enterprise/license.py', 'maop/enterprise/license_manager.py', 'maop/enterprise/pg_persist.py', 'maop/enterprise/rbac.py', 'maop/enterprise/saml_handler.py', 'maop/enterprise/sso.py', 'maop/enterprise/tenant.py', 'maop/enterprise/tls_auto.py']", "timestamp": "2026-09-13T15:52:49.797742+00:00"}
{"backend": "license", "requested": "enterprise", "fallback": "personal", "reason": "no_license_key", "timestamp": "2026-09-13T15:52:50.226431+00:00"}
{"backend": "integrity", "requested": "enterprise", "fallback": "personal", "reason": "integrity_check_failed:modified modules detected: ['maop/enterprise/audit.py', 'maop/enterprise/license.py', 'maop/enterprise/license_manager.py', 'maop/enterprise/pg_persist.py', 'maop/enterprise/rbac.py', 'maop/enterprise/saml_handler.py', 'maop/enterprise/sso.py', 'maop/enterprise/tenant.py', 'maop/enterprise/tls_auto.py']", "timestamp": "2026-09-13T15:52:50.245947+00:00"}
{"backend": "license", "requested": "enterprise", "fallback": "personal", "reason": "no_license_key", "timestamp": "2026-09-13T15:54:52.547202+00:00"}
{"backend": "integrity", "requested": "enterprise", "fallback": "personal", "reason": "integrity_check_failed:modified modules detected: ['maop/enterprise/audit.py', 'maop/enterprise/license.py', 'maop/enterprise/license_manager.py', 'maop/enterprise/pg_persist.py', 'maop/enterprise/rbac.py', 'maop/enterprise/saml_handler.py', 'maop/enterprise/sso.py', 'maop/enterprise/tenant.py', 'maop/enterprise/tls_auto.py']", "timestamp": "2026-09-13T15:54:52.562717+00:00"}
{"backend": "license", "requested": "enterprise", "fallback": "personal", "reason": "no_license_key", "timestamp": "2026-09-13T15:54:58.978118+00:00"}
{"backend": "integrity", "requested": "enterprise", "fallback": "personal", "reason": "integrity_check_failed:modified modules detected: ['maop/enterprise/audit.py', 'maop/enterprise/license.py', 'maop/enterprise/license_manager.py', 'maop/enterprise/pg_persist.py', 'maop/enterprise/rbac.py', 'maop/enterprise/saml_handler.py', 'maop/enterprise/sso.py', 'maop/enterprise/tenant.py', 'maop/enterprise/tls_auto.py']", "timestamp": "2026-09-13T15:54:59.004632+00:00"}
{"backend": "license", "requested": "enterprise", "fallback": "personal", "reason": "no_license_key", "timestamp": "2026-09-13T15:54:59.293232+00:00"}
{"backend": "integrity", "requested": "enterprise", "fallback": "personal", "reason": "integrity_check_failed:modified modules detected: ['maop/enterprise/audit.py', 'maop/enterprise/license.py', 'maop/enterprise/license_manager.py', 'maop/enterprise/pg_persist.py', 'maop/enterprise/rbac.py', 'maop/enterprise/saml_handler.py', 'maop/enterprise/sso.py', 'maop/enterprise/tenant.py', 'maop/enterprise/tls_auto.py']", "timestamp": "2026-09-13T15:54:59.317322+00:00"}
{"backend": "license", "requested": "enterprise", "fallback": "personal", "reason": "no_license_key", "timestamp": "2026-09-13T15:54:59.772873+00:00"}
{"backend": "integrity", "requested": "enterprise", "fallback": "personal", "reason": "integrity_check_failed:modified modules detected: ['maop/enterprise/audit.py', 'maop/enterprise/license.py', 'maop/enterprise/license_manager.py', 'maop/enterprise/pg_persist.py', 'maop/enterprise/rbac.py', 'maop/enterprise/saml_handler.py', 'maop/enterprise/sso.py', 'maop/enterprise/tenant.py', 'maop/enterprise/tls_auto.py']", "timestamp": "2026-09-13T15:54:59.799036+00:00"}
{"backend": "license", "requested": "enterprise", "fallback": "personal", "reason": "no_license_key", "timestamp": "2026-09-13T15:55:00.059362+00:00"}
{"backend": "integrity", "requested": "enterprise", "fallback": "personal", "reason": "integrity_check_failed:modified modules detected: ['maop/enterprise/audit.py', 'maop/enterprise/license.py', 'maop/enterprise/license_manager.py', 'maop/enterprise/pg_persist.py', 'maop/enterprise/rbac.py', 'maop/enterprise/saml_handler.py', 'maop/enterprise/sso.py', 'maop/enterprise/tenant.py', 'maop/enterprise/tls_auto.py']", "timestamp": "2026-09-13T15:55:00.084709+00:00"}
{"backend": "license", "requested": "enterprise", "fallback": "personal", "reason": "no_license_key", "timestamp": "2026-09-13T15:55:00.507512+00:00"}
{"backend": "integrity", "requested": "enterprise", "fallback": "personal", "reason": "integrity_check_failed:modified modules detected: ['maop/enterprise/audit.py', 'maop/enterprise/license.py', 'maop/enterprise/license_manager.py', 'maop/enterprise/pg_persist.py', 'maop/enterprise/rbac.py', 'maop/enterprise/saml_handler.py', 'maop/enterprise/sso.py', 'maop/enterprise/tenant.py', 'maop/enterprise/tls_auto.py']", "timestamp": "2026-09-13T15:55:00.534412+00:00"}
{"backend": "license", "requested": "enterprise", "fallback": "personal", "reason": "no_license_key", "timestamp": "2026-09-13T15:55:00.917242+00:00"}
{"backend": "integrity", "requested": "enterprise", "fallback": "personal", "reason": "integrity_check_failed:modified modules detected: ['maop/enterprise/audit.py', 'maop/enterprise/license.py', 'maop/enterprise/license_manager.py', 'maop/enterprise/pg_persist.py', 'maop/enterprise/rbac.py', 'maop/enterprise/saml_handler.py', 'maop/enterprise/sso.py', 'maop/enterprise/tenant.py', 'maop/enterprise/tls_auto.py']", "timestamp": "2026-09-13T15:55:00.944174+00:00"}
{"backend": "license", "requested": "enterprise", "fallback": "personal", "reason": "no_license_key", "timestamp": "2026-09-13T15:55:01.453089+00:00"}
{"backend": "integrity", "requested": "enterprise", "fallback": "personal", "reason": "integrity_check_failed:modified modules detected: ['maop/enterprise/audit.py', 'maop/enterprise/license.py', 'maop/enterprise/license_manager.py', 'maop/enterprise/pg_persist.py', 'maop/enterprise/rbac.py', 'maop/enterprise/saml_handler.py', 'maop/enterprise/sso.py', 'maop/enterprise/tenant.py', 'maop/enterprise/tls_auto.py']", "timestamp": "2026-09-13T15:55:01.482698+00:00"}
{"backend": "license", "requested": "enterprise", "fallback": "personal", "reason": "no_license_key", "timestamp": "2026-09-13T15:55:01.634037+00:00"}
{"backend": "integrity", "requested": "enterprise", "fallback": "personal", "reason": "integrity_check_failed:modified modules detected: ['maop/enterprise/audit.py', 'maop/enterprise/license.py', 'maop/enterprise/license_manager.py', 'maop/enterprise/pg_persist.py', 'maop/enterprise/rbac.py', 'maop/enterprise/saml_handler.py', 'maop/enterprise/sso.py', 'maop/enterprise/tenant.py', 'maop/enterprise/tls_auto.py']", "timestamp": "2026-09-13T15:55:01.657987+00:00"}
{"backend": "license", "requested": "enterprise", "fallback": "personal", "reason": "no_license_key", "timestamp": "2026-09-13T15:55:01.921701+00:00"}
{"backend": "integrity", "requested": "enterprise", "fallback": "personal", "reason": "integrity_check_failed:modified modules detected: ['maop/enterprise/audit.py', 'maop/enterprise/license.py', 'maop/enterprise/license_manager.py', 'maop/enterprise/pg_persist.py', 'maop/enterprise/rbac.py', 'maop/enterprise/saml_handler.py', 'maop/enterprise/sso.py', 'maop/enterprise/tenant.py', 'maop/enterprise/tls_auto.py']", "timestamp": "2026-09-13T15:55:01.941702+00:00"}
{"backend": "license", "requested": "enterprise", "fallback": "personal", "reason": "no_license_key", "timestamp": "2026-09-13T15:55:02.422944+00:00"}
{"backend": "integrity", "requested": "enterprise", "fallback": "personal", "reason": "integrity_check_failed:modified modules detected: ['maop/enterprise/audit.py', 'maop/enterprise/license.py', 'maop/enterprise/license_manager.py', 'maop/enterprise/pg_persist.py', 'maop/enterprise/rbac.py', 'maop/enterprise/saml_handler.py', 'maop/enterprise/sso.py', 'maop/enterprise/tenant.py', 'maop/enterprise/tls_auto.py']", "timestamp": "2026-09-13T15:55:02.445514+00:00"}
{"backend": "license", "requested": "enterprise", "fallback": "personal", "reason": "no_license_key", "timestamp": "2026-09-13T15:55:02.710913+00:00"}
{"backend": "integrity", "requested": "enterprise", "fallback": "personal", "reason": "integrity_check_failed:modified modules detected: ['maop/enterprise/audit.py', 'maop/enterprise/license.py', 'maop/enterprise/license_manager.py', 'maop/enterprise/pg_persist.py', 'maop/enterprise/rbac.py', 'maop/enterprise/saml_handler.py', 'maop/enterprise/sso.py', 'maop/enterprise/tenant.py', 'maop/enterprise/tls_auto.py']", "timestamp": "2026-09-13T15:55:02.733180+00:00"}
{"backend": "license", "requested": "enterprise", "fallback": "personal", "reason": "no_license_key", "timestamp": "2026-09-13T15:55:02.887373+00:00"}
{"backend": "integrity", "requested": "enterprise", "fallback": "personal", "reason": "integrity_check_failed:modified modules detected: ['maop/enterprise/audit.py', 'maop/enterprise/license.py', 'maop/enterprise/license_manager.py', 'maop/enterprise/pg_persist.py', 'maop/enterprise/rbac.py', 'maop/enterprise/saml_handler.py', 'maop/enterprise/sso.py', 'maop/enterprise/tenant.py', 'maop/enterprise/tls_auto.py']", "timestamp": "2026-09-13T15:55:02.905521+00:00"}
{"backend": "license", "requested": "enterprise", "fallback": "personal", "reason": "no_license_key", "timestamp": "2026-09-13T15:55:03.127412+00:00"}
{"backend": "integrity", "requested": "enterprise", "fallback": "personal", "reason": "integrity_check_failed:modified modules detected: ['maop/enterprise/audit.py', 'maop/enterprise/license.py', 'maop/enterprise/license_manager.py', 'maop/enterprise/pg_persist.py', 'maop/enterprise/rbac.py', 'maop/enterprise/saml_handler.py', 'maop/enterprise/sso.py', 'maop/enterprise/tenant.py', 'maop/enterprise/tls_auto.py']", "timestamp": "2026-09-13T15:55:03.145475+00:00"}
{"backend": "license", "requested": "enterprise", "fallback": "personal", "reason": "no_license_key", "timestamp": "2026-09-13T15:55:03.343833+00:00"}
{"backend": "integrity", "requested": "enterprise", "fallback": "personal", "reason": "integrity_check_failed:modified modules detected: ['maop/enterprise/audit.py', 'maop/enterprise/license.py', 'maop/enterprise/license_manager.py', 'maop/enterprise/pg_persist.py', 'maop/enterprise/rbac.py', 'maop/enterprise/saml_handler.py', 'maop/enterprise/sso.py', 'maop/enterprise/tenant.py', 'maop/enterprise/tls_auto.py']", "timestamp": "2026-09-13T15:55:03.361145+00:00"}
{"backend": "license", "requested": "enterprise", "fallback": "personal", "reason": "no_license_key", "timestamp": "2026-09-13T15:55:03.722894+00:00"}
{"backend": "integrity", "requested": "enterprise", "fallback": "personal", "reason": "integrity_check_failed:modified modules detected: ['maop/enterprise/audit.py', 'maop/enterprise/license.py', 'maop/enterprise/license_manager.py', 'maop/enterprise/pg_persist.py', 'maop/enterprise/rbac.py', 'maop/enterprise/saml_handler.py', 'maop/enterprise/sso.py', 'maop/enterprise/tenant.py', 'maop/enterprise/tls_auto.py']", "timestamp": "2026-09-13T15:55:03.741373+00:00"}
{"backend": "license", "requested": "enterprise", "fallback": "personal", "reason": "no_license_key", "timestamp": "2026-09-13T15:55:03.863471+00:00"}
{"backend": "integrity", "requested": "enterprise", "fallback": "personal", "reason": "integrity_check_failed:modified modules detected: ['maop/enterprise/audit.py', 'maop/enterprise/license.py', 'maop/enterprise/license_manager.py', 'maop/enterprise/pg_persist.py', 'maop/enterprise/rbac.py', 'maop/enterprise/saml_handler.py', 'maop/enterprise/sso.py', 'maop/enterprise/tenant.py', 'maop/enterprise/tls_auto.py']", "timestamp": "2026-09-13T15:55:03.881870+00:00"}
{"backend": "license", "requested": "enterprise", "fallback": "personal", "reason": "no_license_key", "timestamp": "2026-09-13T15:58:32.454756+00:00"}
{"backend": "integrity", "requested": "enterprise", "fallback": "personal", "reason": "integrity_check_failed:modified modules detected: ['maop/enterprise/audit.py', 'maop/enterprise/license.py', 'maop/enterprise/license_manager.py', 'maop/enterprise/pg_persist.py', 'maop/enterprise/quota.py', 'maop/enterprise/rbac.py', 'maop/enterprise/saml_handler.py', 'maop/enterprise/sso.py', 'maop/enterprise/tenant.py', 'maop/enterprise/tls_auto.py']", "timestamp": "2026-09-13T15:58:32.468386+00:00"}
{"backend": "license", "requested": "enterprise", "fallback": "personal", "reason": "no_license_key", "timestamp": "2026-09-13T15:59:24.891108+00:00"}
{"backend": "integrity", "requested": "enterprise", "fallback": "personal", "reason": "integrity_check_failed:modified modules detected: ['maop/enterprise/audit.py', 'maop/enterprise/license.py', 'maop/enterprise/license_manager.py', 'maop/enterprise/pg_persist.py', 'maop/enterprise/quota.py', 'maop/enterprise/rbac.py', 'maop/enterprise/saml_handler.py', 'maop/enterprise/sso.py', 'maop/enterprise/tenant.py', 'maop/enterprise/tls_auto.py']", "timestamp": "2026-09-13T15:59:24.905410+00:00"}
{"backend": "license", "requested": "enterprise", "fallback": "personal", "reason": "no_license_key", "timestamp": "2026-09-13T16:00:04.741825+00:00"}
{"backend": "integrity", "requested": "enterprise", "fallback": "personal", "reason": "integrity_check_failed:modified modules detected: ['maop/enterprise/audit.py', 'maop/enterprise/license.py', 'maop/enterprise/license_manager.py', 'maop/enterprise/pg_persist.py', 'maop/enterprise/quota.py', 'maop/enterprise/rbac.py', 'maop/enterprise/saml_handler.py', 'maop/enterprise/sso.py', 'maop/enterprise/tenant.py', 'maop/enterprise/tls_auto.py']", "timestamp": "2026-09-13T16:00:04.757020+00:00"}
{"backend": "license", "requested": "enterprise", "fallback": "personal", "reason": "no_license_key", "timestamp": "2026-09-13T16:00:46.528024+00:00"}
{"backend": "integrity", "requested": "enterprise", "fallback": "personal", "reason": "integrity_check_failed:modified modules detected: ['maop/enterprise/audit.py', 'maop/enterprise/license.py', 'maop/enterprise/license_manager.py', 'maop/enterprise/pg_persist.py', 'maop/enterprise/quota.py', 'maop/enterprise/rbac.py', 'maop/enterprise/saml_handler.py', 'maop/enterprise/sso.py', 'maop/enterprise/tenant.py', 'maop/enterprise/tls_auto.py']", "timestamp": "2026-09-13T16:00:46.543189+00:00"}
{"backend": "license", "requested": "enterprise", "fallback": "personal", "reason": "no_license_key", "timestamp": "2026-09-13T16:06:11.267914+00:00"}
{"backend": "integrity", "requested": "enterprise", "fallback": "personal", "reason": "integrity_check_failed:modified modules detected: ['maop/enterprise/audit.py', 'maop/enterprise/ha.py', 'maop/enterprise/license.py', 'maop/enterprise/license_manager.py', 'maop/enterprise/pg_persist.py', 'maop/enterprise/quota.py', 'maop/enterprise/rbac.py', 'maop/enterprise/saml_handler.py', 'maop/enterprise/sso.py', 'maop/enterprise/sso_store.py', 'maop/enterprise/tenant.py', 'maop/enterprise/tls_auto.py']", "timestamp": "2026-09-13T16:06:11.287674+00:00"}
{"backend": "license", "requested": "enterprise", "fallback": "personal", "reason": "no_license_key", "timestamp": "2026-09-13T16:06:19.705906+00:00"}
{"backend": "integrity", "requested": "enterprise", "fallback": "personal", "reason": "integrity_check_failed:modified modules detected: ['maop/enterprise/audit.py', 'maop/enterprise/ha.py', 'maop/enterprise/license.py', 'maop/enterprise/license_manager.py', 'maop/enterprise/pg_persist.py', 'maop/enterprise/quota.py', 'maop/enterprise/rbac.py', 'maop/enterprise/saml_handler.py', 'maop/enterprise/sso.py', 'maop/enterprise/sso_store.py', 'maop/enterprise/tenant.py', 'maop/enterprise/tls_auto.py']", "timestamp": "2026-09-13T16:06:19.740928+00:00"}
{"backend": "license", "requested": "enterprise", "fallback": "personal", "reason": "no_license_key", "timestamp": "2026-09-13T16:06:20.187766+00:00"}
{"backend": "integrity", "requested": "enterprise", "fallback": "personal", "reason": "integrity_check_failed:modified modules detected: ['maop/enterprise/audit.py', 'maop/enterprise/ha.py', 'maop/enterprise/license.py', 'maop/enterprise/license_manager.py', 'maop/enterprise/pg_persist.py', 'maop/enterprise/quota.py', 'maop/enterprise/rbac.py', 'maop/enterprise/saml_handler.py', 'maop/enterprise/sso.py', 'maop/enterprise/sso_store.py', 'maop/enterprise/tenant.py', 'maop/enterprise/tls_auto.py']", "timestamp": "2026-09-13T16:06:20.215425+00:00"}
{"backend": "license", "requested": "enterprise", "fallback": "personal", "reason": "no_license_key", "timestamp": "2026-09-13T16:06:20.799843+00:00"}
{"backend": "integrity", "requested": "enterprise", "fallback": "personal", "reason": "integrity_check_failed:modified modules detected: ['maop/enterprise/audit.py', 'maop/enterprise/ha.py', 'maop/enterprise/license.py', 'maop/enterprise/license_manager.py', 'maop/enterprise/pg_persist.py', 'maop/enterprise/quota.py', 'maop/enterprise/rbac.py', 'maop/enterprise/saml_handler.py', 'maop/enterprise/sso.py', 'maop/enterprise/sso_store.py', 'maop/enterprise/tenant.py', 'maop/enterprise/tls_auto.py']", "timestamp": "2026-09-13T16:06:20.827925+00:00"}
{"backend": "license", "requested": "enterprise", "fallback": "personal", "reason": "no_license_key", "timestamp": "2026-09-13T16:06:20.949106+00:00"}
{"backend": "integrity", "requested": "enterprise", "fallback": "personal", "reason": "integrity_check_failed:modified modules detected: ['maop/enterprise/audit.py', 'maop/enterprise/ha.py', 'maop/enterprise/license.py', 'maop/enterprise/license_manager.py', 'maop/enterprise/pg_persist.py', 'maop/enterprise/quota.py', 'maop/enterprise/rbac.py', 'maop/enterprise/saml_handler.py', 'maop/enterprise/sso.py', 'maop/enterprise/sso_store.py', 'maop/enterprise/tenant.py', 'maop/enterprise/tls_auto.py']", "timestamp": "2026-09-13T16:06:20.979014+00:00"}
{"backend": "license", "requested": "enterprise", "fallback": "personal", "reason": "no_license_key", "timestamp": "2026-09-13T16:06:21.475739+00:00"}
{"backend": "integrity", "requested": "enterprise", "fallback": "personal", "reason": "integrity_check_failed:modified modules detected: ['maop/enterprise/audit.py', 'maop/enterprise/ha.py', 'maop/enterprise/license.py', 'maop/enterprise/license_manager.py', 'maop/enterprise/pg_persist.py', 'maop/enterprise/quota.py', 'maop/enterprise/rbac.py', 'maop/enterprise/saml_handler.py', 'maop/enterprise/sso.py', 'maop/enterprise/sso_store.py', 'maop/enterprise/tenant.py', 'maop/enterprise/tls_auto.py']", "timestamp": "2026-09-13T16:06:21.513557+00:00"}
{"backend": "license", "requested": "enterprise", "fallback": "personal", "reason": "no_license_key", "timestamp": "2026-09-13T16:06:21.659549+00:00"}
{"backend": "integrity", "requested": "enterprise", "fallback": "personal", "reason": "integrity_check_failed:modified modules detected: ['maop/enterprise/audit.py', 'maop/enterprise/ha.py', 'maop/enterprise/license.py', 'maop/enterprise/license_manager.py', 'maop/enterprise/pg_persist.py', 'maop/enterprise/quota.py', 'maop/enterprise/rbac.py', 'maop/enterprise/saml_handler.py', 'maop/enterprise/sso.py', 'maop/enterprise/sso_store.py', 'maop/enterprise/tenant.py', 'maop/enterprise/tls_auto.py']", "timestamp": "2026-09-13T16:06:21.696628+00:00"}
{"backend": "license", "requested": "enterprise", "fallback": "personal", "reason": "no_license_key", "timestamp": "2026-09-13T16:06:22.288629+00:00"}
{"backend": "integrity", "requested": "enterprise", "fallback": "personal", "reason": "integrity_check_failed:modified modules detected: ['maop/enterprise/audit.py', 'maop/enterprise/ha.py', 'maop/enterprise/license.py', 'maop/enterprise/license_manager.py', 'maop/enterprise/pg_persist.py', 'maop/enterprise/quota.py', 'maop/enterprise/rbac.py', 'maop/enterprise/saml_handler.py', 'maop/enterprise/sso.py', 'maop/enterprise/sso_store.py', 'maop/enterprise/tenant.py', 'maop/enterprise/tls_auto.py']", "timestamp": "2026-09-13T16:06:22.320358+00:00"}
{"backend": "license", "requested": "enterprise", "fallback": "personal", "reason": "no_license_key", "timestamp": "2026-09-13T16:06:22.541612+00:00"}
{"backend": "integrity", "requested": "enterprise", "fallback": "personal", "reason": "integrity_check_failed:modified modules detected: ['maop/enterprise/audit.py', 'maop/enterprise/ha.py', 'maop/enterprise/license.py', 'maop/enterprise/license_manager.py', 'maop/enterprise/pg_persist.py', 'maop/enterprise/quota.py', 'maop/enterprise/rbac.py', 'maop/enterprise/saml_handler.py', 'maop/enterprise/sso.py', 'maop/enterprise/sso_store.py', 'maop/enterprise/tenant.py', 'maop/enterprise/tls_auto.py']", "timestamp": "2026-09-13T16:06:22.569606+00:00"}
{"backend": "license", "requested": "enterprise", "fallback": "personal", "reason": "no_license_key", "timestamp": "2026-09-13T16:06:22.996937+00:00"}
{"backend": "integrity", "requested": "enterprise", "fallback": "personal", "reason": "integrity_check_failed:modified modules detected: ['maop/enterprise/audit.py', 'maop/enterprise/ha.py', 'maop/enterprise/license.py', 'maop/enterprise/license_manager.py', 'maop/enterprise/pg_persist.py', 'maop/enterprise/quota.py', 'maop/enterprise/rbac.py', 'maop/enterprise/saml_handler.py', 'maop/enterprise/sso.py', 'maop/enterprise/sso_store.py', 'maop/enterprise/tenant.py', 'maop/enterprise/tls_auto.py']", "timestamp": "2026-09-13T16:06:23.026126+00:00"}
{"backend": "license", "requested": "enterprise", "fallback": "personal", "reason": "no_license_key", "timestamp": "2026-09-13T16:06:23.214720+00:00"}
{"backend": "integrity", "requested": "enterprise", "fallback": "personal", "reason": "integrity_check_failed:modified modules detected: ['maop/enterprise/audit.py', 'maop/enterprise/ha.py', 'maop/enterprise/license.py', 'maop/enterprise/license_manager.py', 'maop/enterprise/pg_persist.py', 'maop/enterprise/quota.py', 'maop/enterprise/rbac.py', 'maop/enterprise/saml_handler.py', 'maop/enterprise/sso.py', 'maop/enterprise/sso_store.py', 'maop/enterprise/tenant.py', 'maop/enterprise/tls_auto.py']", "timestamp": "2026-09-13T16:06:23.246075+00:00"}
{"backend": "license", "requested": "enterprise", "fallback": "personal", "reason": "no_license_key", "timestamp": "2026-09-13T16:06:23.695477+00:00"}
{"backend": "integrity", "requested": "enterprise", "fallback": "personal", "reason": "integrity_check_failed:modified modules detected: ['maop/enterprise/audit.py', 'maop/enterprise/ha.py', 'maop/enterprise/license.py', 'maop/enterprise/license_manager.py', 'maop/enterprise/pg_persist.py', 'maop/enterprise/quota.py', 'maop/enterprise/rbac.py', 'maop/enterprise/saml_handler.py', 'maop/enterprise/sso.py', 'maop/enterprise/sso_store.py', 'maop/enterprise/tenant.py', 'maop/enterprise/tls_auto.py']", "timestamp": "2026-09-13T16:06:23.726718+00:00"}
{"backend": "license", "requested": "enterprise", "fallback": "personal", "reason": "no_license_key", "timestamp": "2026-09-13T16:06:23.865818+00:00"}
{"backend": "integrity", "requested": "enterprise", "fallback": "personal", "reason": "integrity_check_failed:modified modules detected: ['maop/enterprise/audit.py', 'maop/enterprise/ha.py', 'maop/enterprise/license.py', 'maop/enterprise/license_manager.py', 'maop/enterprise/pg_persist.py', 'maop/enterprise/quota.py', 'maop/enterprise/rbac.py', 'maop/enterprise/saml_handler.py', 'maop/enterprise/sso.py', 'maop/enterprise/sso_store.py', 'maop/enterprise/tenant.py', 'maop/enterprise/tls_auto.py']", "timestamp": "2026-09-13T16:06:23.895772+00:00"}
{"backend": "license", "requested": "enterprise", "fallback": "personal", "reason": "no_license_key", "timestamp": "2026-09-13T16:06:24.361674+00:00"}
{"backend": "integrity", "requested": "enterprise", "fallback": "personal", "reason": "integrity_check_failed:modified modules detected: ['maop/enterprise/audit.py', 'maop/enterprise/ha.py', 'maop/enterprise/license.py', 'maop/enterprise/license_manager.py', 'maop/enterprise/pg_persist.py', 'maop/enterprise/quota.py', 'maop/enterprise/rbac.py', 'maop/enterprise/saml_handler.py', 'maop/enterprise/sso.py', 'maop/enterprise/sso_store.py', 'maop/enterprise/tenant.py', 'maop/enterprise/tls_auto.py']", "timestamp": "2026-09-13T16:06:24.391023+00:00"}
{"backend": "license", "requested": "enterprise", "fallback": "personal", "reason": "no_license_key", "timestamp": "2026-09-13T16:06:24.523464+00:00"}
{"backend": "integrity", "requested": "enterprise", "fallback": "personal", "reason": "integrity_check_failed:modified modules detected: ['maop/enterprise/audit.py', 'maop/enterprise/ha.py', 'maop/enterprise/license.py', 'maop/enterprise/license_manager.py', 'maop/enterprise/pg_persist.py', 'maop/enterprise/quota.py', 'maop/enterprise/rbac.py', 'maop/enterprise/saml_handler.py', 'maop/enterprise/sso.py', 'maop/enterprise/sso_store.py', 'maop/enterprise/tenant.py', 'maop/enterprise/tls_auto.py']", "timestamp": "2026-09-13T16:06:24.554997+00:00"}
{"backend": "license", "requested": "enterprise", "fallback": "personal", "reason": "no_license_key", "timestamp": "2026-09-13T16:06:25.086820+00:00"}
{"backend": "integrity", "requested": "enterprise", "fallback": "personal", "reason": "integrity_check_failed:modified modules detected: ['maop/enterprise/audit.py', 'maop/enterprise/ha.py', 'maop/enterprise/license.py', 'maop/enterprise/license_manager.py', 'maop/enterprise/pg_persist.py', 'maop/enterprise/quota.py', 'maop/enterprise/rbac.py', 'maop/enterprise/saml_handler.py', 'maop/enterprise/sso.py', 'maop/enterprise/sso_store.py', 'maop/enterprise/tenant.py', 'maop/enterprise/tls_auto.py']", "timestamp": "2026-09-13T16:06:25.121216+00:00"}
{"backend": "license", "requested": "enterprise", "fallback": "personal", "reason": "no_license_key", "timestamp": "2026-09-13T16:06:25.288262+00:00"}
{"backend": "integrity", "requested": "enterprise", "fallback": "personal", "reason": "integrity_check_failed:modified modules detected: ['maop/enterprise/audit.py', 'maop/enterprise/ha.py', 'maop/enterprise/license.py', 'maop/enterprise/license_manager.py', 'maop/enterprise/pg_persist.py', 'maop/enterprise/quota.py', 'maop/enterprise/rbac.py', 'maop/enterprise/saml_handler.py', 'maop/enterprise/sso.py', 'maop/enterprise/sso_store.py', 'maop/enterprise/tenant.py', 'maop/enterprise/tls_auto.py']", "timestamp": "2026-09-13T16:06:25.318789+00:00"}
{"backend": "storage", "requested": "postgresql", "fallback": "sqlite", "reason": "import_error", "timestamp": "2026-09-13T16:08:25.310218+00:00"}
{"backend": "storage", "requested": "postgresql", "fallback": "sqlite", "reason": "import_error", "timestamp": "2026-09-13T16:08:25.317550+00:00"}
{"backend": "cache", "requested": "redis", "fallback": "memory", "reason": "import_error", "timestamp": "2026-09-13T16:08:25.319384+00:00"}
{"backend": "queue", "requested": "rabbitmq", "fallback": "sqlite", "reason": "import_error", "timestamp": "2026-09-13T16:08:25.324223+00:00"}
{"backend": "license", "requested": "enterprise", "fallback": "personal", "reason": "license_invalid", "timestamp": "2026-09-13T16:08:25.326101+00:00"}
{"backend": "storage", "requested": "postgresql", "fallback": "sqlite", "reason": "import_error", "timestamp": "2026-09-13T16:08:25.332617+00:00"}
{"backend": "license", "requested": "enterprise", "fallback": "personal", "reason": "license_invalid", "timestamp": "2026-09-13T16:08:25.399694+00:00"}
{"backend": "license", "requested": "enterprise", "fallback": "personal", "reason": "license_invalid", "timestamp": "2026-09-13T16:08:25.420366+00:00"}
{"backend": "license", "requested": "enterprise", "fallback": "personal", "reason": "license_invalid", "timestamp": "2026-09-13T16:08:25.440006+00:00"}
{"backend": "license", "requested": "enterprise", "fallback": "personal", "reason": "license_invalid", "timestamp": "2026-09-13T16:08:25.518862+00:00"}
{"backend": "license", "requested": "enterprise", "fallback": "personal", "reason": "license_invalid", "timestamp": "2026-09-13T16:08:25.539613+00:00"}
{"backend": "license", "requested": "enterprise", "fallback": "personal", "reason": "license_invalid", "timestamp": "2026-09-13T16:08:25.560297+00:00"}
{"backend": "license", "requested": "enterprise", "fallback": "personal", "reason": "no_license_key", "timestamp": "2026-09-13T16:09:27.624487+00:00"}
{"backend": "integrity", "requested": "enterprise", "fallback": "personal", "reason": "integrity_check_failed:modified modules detected: ['maop/enterprise/audit.py', 'maop/enterprise/ha.py', 'maop/enterprise/license.py', 'maop/enterprise/license_manager.py', 'maop/enterprise/pg_persist.py', 'maop/enterprise/quota.py', 'maop/enterprise/rbac.py', 'maop/enterprise/saml_handler.py', 'maop/enterprise/sso.py', 'maop/enterprise/sso_store.py', 'maop/enterprise/tenant.py', 'maop/enterprise/tls_auto.py']", "timestamp": "2026-09-13T16:09:27.654464+00:00"}
{"backend": "license", "requested": "enterprise", "fallback": "personal", "reason": "no_license_key", "timestamp": "2026-09-13T16:09:35.776635+00:00"}
{"backend": "integrity", "requested": "enterprise", "fallback": "personal", "reason": "integrity_check_failed:modified modules detected: ['maop/enterprise/audit.py', 'maop/enterprise/ha.py', 'maop/enterprise/license.py', 'maop/enterprise/license_manager.py', 'maop/enterprise/pg_persist.py', 'maop/enterprise/quota.py', 'maop/enterprise/rbac.py', 'maop/enterprise/saml_handler.py', 'maop/enterprise/sso.py', 'maop/enterprise/sso_store.py', 'maop/enterprise/tenant.py', 'maop/enterprise/tls_auto.py']", "timestamp": "2026-09-13T16:09:35.807196+00:00"}
{"backend": "license", "requested": "enterprise", "fallback": "personal", "reason": "no_license_key", "timestamp": "2026-09-13T16:09:36.158832+00:00"}
{"backend": "integrity", "requested": "enterprise", "fallback": "personal", "reason": "integrity_check_failed:modified modules detected: ['maop/enterprise/audit.py', 'maop/enterprise/ha.py', 'maop/enterprise/license.py', 'maop/enterprise/license_manager.py', 'maop/enterprise/pg_persist.py', 'maop/enterprise/quota.py', 'maop/enterprise/rbac.py', 'maop/enterprise/saml_handler.py', 'maop/enterprise/sso.py', 'maop/enterprise/sso_store.py', 'maop/enterprise/tenant.py', 'maop/enterprise/tls_auto.py']", "timestamp": "2026-09-13T16:09:36.186800+00:00"}
{"backend": "license", "requested": "enterprise", "fallback": "personal", "reason": "no_license_key", "timestamp": "2026-09-13T16:09:36.764050+00:00"}
{"backend": "integrity", "requested": "enterprise", "fallback": "personal", "reason": "integrity_check_failed:modified modules detected: ['maop/enterprise/audit.py', 'maop/enterprise/ha.py', 'maop/enterprise/license.py', 'maop/enterprise/license_manager.py', 'maop/enterprise/pg_persist.py', 'maop/enterprise/quota.py', 'maop/enterprise/rbac.py', 'maop/enterprise/saml_handler.py', 'maop/enterprise/sso.py', 'maop/enterprise/sso_store.py', 'maop/enterprise/tenant.py', 'maop/enterprise/tls_auto.py']", "timestamp": "2026-09-13T16:09:36.793973+00:00"}
{"backend": "license", "requested": "enterprise", "fallback": "personal", "reason": "no_license_key", "timestamp": "2026-09-13T16:09:37.017743+00:00"}
{"backend": "integrity", "requested": "enterprise", "fallback": "personal", "reason": "integrity_check_failed:modified modules detected: ['maop/enterprise/audit.py', 'maop/enterprise/ha.py', 'maop/enterprise/license.py', 'maop/enterprise/license_manager.py', 'maop/enterprise/pg_persist.py', 'maop/enterprise/quota.py', 'maop/enterprise/rbac.py', 'maop/enterprise/saml_handler.py', 'maop/enterprise/sso.py', 'maop/enterprise/sso_store.py', 'maop/enterprise/tenant.py', 'maop/enterprise/tls_auto.py']", "timestamp": "2026-09-13T16:09:37.045155+00:00"}
{"backend": "license", "requested": "enterprise", "fallback": "personal", "reason": "no_license_key", "timestamp": "2026-09-13T16:09:37.560686+00:00"}
{"backend": "integrity", "requested": "enterprise", "fallback": "personal", "reason": "integrity_check_failed:modified modules detected: ['maop/enterprise/audit.py', 'maop/enterprise/ha.py', 'maop/enterprise/license.py', 'maop/enterprise/license_manager.py', 'maop/enterprise/pg_persist.py', 'maop/enterprise/quota.py', 'maop/enterprise/rbac.py', 'maop/enterprise/saml_handler.py', 'maop/enterprise/sso.py', 'maop/enterprise/sso_store.py', 'maop/enterprise/tenant.py', 'maop/enterprise/tls_auto.py']", "timestamp": "2026-09-13T16:09:37.592168+00:00"}
{"backend": "license", "requested": "enterprise", "fallback": "personal", "reason": "no_license_key", "timestamp": "2026-09-13T16:09:37.687967+00:00"}
{"backend": "integrity", "requested": "enterprise", "fallback": "personal", "reason": "integrity_check_failed:modified modules detected: ['maop/enterprise/audit.py', 'maop/enterprise/ha.py', 'maop/enterprise/license.py', 'maop/enterprise/license_manager.py', 'maop/enterprise/pg_persist.py', 'maop/enterprise/quota.py', 'maop/enterprise/rbac.py', 'maop/enterprise/saml_handler.py', 'maop/enterprise/sso.py', 'maop/enterprise/sso_store.py', 'maop/enterprise/tenant.py', 'maop/enterprise/tls_auto.py']", "timestamp": "2026-09-13T16:09:37.724991+00:00"}
{"backend": "license", "requested": "enterprise", "fallback": "personal", "reason": "no_license_key", "timestamp": "2026-09-13T16:09:38.340280+00:00"}
{"backend": "integrity", "requested": "enterprise", "fallback": "personal", "reason": "integrity_check_failed:modified modules detected: ['maop/enterprise/audit.py', 'maop/enterprise/ha.py', 'maop/enterprise/license.py', 'maop/enterprise/license_manager.py', 'maop/enterprise/pg_persist.py', 'maop/enterprise/quota.py', 'maop/enterprise/rbac.py', 'maop/enterprise/saml_handler.py', 'maop/enterprise/sso.py', 'maop/enterprise/sso_store.py', 'maop/enterprise/tenant.py', 'maop/enterprise/tls_auto.py']", "timestamp": "2026-09-13T16:09:38.382552+00:00"}
{"backend": "license", "requested": "enterprise", "fallback": "personal", "reason": "no_license_key", "timestamp": "2026-09-13T16:09:38.803373+00:00"}
{"backend": "integrity", "requested": "enterprise", "fallback": "personal", "reason": "integrity_check_failed:modified modules detected: ['maop/enterprise/audit.py', 'maop/enterprise/ha.py', 'maop/enterprise/license.py', 'maop/enterprise/license_manager.py', 'maop/enterprise/pg_persist.py', 'maop/enterprise/quota.py', 'maop/enterprise/rbac.py', 'maop/enterprise/saml_handler.py', 'maop/enterprise/sso.py', 'maop/enterprise/sso_store.py', 'maop/enterprise/tenant.py', 'maop/enterprise/tls_auto.py']", "timestamp": "2026-09-13T16:09:38.834057+00:00"}
{"backend": "license", "requested": "enterprise", "fallback": "personal", "reason": "no_license_key", "timestamp": "2026-09-13T16:09:39.100661+00:00"}
{"backend": "integrity", "requested": "enterprise", "fallback": "personal", "reason": "integrity_check_failed:modified modules detected: ['maop/enterprise/audit.py', 'maop/enterprise/ha.py', 'maop/enterprise/license.py', 'maop/enterprise/license_manager.py', 'maop/enterprise/pg_persist.py', 'maop/enterprise/quota.py', 'maop/enterprise/rbac.py', 'maop/enterprise/saml_handler.py', 'maop/enterprise/sso.py', 'maop/enterprise/sso_store.py', 'maop/enterprise/tenant.py', 'maop/enterprise/tls_auto.py']", "timestamp": "2026-09-13T16:09:39.129613+00:00"}
{"backend": "license", "requested": "enterprise", "fallback": "personal", "reason": "no_license_key", "timestamp": "2026-09-13T16:09:39.279363+00:00"}
{"backend": "integrity", "requested": "enterprise", "fallback": "personal", "reason": "integrity_check_failed:modified modules detected: ['maop/enterprise/audit.py', 'maop/enterprise/ha.py', 'maop/enterprise/license.py', 'maop/enterprise/license_manager.py', 'maop/enterprise/pg_persist.py', 'maop/enterprise/quota.py', 'maop/enterprise/rbac.py', 'maop/enterprise/saml_handler.py', 'maop/enterprise/sso.py', 'maop/enterprise/sso_store.py', 'maop/enterprise/tenant.py', 'maop/enterprise/tls_auto.py']", "timestamp": "2026-09-13T16:09:39.305593+00:00"}
{"backend": "license", "requested": "enterprise", "fallback": "personal", "reason": "no_license_key", "timestamp": "2026-09-13T16:09:39.741654+00:00"}
{"backend": "integrity", "requested": "enterprise", "fallback": "personal", "reason": "integrity_check_failed:modified modules detected: ['maop/enterprise/audit.py', 'maop/enterprise/ha.py', 'maop/enterprise/license.py', 'maop/enterprise/license_manager.py', 'maop/enterprise/pg_persist.py', 'maop/enterprise/quota.py', 'maop/enterprise/rbac.py', 'maop/enterprise/saml_handler.py', 'maop/enterprise/sso.py', 'maop/enterprise/sso_store.py', 'maop/enterprise/tenant.py', 'maop/enterprise/tls_auto.py']", "timestamp": "2026-09-13T16:09:39.769431+00:00"}
{"backend": "license", "requested": "enterprise", "fallback": "personal", "reason": "no_license_key", "timestamp": "2026-09-13T16:09:39.956507+00:00"}
{"backend": "integrity", "requested": "enterprise", "fallback": "personal", "reason": "integrity_check_failed:modified modules detected: ['maop/enterprise/audit.py', 'maop/enterprise/ha.py', 'maop/enterprise/license.py', 'maop/enterprise/license_manager.py', 'maop/enterprise/pg_persist.py', 'maop/enterprise/quota.py', 'maop/enterprise/rbac.py', 'maop/enterprise/saml_handler.py', 'maop/enterprise/sso.py', 'maop/enterprise/sso_store.py', 'maop/enterprise/tenant.py', 'maop/enterprise/tls_auto.py']", "timestamp": "2026-09-13T16:09:39.984411+00:00"}
{"backend": "license", "requested": "enterprise", "fallback": "personal", "reason": "no_license_key", "timestamp": "2026-09-13T16:09:40.383357+00:00"}
{"backend": "integrity", "requested": "enterprise", "fallback": "personal", "reason": "integrity_check_failed:modified modules detected: ['maop/enterprise/audit.py', 'maop/enterprise/ha.py', 'maop/enterprise/license.py', 'maop/enterprise/license_manager.py', 'maop/enterprise/pg_persist.py', 'maop/enterprise/quota.py', 'maop/enterprise/rbac.py', 'maop/enterprise/saml_handler.py', 'maop/enterprise/sso.py', 'maop/enterprise/sso_store.py', 'maop/enterprise/tenant.py', 'maop/enterprise/tls_auto.py']", "timestamp": "2026-09-13T16:09:40.417034+00:00"}
{"backend": "license", "requested": "enterprise", "fallback": "personal", "reason": "no_license_key", "timestamp": "2026-09-13T16:09:40.543182+00:00"}
{"backend": "integrity", "requested": "enterprise", "fallback": "personal", "reason": "integrity_check_failed:modified modules detected: ['maop/enterprise/audit.py', 'maop/enterprise/ha.py', 'maop/enterprise/license.py', 'maop/enterprise/license_manager.py', 'maop/enterprise/pg_persist.py', 'maop/enterprise/quota.py', 'maop/enterprise/rbac.py', 'maop/enterprise/saml_handler.py', 'maop/enterprise/sso.py', 'maop/enterprise/sso_store.py', 'maop/enterprise/tenant.py', 'maop/enterprise/tls_auto.py']", "timestamp": "2026-09-13T16:09:40.572540+00:00"}
{"backend": "license", "requested": "enterprise", "fallback": "personal", "reason": "no_license_key", "timestamp": "2026-09-13T16:09:41.091521+00:00"}
{"backend": "integrity", "requested": "enterprise", "fallback": "personal", "reason": "integrity_check_failed:modified modules detected: ['maop/enterprise/audit.py', 'maop/enterprise/ha.py', 'maop/enterprise/license.py', 'maop/enterprise/license_manager.py', 'maop/enterprise/pg_persist.py', 'maop/enterprise/quota.py', 'maop/enterprise/rbac.py', 'maop/enterprise/saml_handler.py', 'maop/enterprise/sso.py', 'maop/enterprise/sso_store.py', 'maop/enterprise/tenant.py', 'maop/enterprise/tls_auto.py']", "timestamp": "2026-09-13T16:09:41.118975+00:00"}
{"backend": "license", "requested": "enterprise", "fallback": "personal", "reason": "no_license_key", "timestamp": "2026-09-13T16:09:41.187743+00:00"}
{"backend": "integrity", "requested": "enterprise", "fallback": "personal", "reason": "integrity_check_failed:modified modules detected: ['maop/enterprise/audit.py', 'maop/enterprise/ha.py', 'maop/enterprise/license.py', 'maop/enterprise/license_manager.py', 'maop/enterprise/pg_persist.py', 'maop/enterprise/quota.py', 'maop/enterprise/rbac.py', 'maop/enterprise/saml_handler.py', 'maop/enterprise/sso.py', 'maop/enterprise/sso_store.py', 'maop/enterprise/tenant.py', 'maop/enterprise/tls_auto.py']", "timestamp": "2026-09-13T16:09:41.214746+00:00"}
{"backend": "license", "requested": "enterprise", "fallback": "personal", "reason": "no_license_key", "timestamp": "2026-09-13T16:10:16.500355+00:00"}
{"backend": "integrity", "requested": "enterprise", "fallback": "personal", "reason": "integrity_check_failed:modified modules detected: ['maop/enterprise/audit.py', 'maop/enterprise/ha.py', 'maop/enterprise/license.py', 'maop/enterprise/license_manager.py', 'maop/enterprise/pg_persist.py', 'maop/enterprise/quota.py', 'maop/enterprise/rbac.py', 'maop/enterprise/saml_handler.py', 'maop/enterprise/sso.py', 'maop/enterprise/sso_store.py', 'maop/enterprise/tenant.py', 'maop/enterprise/tls_auto.py']", "timestamp": "2026-09-13T16:10:16.518930+00:00"}
{"backend": "license", "requested": "enterprise", "fallback": "personal", "reason": "no_license_key", "timestamp": "2026-09-13T16:10:24.738345+00:00"}
{"backend": "integrity", "requested": "enterprise", "fallback": "personal", "reason": "integrity_check_failed:modified modules detected: ['maop/enterprise/audit.py', 'maop/enterprise/ha.py', 'maop/enterprise/license.py', 'maop/enterprise/license_manager.py', 'maop/enterprise/pg_persist.py', 'maop/enterprise/quota.py', 'maop/enterprise/rbac.py', 'maop/enterprise/saml_handler.py', 'maop/enterprise/sso.py', 'maop/enterprise/sso_store.py', 'maop/enterprise/tenant.py', 'maop/enterprise/tls_auto.py']", "timestamp": "2026-09-13T16:10:24.767552+00:00"}
{"backend": "license", "requested": "enterprise", "fallback": "personal", "reason": "no_license_key", "timestamp": "2026-09-13T16:10:25.335734+00:00"}
{"backend": "integrity", "requested": "enterprise", "fallback": "personal", "reason": "integrity_check_failed:modified modules detected: ['maop/enterprise/audit.py', 'maop/enterprise/ha.py', 'maop/enterprise/license.py', 'maop/enterprise/license_manager.py', 'maop/enterprise/pg_persist.py', 'maop/enterprise/quota.py', 'maop/enterprise/rbac.py', 'maop/enterprise/saml_handler.py', 'maop/enterprise/sso.py', 'maop/enterprise/sso_store.py', 'maop/enterprise/tenant.py', 'maop/enterprise/tls_auto.py']", "timestamp": "2026-09-13T16:10:25.363781+00:00"}
{"backend": "license", "requested": "enterprise", "fallback": "personal", "reason": "no_license_key", "timestamp": "2026-09-13T16:10:25.483582+00:00"}
{"backend": "integrity", "requested": "enterprise", "fallback": "personal", "reason": "integrity_check_failed:modified modules detected: ['maop/enterprise/audit.py', 'maop/enterprise/ha.py', 'maop/enterprise/license.py', 'maop/enterprise/license_manager.py', 'maop/enterprise/pg_persist.py', 'maop/enterprise/quota.py', 'maop/enterprise/rbac.py', 'maop/enterprise/saml_handler.py', 'maop/enterprise/sso.py', 'maop/enterprise/sso_store.py', 'maop/enterprise/tenant.py', 'maop/enterprise/tls_auto.py']", "timestamp": "2026-09-13T16:10:25.517171+00:00"}
{"backend": "license", "requested": "enterprise", "fallback": "personal", "reason": "no_license_key", "timestamp": "2026-09-13T16:10:26.083944+00:00"}
{"backend": "integrity", "requested": "enterprise", "fallback": "personal", "reason": "integrity_check_failed:modified modules detected: ['maop/enterprise/audit.py', 'maop/enterprise/ha.py', 'maop/enterprise/license.py', 'maop/enterprise/license_manager.py', 'maop/enterprise/pg_persist.py', 'maop/enterprise/quota.py', 'maop/enterprise/rbac.py', 'maop/enterprise/saml_handler.py', 'maop/enterprise/sso.py', 'maop/enterprise/sso_store.py', 'maop/enterprise/tenant.py', 'maop/enterprise/tls_auto.py']", "timestamp": "2026-09-13T16:10:26.116312+00:00"}
{"backend": "license", "requested": "enterprise", "fallback": "personal", "reason": "no_license_key", "timestamp": "2026-09-13T16:10:26.248395+00:00"}
{"backend": "integrity", "requested": "enterprise", "fallback": "personal", "reason": "integrity_check_failed:modified modules detected: ['maop/enterprise/audit.py', 'maop/enterprise/ha.py', 'maop/enterprise/license.py', 'maop/enterprise/license_manager.py', 'maop/enterprise/pg_persist.py', 'maop/enterprise/quota.py', 'maop/enterprise/rbac.py', 'maop/enterprise/saml_handler.py', 'maop/enterprise/sso.py', 'maop/enterprise/sso_store.py', 'maop/enterprise/tenant.py', 'maop/enterprise/tls_auto.py']", "timestamp": "2026-09-13T16:10:26.280087+00:00"}
{"backend": "license", "requested": "enterprise", "fallback": "personal", "reason": "no_license_key", "timestamp": "2026-09-13T16:10:26.849424+00:00"}
{"backend": "integrity", "requested": "enterprise", "fallback": "personal", "reason": "integrity_check_failed:modified modules detected: ['maop/enterprise/audit.py', 'maop/enterprise/ha.py', 'maop/enterprise/license.py', 'maop/enterprise/license_manager.py', 'maop/enterprise/pg_persist.py', 'maop/enterprise/quota.py', 'maop/enterprise/rbac.py', 'maop/enterprise/saml_handler.py', 'maop/enterprise/sso.py', 'maop/enterprise/sso_store.py', 'maop/enterprise/tenant.py', 'maop/enterprise/tls_auto.py']", "timestamp": "2026-09-13T16:10:26.881324+00:00"}
{"backend": "license", "requested": "enterprise", "fallback": "personal", "reason": "no_license_key", "timestamp": "2026-09-13T16:10:27.012548+00:00"}
{"backend": "integrity", "requested": "enterprise", "fallback": "personal", "reason": "integrity_check_failed:modified modules detected: ['maop/enterprise/audit.py', 'maop/enterprise/ha.py', 'maop/enterprise/license.py', 'maop/enterprise/license_manager.py', 'maop/enterprise/pg_persist.py', 'maop/enterprise/quota.py', 'maop/enterprise/rbac.py', 'maop/enterprise/saml_handler.py', 'maop/enterprise/sso.py', 'maop/enterprise/sso_store.py', 'maop/enterprise/tenant.py', 'maop/enterprise/tls_auto.py']", "timestamp": "2026-09-13T16:10:27.041812+00:00"}
{"backend": "license", "requested": "enterprise", "fallback": "personal", "reason": "no_license_key", "timestamp": "2026-09-13T16:10:27.559340+00:00"}
{"backend": "integrity", "requested": "enterprise", "fallback": "personal", "reason": "integrity_check_failed:modified modules detected: ['maop/enterprise/audit.py', 'maop/enterprise/ha.py', 'maop/enterprise/license.py', 'maop/enterprise/license_manager.py', 'maop/enterprise/pg_persist.py', 'maop/enterprise/quota.py', 'maop/enterprise/rbac.py', 'maop/enterprise/saml_handler.py', 'maop/enterprise/sso.py', 'maop/enterprise/sso_store.py', 'maop/enterprise/tenant.py', 'maop/enterprise/tls_auto.py']", "timestamp": "2026-09-13T16:10:27.587977+00:00"}
{"backend": "license", "requested": "enterprise", "fallback": "personal", "reason": "no_license_key", "timestamp": "2026-09-13T16:10:27.719676+00:00"}
{"backend": "integrity", "requested": "enterprise", "fallback": "personal", "reason": "integrity_check_failed:modified modules detected: ['maop/enterprise/audit.py', 'maop/enterprise/ha.py', 'maop/enterprise/license.py', 'maop/enterprise/license_manager.py', 'maop/enterprise/pg_persist.py', 'maop/enterprise/quota.py', 'maop/enterprise/rbac.py', 'maop/enterprise/saml_handler.py', 'maop/enterprise/sso.py', 'maop/enterprise/sso_store.py', 'maop/enterprise/tenant.py', 'maop/enterprise/tls_auto.py']", "timestamp": "2026-09-13T16:10:27.751791+00:00"}
{"backend": "license", "requested": "enterprise", "fallback": "personal", "reason": "no_license_key", "timestamp": "2026-09-13T16:10:28.323893+00:00"}
{"backend": "integrity", "requested": "enterprise", "fallback": "personal", "reason": "integrity_check_failed:modified modules detected: ['maop/enterprise/audit.py', 'maop/enterprise/ha.py', 'maop/enterprise/license.py', 'maop/enterprise/license_manager.py', 'maop/enterprise/pg_persist.py', 'maop/enterprise/quota.py', 'maop/enterprise/rbac.py', 'maop/enterprise/saml_handler.py', 'maop/enterprise/sso.py', 'maop/enterprise/sso_store.py', 'maop/enterprise/tenant.py', 'maop/enterprise/tls_auto.py']", "timestamp": "2026-09-13T16:10:28.364222+00:00"}
{"backend": "license", "requested": "enterprise", "fallback": "personal", "reason": "no_license_key", "timestamp": "2026-09-13T16:10:28.524532+00:00"}
{"backend": "integrity", "requested": "enterprise", "fallback": "personal", "reason": "integrity_check_failed:modified modules detected: ['maop/enterprise/audit.py', 'maop/enterprise/ha.py', 'maop/enterprise/license.py', 'maop/enterprise/license_manager.py', 'maop/enterprise/pg_persist.py', 'maop/enterprise/quota.py', 'maop/enterprise/rbac.py', 'maop/enterprise/saml_handler.py', 'maop/enterprise/sso.py', 'maop/enterprise/sso_store.py', 'maop/enterprise/tenant.py', 'maop/enterprise/tls_auto.py']", "timestamp": "2026-09-13T16:10:28.554461+00:00"}
{"backend": "license", "requested": "enterprise", "fallback": "personal", "reason": "no_license_key", "timestamp": "2026-09-13T16:10:29.021711+00:00"}
{"backend": "integrity", "requested": "enterprise", "fallback": "personal", "reason": "integrity_check_failed:modified modules detected: ['maop/enterprise/audit.py', 'maop/enterprise/ha.py', 'maop/enterprise/license.py', 'maop/enterprise/license_manager.py', 'maop/enterprise/pg_persist.py', 'maop/enterprise/quota.py', 'maop/enterprise/rbac.py', 'maop/enterprise/saml_handler.py', 'maop/enterprise/sso.py', 'maop/enterprise/sso_store.py', 'maop/enterprise/tenant.py', 'maop/enterprise/tls_auto.py']", "timestamp": "2026-09-13T16:10:29.053594+00:00"}
{"backend": "license", "requested": "enterprise", "fallback": "personal", "reason": "no_license_key", "timestamp": "2026-09-13T16:10:29.192057+00:00"}
{"backend": "integrity", "requested": "enterprise", "fallback": "personal", "reason": "integrity_check_failed:modified modules detected: ['maop/enterprise/audit.py', 'maop/enterprise/ha.py', 'maop/enterprise/license.py', 'maop/enterprise/license_manager.py', 'maop/enterprise/pg_persist.py', 'maop/enterprise/quota.py', 'maop/enterprise/rbac.py', 'maop/enterprise/saml_handler.py', 'maop/enterprise/sso.py', 'maop/enterprise/sso_store.py', 'maop/enterprise/tenant.py', 'maop/enterprise/tls_auto.py']", "timestamp": "2026-09-13T16:10:29.221682+00:00"}
{"backend": "license", "requested": "enterprise", "fallback": "personal", "reason": "no_license_key", "timestamp": "2026-09-13T16:10:29.674402+00:00"}
{"backend": "integrity", "requested": "enterprise", "fallback": "personal", "reason": "integrity_check_failed:modified modules detected: ['maop/enterprise/audit.py', 'maop/enterprise/ha.py', 'maop/enterprise/license.py', 'maop/enterprise/license_manager.py', 'maop/enterprise/pg_persist.py', 'maop/enterprise/quota.py', 'maop/enterprise/rbac.py', 'maop/enterprise/saml_handler.py', 'maop/enterprise/sso.py', 'maop/enterprise/sso_store.py', 'maop/enterprise/tenant.py', 'maop/enterprise/tls_auto.py']", "timestamp": "2026-09-13T16:10:29.705004+00:00"}
{"backend": "license", "requested": "enterprise", "fallback": "personal", "reason": "no_license_key", "timestamp": "2026-09-13T16:10:29.749967+00:00"}
{"backend": "integrity", "requested": "enterprise", "fallback": "personal", "reason": "integrity_check_failed:modified modules detected: ['maop/enterprise/audit.py', 'maop/enterprise/ha.py', 'maop/enterprise/license.py', 'maop/enterprise/license_manager.py', 'maop/enterprise/pg_persist.py', 'maop/enterprise/quota.py', 'maop/enterprise/rbac.py', 'maop/enterprise/saml_handler.py', 'maop/enterprise/sso.py', 'maop/enterprise/sso_store.py', 'maop/enterprise/tenant.py', 'maop/enterprise/tls_auto.py']", "timestamp": "2026-09-13T16:10:29.774904+00:00"}
{"backend": "license", "requested": "enterprise", "fallback": "personal", "reason": "no_license_key", "timestamp": "2026-09-13T16:10:30.152861+00:00"}
{"backend": "integrity", "requested": "enterprise", "fallback": "personal", "reason": "integrity_check_failed:modified modules detected: ['maop/enterprise/audit.py', 'maop/enterprise/ha.py', 'maop/enterprise/license.py', 'maop/enterprise/license_manager.py', 'maop/enterprise/pg_persist.py', 'maop/enterprise/quota.py', 'maop/enterprise/rbac.py', 'maop/enterprise/saml_handler.py', 'maop/enterprise/sso.py', 'maop/enterprise/sso_store.py', 'maop/enterprise/tenant.py', 'maop/enterprise/tls_auto.py']", "timestamp": "2026-09-13T16:10:30.182140+00:00"}
{"backend": "license", "requested": "enterprise", "fallback": "personal", "reason": "no_license_key", "timestamp": "2026-09-13T16:11:09.027750+00:00"}
{"backend": "integrity", "requested": "enterprise", "fallback": "personal", "reason": "integrity_check_failed:modified modules detected: ['maop/enterprise/audit.py', 'maop/enterprise/ha.py', 'maop/enterprise/license.py', 'maop/enterprise/license_manager.py', 'maop/enterprise/pg_persist.py', 'maop/enterprise/quota.py', 'maop/enterprise/rbac.py', 'maop/enterprise/saml_handler.py', 'maop/enterprise/sso.py', 'maop/enterprise/sso_store.py', 'maop/enterprise/tenant.py', 'maop/enterprise/tls_auto.py']", "timestamp": "2026-09-13T16:11:09.044127+00:00"}
{"backend": "license", "requested": "enterprise", "fallback": "personal", "reason": "no_license_key", "timestamp": "2026-09-13T16:11:17.339263+00:00"}
{"backend": "integrity", "requested": "enterprise", "fallback": "personal", "reason": "integrity_check_failed:modified modules detected: ['maop/enterprise/audit.py', 'maop/enterprise/ha.py', 'maop/enterprise/license.py', 'maop/enterprise/license_manager.py', 'maop/enterprise/pg_persist.py', 'maop/enterprise/quota.py', 'maop/enterprise/rbac.py', 'maop/enterprise/saml_handler.py', 'maop/enterprise/sso.py', 'maop/enterprise/sso_store.py', 'maop/enterprise/tenant.py', 'maop/enterprise/tls_auto.py']", "timestamp": "2026-09-13T16:11:17.369469+00:00"}
{"backend": "license", "requested": "enterprise", "fallback": "personal", "reason": "no_license_key", "timestamp": "2026-09-13T16:11:17.982613+00:00"}
{"backend": "integrity", "requested": "enterprise", "fallback": "personal", "reason": "integrity_check_failed:modified modules detected: ['maop/enterprise/audit.py', 'maop/enterprise/ha.py', 'maop/enterprise/license.py', 'maop/enterprise/license_manager.py', 'maop/enterprise/pg_persist.py', 'maop/enterprise/quota.py', 'maop/enterprise/rbac.py', 'maop/enterprise/saml_handler.py', 'maop/enterprise/sso.py', 'maop/enterprise/sso_store.py', 'maop/enterprise/tenant.py', 'maop/enterprise/tls_auto.py']", "timestamp": "2026-09-13T16:11:18.020847+00:00"}
{"backend": "license", "requested": "enterprise", "fallback": "personal", "reason": "no_license_key", "timestamp": "2026-09-13T16:11:18.215039+00:00"}
{"backend": "integrity", "requested": "enterprise", "fallback": "personal", "reason": "integrity_check_failed:modified modules detected: ['maop/enterprise/audit.py', 'maop/enterprise/ha.py', 'maop/enterprise/license.py', 'maop/enterprise/license_manager.py', 'maop/enterprise/pg_persist.py', 'maop/enterprise/quota.py', 'maop/enterprise/rbac.py', 'maop/enterprise/saml_handler.py', 'maop/enterprise/sso.py', 'maop/enterprise/sso_store.py', 'maop/enterprise/tenant.py', 'maop/enterprise/tls_auto.py']", "timestamp": "2026-09-13T16:11:18.245356+00:00"}
{"backend": "license", "requested": "enterprise", "fallback": "personal", "reason": "no_license_key", "timestamp": "2026-09-13T16:11:18.816311+00:00"}
{"backend": "integrity", "requested": "enterprise", "fallback": "personal", "reason": "integrity_check_failed:modified modules detected: ['maop/enterprise/audit.py', 'maop/enterprise/ha.py', 'maop/enterprise/license.py', 'maop/enterprise/license_manager.py', 'maop/enterprise/pg_persist.py', 'maop/enterprise/quota.py', 'maop/enterprise/rbac.py', 'maop/enterprise/saml_handler.py', 'maop/enterprise/sso.py', 'maop/enterprise/sso_store.py', 'maop/enterprise/tenant.py', 'maop/enterprise/tls_auto.py']", "timestamp": "2026-09-13T16:11:18.845632+00:00"}
{"backend": "license", "requested": "enterprise", "fallback": "personal", "reason": "no_license_key", "timestamp": "2026-09-13T16:11:18.983329+00:00"}
{"backend": "integrity", "requested": "enterprise", "fallback": "personal", "reason": "integrity_check_failed:modified modules detected: ['maop/enterprise/audit.py', 'maop/enterprise/ha.py', 'maop/enterprise/license.py', 'maop/enterprise/license_manager.py', 'maop/enterprise/pg_persist.py', 'maop/enterprise/quota.py', 'maop/enterprise/rbac.py', 'maop/enterprise/saml_handler.py', 'maop/enterprise/sso.py', 'maop/enterprise/sso_store.py', 'maop/enterprise/tenant.py', 'maop/enterprise/tls_auto.py']", "timestamp": "2026-09-13T16:11:19.010182+00:00"}
{"backend": "license", "requested": "enterprise", "fallback": "personal", "reason": "no_license_key", "timestamp": "2026-09-13T16:11:19.462535+00:00"}
{"backend": "integrity", "requested": "enterprise", "fallback": "personal", "reason": "integrity_check_failed:modified modules detected: ['maop/enterprise/audit.py', 'maop/enterprise/ha.py', 'maop/enterprise/license.py', 'maop/enterprise/license_manager.py', 'maop/enterprise/pg_persist.py', 'maop/enterprise/quota.py', 'maop/enterprise/rbac.py', 'maop/enterprise/saml_handler.py', 'maop/enterprise/sso.py', 'maop/enterprise/sso_store.py', 'maop/enterprise/tenant.py', 'maop/enterprise/tls_auto.py']", "timestamp": "2026-09-13T16:11:19.488467+00:00"}
{"backend": "license", "requested": "enterprise", "fallback": "personal", "reason": "no_license_key", "timestamp": "2026-09-13T16:11:19.587265+00:00"}
{"backend": "integrity", "requested": "enterprise", "fallback": "personal", "reason": "integrity_check_failed:modified modules detected: ['maop/enterprise/audit.py', 'maop/enterprise/ha.py', 'maop/enterprise/license.py', 'maop/enterprise/license_manager.py', 'maop/enterprise/pg_persist.py', 'maop/enterprise/quota.py', 'maop/enterprise/rbac.py', 'maop/enterprise/saml_handler.py', 'maop/enterprise/sso.py', 'maop/enterprise/sso_store.py', 'maop/enterprise/tenant.py', 'maop/enterprise/tls_auto.py']", "timestamp": "2026-09-13T16:11:19.614485+00:00"}
{"backend": "license", "requested": "enterprise", "fallback": "personal", "reason": "no_license_key", "timestamp": "2026-09-13T16:11:20.242532+00:00"}
{"backend": "integrity", "requested": "enterprise", "fallback": "personal", "reason": "integrity_check_failed:modified modules detected: ['maop/enterprise/audit.py', 'maop/enterprise/ha.py', 'maop/enterprise/license.py', 'maop/enterprise/license_manager.py', 'maop/enterprise/pg_persist.py', 'maop/enterprise/quota.py', 'maop/enterprise/rbac.py', 'maop/enterprise/saml_handler.py', 'maop/enterprise/sso.py', 'maop/enterprise/sso_store.py', 'maop/enterprise/tenant.py', 'maop/enterprise/tls_auto.py']", "timestamp": "2026-09-13T16:11:20.271243+00:00"}
{"backend": "license", "requested": "enterprise", "fallback": "personal", "reason": "no_license_key", "timestamp": "2026-09-13T16:11:20.345220+00:00"}
{"backend": "integrity", "requested": "enterprise", "fallback": "personal", "reason": "integrity_check_failed:modified modules detected: ['maop/enterprise/audit.py', 'maop/enterprise/ha.py', 'maop/enterprise/license.py', 'maop/enterprise/license_manager.py', 'maop/enterprise/pg_persist.py', 'maop/enterprise/quota.py', 'maop/enterprise/rbac.py', 'maop/enterprise/saml_handler.py', 'maop/enterprise/sso.py', 'maop/enterprise/sso_store.py', 'maop/enterprise/tenant.py', 'maop/enterprise/tls_auto.py']", "timestamp": "2026-09-13T16:11:20.372131+00:00"}
{"backend": "license", "requested": "enterprise", "fallback": "personal", "reason": "no_license_key", "timestamp": "2026-09-13T16:11:20.809887+00:00"}
{"backend": "integrity", "requested": "enterprise", "fallback": "personal", "reason": "integrity_check_failed:modified modules detected: ['maop/enterprise/audit.py', 'maop/enterprise/ha.py', 'maop/enterprise/license.py', 'maop/enterprise/license_manager.py', 'maop/enterprise/pg_persist.py', 'maop/enterprise/quota.py', 'maop/enterprise/rbac.py', 'maop/enterprise/saml_handler.py', 'maop/enterprise/sso.py', 'maop/enterprise/sso_store.py', 'maop/enterprise/tenant.py', 'maop/enterprise/tls_auto.py']", "timestamp": "2026-09-13T16:11:20.841190+00:00"}
{"backend": "license", "requested": "enterprise", "fallback": "personal", "reason": "no_license_key", "timestamp": "2026-09-13T16:11:21.109413+00:00"}
{"backend": "integrity", "requested": "enterprise", "fallback": "personal", "reason": "integrity_check_failed:modified modules detected: ['maop/enterprise/audit.py', 'maop/enterprise/ha.py', 'maop/enterprise/license.py', 'maop/enterprise/license_manager.py', 'maop/enterprise/pg_persist.py', 'maop/enterprise/quota.py', 'maop/enterprise/rbac.py', 'maop/enterprise/saml_handler.py', 'maop/enterprise/sso.py', 'maop/enterprise/sso_store.py', 'maop/enterprise/tenant.py', 'maop/enterprise/tls_auto.py']", "timestamp": "2026-09-13T16:11:21.140286+00:00"}
{"backend": "license", "requested": "enterprise", "fallback": "personal", "reason": "no_license_key", "timestamp": "2026-09-13T16:11:21.612776+00:00"}
{"backend": "integrity", "requested": "enterprise", "fallback": "personal", "reason": "integrity_check_failed:modified modules detected: ['maop/enterprise/audit.py', 'maop/enterprise/ha.py', 'maop/enterprise/license.py', 'maop/enterprise/license_manager.py', 'maop/enterprise/pg_persist.py', 'maop/enterprise/quota.py', 'maop/enterprise/rbac.py', 'maop/enterprise/saml_handler.py', 'maop/enterprise/sso.py', 'maop/enterprise/sso_store.py', 'maop/enterprise/tenant.py', 'maop/enterprise/tls_auto.py']", "timestamp": "2026-09-13T16:11:21.642287+00:00"}
{"backend": "license", "requested": "enterprise", "fallback": "personal", "reason": "no_license_key", "timestamp": "2026-09-13T16:11:21.777843+00:00"}
{"backend": "integrity", "requested": "enterprise", "fallback": "personal", "reason": "integrity_check_failed:modified modules detected: ['maop/enterprise/audit.py', 'maop/enterprise/ha.py', 'maop/enterprise/license.py', 'maop/enterprise/license_manager.py', 'maop/enterprise/pg_persist.py', 'maop/enterprise/quota.py', 'maop/enterprise/rbac.py', 'maop/enterprise/saml_handler.py', 'maop/enterprise/sso.py', 'maop/enterprise/sso_store.py', 'maop/enterprise/tenant.py', 'maop/enterprise/tls_auto.py']", "timestamp": "2026-09-13T16:11:21.811942+00:00"}
{"backend": "license", "requested": "enterprise", "fallback": "personal", "reason": "no_license_key", "timestamp": "2026-09-13T16:11:22.345841+00:00"}
{"backend": "integrity", "requested": "enterprise", "fallback": "personal", "reason": "integrity_check_failed:modified modules detected: ['maop/enterprise/audit.py', 'maop/enterprise/ha.py', 'maop/enterprise/license.py', 'maop/enterprise/license_manager.py', 'maop/enterprise/pg_persist.py', 'maop/enterprise/quota.py', 'maop/enterprise/rbac.py', 'maop/enterprise/saml_handler.py', 'maop/enterprise/sso.py', 'maop/enterprise/sso_store.py', 'maop/enterprise/tenant.py', 'maop/enterprise/tls_auto.py']", "timestamp": "2026-09-13T16:11:22.375621+00:00"}
{"backend": "license", "requested": "enterprise", "fallback": "personal", "reason": "no_license_key", "timestamp": "2026-09-13T16:11:22.520199+00:00"}
{"backend": "integrity", "requested": "enterprise", "fallback": "personal", "reason": "integrity_check_failed:modified modules detected: ['maop/enterprise/audit.py', 'maop/enterprise/ha.py', 'maop/enterprise/license.py', 'maop/enterprise/license_manager.py', 'maop/enterprise/pg_persist.py', 'maop/enterprise/quota.py', 'maop/enterprise/rbac.py', 'maop/enterprise/saml_handler.py', 'maop/enterprise/sso.py', 'maop/enterprise/sso_store.py', 'maop/enterprise/tenant.py', 'maop/enterprise/tls_auto.py']", "timestamp": "2026-09-13T16:11:22.550711+00:00"}
{"backend": "license", "requested": "enterprise", "fallback": "personal", "reason": "no_license_key", "timestamp": "2026-09-13T16:11:22.927953+00:00"}
{"backend": "integrity", "requested": "enterprise", "fallback": "personal", "reason": "integrity_check_failed:modified modules detected: ['maop/enterprise/audit.py', 'maop/enterprise/ha.py', 'maop/enterprise/license.py', 'maop/enterprise/license_manager.py', 'maop/enterprise/pg_persist.py', 'maop/enterprise/quota.py', 'maop/enterprise/rbac.py', 'maop/enterprise/saml_handler.py', 'maop/enterprise/sso.py', 'maop/enterprise/sso_store.py', 'maop/enterprise/tenant.py', 'maop/enterprise/tls_auto.py']", "timestamp": "2026-09-13T16:11:22.954694+00:00"}
{"backend": "license", "requested": "enterprise", "fallback": "personal", "reason": "license_invalid", "timestamp": "2026-09-13T16:12:59.401908+00:00"}
{"backend": "license", "requested": "enterprise", "fallback": "personal", "reason": "license_invalid", "timestamp": "2026-09-13T16:12:59.441089+00:00"}
{"backend": "license", "requested": "enterprise", "fallback": "personal", "reason": "license_invalid", "timestamp": "2026-09-13T16:12:59.470232+00:00"}
{"backend": "license", "requested": "enterprise", "fallback": "personal", "reason": "license_invalid", "timestamp": "2026-09-13T16:12:59.687163+00:00"}
{"backend": "license", "requested": "enterprise", "fallback": "personal", "reason": "no_license_key", "timestamp": "2026-09-13T16:13:57.022955+00:00"}
{"backend": "integrity", "requested": "enterprise", "fallback": "personal", "reason": "integrity_check_failed:modified modules detected: ['maop/enterprise/audit.py', 'maop/enterprise/ha.py', 'maop/enterprise/license.py', 'maop/enterprise/license_manager.py', 'maop/enterprise/pg_persist.py', 'maop/enterprise/quota.py', 'maop/enterprise/rbac.py', 'maop/enterprise/saml_handler.py', 'maop/enterprise/sso.py', 'maop/enterprise/sso_store.py', 'maop/enterprise/tenant.py', 'maop/enterprise/tls_auto.py']", "timestamp": "2026-09-13T16:13:57.423929+00:00"}
{"backend": "license", "requested": "enterprise", "fallback": "personal", "reason": "no_license_key", "timestamp": "2026-09-13T16:14:07.253772+00:00"}
{"backend": "integrity", "requested": "enterprise", "fallback": "personal", "reason": "integrity_check_failed:modified modules detected: ['maop/enterprise/audit.py', 'maop/enterprise/ha.py', 'maop/enterprise/license.py', 'maop/enterprise/license_manager.py', 'maop/enterprise/pg_persist.py', 'maop/enterprise/quota.py', 'maop/enterprise/rbac.py', 'maop/enterprise/saml_handler.py', 'maop/enterprise/sso.py', 'maop/enterprise/sso_store.py', 'maop/enterprise/tenant.py', 'maop/enterprise/tls_auto.py']", "timestamp": "2026-09-13T16:14:07.283853+00:00"}
{"backend": "license", "requested": "enterprise", "fallback": "personal", "reason": "no_license_key", "timestamp": "2026-09-13T16:14:07.815875+00:00"}
{"backend": "integrity", "requested": "enterprise", "fallback": "personal", "reason": "integrity_check_failed:modified modules detected: ['maop/enterprise/audit.py', 'maop/enterprise/ha.py', 'maop/enterprise/license.py', 'maop/enterprise/license_manager.py', 'maop/enterprise/pg_persist.py', 'maop/enterprise/quota.py', 'maop/enterprise/rbac.py', 'maop/enterprise/saml_handler.py', 'maop/enterprise/sso.py', 'maop/enterprise/sso_store.py', 'maop/enterprise/tenant.py', 'maop/enterprise/tls_auto.py']", "timestamp": "2026-09-13T16:14:07.848810+00:00"}
{"backend": "license", "requested": "enterprise", "fallback": "personal", "reason": "no_license_key", "timestamp": "2026-09-13T16:14:08.044544+00:00"}
{"backend": "integrity", "requested": "enterprise", "fallback": "personal", "reason": "integrity_check_failed:modified modules detected: ['maop/enterprise/audit.py', 'maop/enterprise/ha.py', 'maop/enterprise/license.py', 'maop/enterprise/license_manager.py', 'maop/enterprise/pg_persist.py', 'maop/enterprise/quota.py', 'maop/enterprise/rbac.py', 'maop/enterprise/saml_handler.py', 'maop/enterprise/sso.py', 'maop/enterprise/sso_store.py', 'maop/enterprise/tenant.py', 'maop/enterprise/tls_auto.py']", "timestamp": "2026-09-13T16:14:08.083023+00:00"}
{"backend": "license", "requested": "enterprise", "fallback": "personal", "reason": "no_license_key", "timestamp": "2026-09-13T16:14:08.830404+00:00"}
{"backend": "integrity", "requested": "enterprise", "fallback": "personal", "reason": "integrity_check_failed:modified modules detected: ['maop/enterprise/audit.py', 'maop/enterprise/ha.py', 'maop/enterprise/license.py', 'maop/enterprise/license_manager.py', 'maop/enterprise/pg_persist.py', 'maop/enterprise/quota.py', 'maop/enterprise/rbac.py', 'maop/enterprise/saml_handler.py', 'maop/enterprise/sso.py', 'maop/enterprise/sso_store.py', 'maop/enterprise/tenant.py', 'maop/enterprise/tls_auto.py']", "timestamp": "2026-09-13T16:14:08.861749+00:00"}
{"backend": "license", "requested": "enterprise", "fallback": "personal", "reason": "no_license_key", "timestamp": "2026-09-13T16:14:09.039101+00:00"}
{"backend": "integrity", "requested": "enterprise", "fallback": "personal", "reason": "integrity_check_failed:modified modules detected: ['maop/enterprise/audit.py', 'maop/enterprise/ha.py', 'maop/enterprise/license.py', 'maop/enterprise/license_manager.py', 'maop/enterprise/pg_persist.py', 'maop/enterprise/quota.py', 'maop/enterprise/rbac.py', 'maop/enterprise/saml_handler.py', 'maop/enterprise/sso.py', 'maop/enterprise/sso_store.py', 'maop/enterprise/tenant.py', 'maop/enterprise/tls_auto.py']", "timestamp": "2026-09-13T16:14:09.069455+00:00"}
{"backend": "license", "requested": "enterprise", "fallback": "personal", "reason": "no_license_key", "timestamp": "2026-09-13T16:14:09.616486+00:00"}
{"backend": "integrity", "requested": "enterprise", "fallback": "personal", "reason": "integrity_check_failed:modified modules detected: ['maop/enterprise/audit.py', 'maop/enterprise/ha.py', 'maop/enterprise/license.py', 'maop/enterprise/license_manager.py', 'maop/enterprise/pg_persist.py', 'maop/enterprise/quota.py', 'maop/enterprise/rbac.py', 'maop/enterprise/saml_handler.py', 'maop/enterprise/sso.py', 'maop/enterprise/sso_store.py', 'maop/enterprise/tenant.py', 'maop/enterprise/tls_auto.py']", "timestamp": "2026-09-13T16:14:09.647315+00:00"}
{"backend": "license", "requested": "enterprise", "fallback": "personal", "reason": "no_license_key", "timestamp": "2026-09-13T16:14:09.776816+00:00"}
{"backend": "integrity", "requested": "enterprise", "fallback": "personal", "reason": "integrity_check_failed:modified modules detected: ['maop/enterprise/audit.py', 'maop/enterprise/ha.py', 'maop/enterprise/license.py', 'maop/enterprise/license_manager.py', 'maop/enterprise/pg_persist.py', 'maop/enterprise/quota.py', 'maop/enterprise/rbac.py', 'maop/enterprise/saml_handler.py', 'maop/enterprise/sso.py', 'maop/enterprise/sso_store.py', 'maop/enterprise/tenant.py', 'maop/enterprise/tls_auto.py']", "timestamp": "2026-09-13T16:14:09.807155+00:00"}
{"backend": "license", "requested": "enterprise", "fallback": "personal", "reason": "no_license_key", "timestamp": "2026-09-13T16:14:10.522619+00:00"}
{"backend": "integrity", "requested": "enterprise", "fallback": "personal", "reason": "integrity_check_failed:modified modules detected: ['maop/enterprise/audit.py', 'maop/enterprise/ha.py', 'maop/enterprise/license.py', 'maop/enterprise/license_manager.py', 'maop/enterprise/pg_persist.py', 'maop/enterprise/quota.py', 'maop/enterprise/rbac.py', 'maop/enterprise/saml_handler.py', 'maop/enterprise/sso.py', 'maop/enterprise/sso_store.py', 'maop/enterprise/tenant.py', 'maop/enterprise/tls_auto.py']", "timestamp": "2026-09-13T16:14:10.562600+00:00"}
{"backend": "license", "requested": "enterprise", "fallback": "personal", "reason": "no_license_key", "timestamp": "2026-09-13T16:14:10.682824+00:00"}
{"backend": "integrity", "requested": "enterprise", "fallback": "personal", "reason": "integrity_check_failed:modified modules detected: ['maop/enterprise/audit.py', 'maop/enterprise/ha.py', 'maop/enterprise/license.py', 'maop/enterprise/license_manager.py', 'maop/enterprise/pg_persist.py', 'maop/enterprise/quota.py', 'maop/enterprise/rbac.py', 'maop/enterprise/saml_handler.py', 'maop/enterprise/sso.py', 'maop/enterprise/sso_store.py', 'maop/enterprise/tenant.py', 'maop/enterprise/tls_auto.py']", "timestamp": "2026-09-13T16:14:10.714571+00:00"}
{"backend": "license", "requested": "enterprise", "fallback": "personal", "reason": "no_license_key", "timestamp": "2026-09-13T16:14:11.329496+00:00"}
{"backend": "integrity", "requested": "enterprise", "fallback": "personal", "reason": "integrity_check_failed:modified modules detected: ['maop/enterprise/audit.py', 'maop/enterprise/ha.py', 'maop/enterprise/license.py', 'maop/enterprise/license_manager.py', 'maop/enterprise/pg_persist.py', 'maop/enterprise/quota.py', 'maop/enterprise/rbac.py', 'maop/enterprise/saml_handler.py', 'maop/enterprise/sso.py', 'maop/enterprise/sso_store.py', 'maop/enterprise/tenant.py', 'maop/enterprise/tls_auto.py']", "timestamp": "2026-09-13T16:14:11.360130+00:00"}
{"backend": "license", "requested": "enterprise", "fallback": "personal", "reason": "no_license_key", "timestamp": "2026-09-13T16:14:11.773685+00:00"}
{"backend": "integrity", "requested": "enterprise", "fallback": "personal", "reason": "integrity_check_failed:modified modules detected: ['maop/enterprise/audit.py', 'maop/enterprise/ha.py', 'maop/enterprise/license.py', 'maop/enterprise/license_manager.py', 'maop/enterprise/pg_persist.py', 'maop/enterprise/quota.py', 'maop/enterprise/rbac.py', 'maop/enterprise/saml_handler.py', 'maop/enterprise/sso.py', 'maop/enterprise/sso_store.py', 'maop/enterprise/tenant.py', 'maop/enterprise/tls_auto.py']", "timestamp": "2026-09-13T16:14:11.806508+00:00"}
{"backend": "license", "requested": "enterprise", "fallback": "personal", "reason": "no_license_key", "timestamp": "2026-09-13T16:14:11.919350+00:00"}
{"backend": "integrity", "requested": "enterprise", "fallback": "personal", "reason": "integrity_check_failed:modified modules detected: ['maop/enterprise/audit.py', 'maop/enterprise/ha.py', 'maop/enterprise/license.py', 'maop/enterprise/license_manager.py', 'maop/enterprise/pg_persist.py', 'maop/enterprise/quota.py', 'maop/enterprise/rbac.py', 'maop/enterprise/saml_handler.py', 'maop/enterprise/sso.py', 'maop/enterprise/sso_store.py', 'maop/enterprise/tenant.py', 'maop/enterprise/tls_auto.py']", "timestamp": "2026-09-13T16:14:11.952351+00:00"}
{"backend": "license", "requested": "enterprise", "fallback": "personal", "reason": "no_license_key", "timestamp": "2026-09-13T16:14:12.833913+00:00"}
{"backend": "integrity", "requested": "enterprise", "fallback": "personal", "reason": "integrity_check_failed:modified modules detected: ['maop/enterprise/audit.py', 'maop/enterprise/ha.py', 'maop/enterprise/license.py', 'maop/enterprise/license_manager.py', 'maop/enterprise/pg_persist.py', 'maop/enterprise/quota.py', 'maop/enterprise/rbac.py', 'maop/enterprise/saml_handler.py', 'maop/enterprise/sso.py', 'maop/enterprise/sso_store.py', 'maop/enterprise/tenant.py', 'maop/enterprise/tls_auto.py']", "timestamp": "2026-09-13T16:14:12.862772+00:00"}
{"backend": "license", "requested": "enterprise", "fallback": "personal", "reason": "no_license_key", "timestamp": "2026-09-13T16:14:12.967396+00:00"}
{"backend": "integrity", "requested": "enterprise", "fallback": "personal", "reason": "integrity_check_failed:modified modules detected: ['maop/enterprise/audit.py', 'maop/enterprise/ha.py', 'maop/enterprise/license.py', 'maop/enterprise/license_manager.py', 'maop/enterprise/pg_persist.py', 'maop/enterprise/quota.py', 'maop/enterprise/rbac.py', 'maop/enterprise/saml_handler.py', 'maop/enterprise/sso.py', 'maop/enterprise/sso_store.py', 'maop/enterprise/tenant.py', 'maop/enterprise/tls_auto.py']", "timestamp": "2026-09-13T16:14:12.996948+00:00"}
{"backend": "license", "requested": "enterprise", "fallback": "personal", "reason": "no_license_key", "timestamp": "2026-09-13T16:14:13.492137+00:00"}
{"backend": "integrity", "requested": "enterprise", "fallback": "personal", "reason": "integrity_check_failed:modified modules detected: ['maop/enterprise/audit.py', 'maop/enterprise/ha.py', 'maop/enterprise/license.py', 'maop/enterprise/license_manager.py', 'maop/enterprise/pg_persist.py', 'maop/enterprise/quota.py', 'maop/enterprise/rbac.py', 'maop/enterprise/saml_handler.py', 'maop/enterprise/sso.py', 'maop/enterprise/sso_store.py', 'maop/enterprise/tenant.py', 'maop/enterprise/tls_auto.py']", "timestamp": "2026-09-13T16:14:13.518829+00:00"}
{"backend": "license", "requested": "enterprise", "fallback": "personal", "reason": "no_license_key", "timestamp": "2026-09-13T16:14:13.586350+00:00"}
{"backend": "integrity", "requested": "enterprise", "fallback": "personal", "reason": "integrity_check_failed:modified modules detected: ['maop/enterprise/audit.py', 'maop/enterprise/ha.py', 'maop/enterprise/license.py', 'maop/enterprise/license_manager.py', 'maop/enterprise/pg_persist.py', 'maop/enterprise/quota.py', 'maop/enterprise/rbac.py', 'maop/enterprise/saml_handler.py', 'maop/enterprise/sso.py', 'maop/enterprise/sso_store.py', 'maop/enterprise/tenant.py', 'maop/enterprise/tls_auto.py']", "timestamp": "2026-09-13T16:14:13.613691+00:00"}
{"backend": "license", "requested": "enterprise", "fallback": "personal", "reason": "no_license_key", "timestamp": "2026-09-13T16:18:26.257059+00:00"}
{"backend": "integrity", "requested": "enterprise", "fallback": "personal", "reason": "integrity_check_failed:modified modules detected: ['maop/enterprise/audit.py', 'maop/enterprise/ha.py', 'maop/enterprise/license.py', 'maop/enterprise/license_manager.py', 'maop/enterprise/pg_persist.py', 'maop/enterprise/quota.py', 'maop/enterprise/rbac.py', 'maop/enterprise/saml_handler.py', 'maop/enterprise/sso.py', 'maop/enterprise/sso_store.py', 'maop/enterprise/tenant.py', 'maop/enterprise/tls_auto.py']", "timestamp": "2026-09-13T16:18:26.272398+00:00"}
{"backend": "license", "requested": "enterprise", "fallback": "personal", "reason": "no_license_key", "timestamp": "2026-09-13T16:18:34.779181+00:00"}
{"backend": "integrity", "requested": "enterprise", "fallback": "personal", "reason": "integrity_check_failed:modified modules detected: ['maop/enterprise/audit.py', 'maop/enterprise/ha.py', 'maop/enterprise/license.py', 'maop/enterprise/license_manager.py', 'maop/enterprise/pg_persist.py', 'maop/enterprise/quota.py', 'maop/enterprise/rbac.py', 'maop/enterprise/saml_handler.py', 'maop/enterprise/sso.py', 'maop/enterprise/sso_store.py', 'maop/enterprise/tenant.py', 'maop/enterprise/tls_auto.py']", "timestamp": "2026-09-13T16:18:34.807347+00:00"}
{"backend": "license", "requested": "enterprise", "fallback": "personal", "reason": "no_license_key", "timestamp": "2026-09-13T16:18:35.241479+00:00"}
{"backend": "integrity", "requested": "enterprise", "fallback": "personal", "reason": "integrity_check_failed:modified modules detected: ['maop/enterprise/audit.py', 'maop/enterprise/ha.py', 'maop/enterprise/license.py', 'maop/enterprise/license_manager.py', 'maop/enterprise/pg_persist.py', 'maop/enterprise/quota.py', 'maop/enterprise/rbac.py', 'maop/enterprise/saml_handler.py', 'maop/enterprise/sso.py', 'maop/enterprise/sso_store.py', 'maop/enterprise/tenant.py', 'maop/enterprise/tls_auto.py']", "timestamp": "2026-09-13T16:18:35.268822+00:00"}
{"backend": "license", "requested": "enterprise", "fallback": "personal", "reason": "no_license_key", "timestamp": "2026-09-13T16:18:35.361466+00:00"}
{"backend": "integrity", "requested": "enterprise", "fallback": "personal", "reason": "integrity_check_failed:modified modules detected: ['maop/enterprise/audit.py', 'maop/enterprise/ha.py', 'maop/enterprise/license.py', 'maop/enterprise/license_manager.py', 'maop/enterprise/pg_persist.py', 'maop/enterprise/quota.py', 'maop/enterprise/rbac.py', 'maop/enterprise/saml_handler.py', 'maop/enterprise/sso.py', 'maop/enterprise/sso_store.py', 'maop/enterprise/tenant.py', 'maop/enterprise/tls_auto.py']", "timestamp": "2026-09-13T16:18:35.388979+00:00"}
{"backend": "license", "requested": "enterprise", "fallback": "personal", "reason": "no_license_key", "timestamp": "2026-09-13T16:18:35.901289+00:00"}
{"backend": "integrity", "requested": "enterprise", "fallback": "personal", "reason": "integrity_check_failed:modified modules detected: ['maop/enterprise/audit.py', 'maop/enterprise/ha.py', 'maop/enterprise/license.py', 'maop/enterprise/license_manager.py', 'maop/enterprise/pg_persist.py', 'maop/enterprise/quota.py', 'maop/enterprise/rbac.py', 'maop/enterprise/saml_handler.py', 'maop/enterprise/sso.py', 'maop/enterprise/sso_store.py', 'maop/enterprise/tenant.py', 'maop/enterprise/tls_auto.py']", "timestamp": "2026-09-13T16:18:35.928950+00:00"}
{"backend": "license", "requested": "enterprise", "fallback": "personal", "reason": "no_license_key", "timestamp": "2026-09-13T16:18:35.995383+00:00"}
{"backend": "integrity", "requested": "enterprise", "fallback": "personal", "reason": "integrity_check_failed:modified modules detected: ['maop/enterprise/audit.py', 'maop/enterprise/ha.py', 'maop/enterprise/license.py', 'maop/enterprise/license_manager.py', 'maop/enterprise/pg_persist.py', 'maop/enterprise/quota.py', 'maop/enterprise/rbac.py', 'maop/enterprise/saml_handler.py', 'maop/enterprise/sso.py', 'maop/enterprise/sso_store.py', 'maop/enterprise/tenant.py', 'maop/enterprise/tls_auto.py']", "timestamp": "2026-09-13T16:18:36.023458+00:00"}
{"backend": "license", "requested": "enterprise", "fallback": "personal", "reason": "no_license_key", "timestamp": "2026-09-13T16:18:36.560848+00:00"}
{"backend": "integrity", "requested": "enterprise", "fallback": "personal", "reason": "integrity_check_failed:modified modules detected: ['maop/enterprise/audit.py', 'maop/enterprise/ha.py', 'maop/enterprise/license.py', 'maop/enterprise/license_manager.py', 'maop/enterprise/pg_persist.py', 'maop/enterprise/quota.py', 'maop/enterprise/rbac.py', 'maop/enterprise/saml_handler.py', 'maop/enterprise/sso.py', 'maop/enterprise/sso_store.py', 'maop/enterprise/tenant.py', 'maop/enterprise/tls_auto.py']", "timestamp": "2026-09-13T16:18:36.589963+00:00"}
{"backend": "license", "requested": "enterprise", "fallback": "personal", "reason": "no_license_key", "timestamp": "2026-09-13T16:18:36.670557+00:00"}
{"backend": "integrity", "requested": "enterprise", "fallback": "personal", "reason": "integrity_check_failed:modified modules detected: ['maop/enterprise/audit.py', 'maop/enterprise/ha.py', 'maop/enterprise/license.py', 'maop/enterprise/license_manager.py', 'maop/enterprise/pg_persist.py', 'maop/enterprise/quota.py', 'maop/enterprise/rbac.py', 'maop/enterprise/saml_handler.py', 'maop/enterprise/sso.py', 'maop/enterprise/sso_store.py', 'maop/enterprise/tenant.py', 'maop/enterprise/tls_auto.py']", "timestamp": "2026-09-13T16:18:36.698672+00:00"}
{"backend": "license", "requested": "enterprise", "fallback": "personal", "reason": "no_license_key", "timestamp": "2026-09-13T16:18:37.132135+00:00"}
{"backend": "integrity", "requested": "enterprise", "fallback": "personal", "reason": "integrity_check_failed:modified modules detected: ['maop/enterprise/audit.py', 'maop/enterprise/ha.py', 'maop/enterprise/license.py', 'maop/enterprise/license_manager.py', 'maop/enterprise/pg_persist.py', 'maop/enterprise/quota.py', 'maop/enterprise/rbac.py', 'maop/enterprise/saml_handler.py', 'maop/enterprise/sso.py', 'maop/enterprise/sso_store.py', 'maop/enterprise/tenant.py', 'maop/enterprise/tls_auto.py']", "timestamp": "2026-09-13T16:18:37.160558+00:00"}
{"backend": "license", "requested": "enterprise", "fallback": "personal", "reason": "no_license_key", "timestamp": "2026-09-13T16:18:37.386148+00:00"}
{"backend": "integrity", "requested": "enterprise", "fallback": "personal", "reason": "integrity_check_failed:modified modules detected: ['maop/enterprise/audit.py', 'maop/enterprise/ha.py', 'maop/enterprise/license.py', 'maop/enterprise/license_manager.py', 'maop/enterprise/pg_persist.py', 'maop/enterprise/quota.py', 'maop/enterprise/rbac.py', 'maop/enterprise/saml_handler.py', 'maop/enterprise/sso.py', 'maop/enterprise/sso_store.py', 'maop/enterprise/tenant.py', 'maop/enterprise/tls_auto.py']", "timestamp": "2026-09-13T16:18:37.413258+00:00"}
{"backend": "license", "requested": "enterprise", "fallback": "personal", "reason": "no_license_key", "timestamp": "2026-09-13T16:18:37.892792+00:00"}
{"backend": "integrity", "requested": "enterprise", "fallback": "personal", "reason": "integrity_check_failed:modified modules detected: ['maop/enterprise/audit.py', 'maop/enterprise/ha.py', 'maop/enterprise/license.py', 'maop/enterprise/license_manager.py', 'maop/enterprise/pg_persist.py', 'maop/enterprise/quota.py', 'maop/enterprise/rbac.py', 'maop/enterprise/saml_handler.py', 'maop/enterprise/sso.py', 'maop/enterprise/sso_store.py', 'maop/enterprise/tenant.py', 'maop/enterprise/tls_auto.py']", "timestamp": "2026-09-13T16:18:37.919795+00:00"}
{"backend": "license", "requested": "enterprise", "fallback": "personal", "reason": "no_license_key", "timestamp": "2026-09-13T16:18:38.083617+00:00"}
{"backend": "integrity", "requested": "enterprise", "fallback": "personal", "reason": "integrity_check_failed:modified modules detected: ['maop/enterprise/audit.py', 'maop/enterprise/ha.py', 'maop/enterprise/license.py', 'maop/enterprise/license_manager.py', 'maop/enterprise/pg_persist.py', 'maop/enterprise/quota.py', 'maop/enterprise/rbac.py', 'maop/enterprise/saml_handler.py', 'maop/enterprise/sso.py', 'maop/enterprise/sso_store.py', 'maop/enterprise/tenant.py', 'maop/enterprise/tls_auto.py']", "timestamp": "2026-09-13T16:18:38.114130+00:00"}
{"backend": "license", "requested": "enterprise", "fallback": "personal", "reason": "no_license_key", "timestamp": "2026-09-13T16:18:38.663036+00:00"}
{"backend": "integrity", "requested": "enterprise", "fallback": "personal", "reason": "integrity_check_failed:modified modules detected: ['maop/enterprise/audit.py', 'maop/enterprise/ha.py', 'maop/enterprise/license.py', 'maop/enterprise/license_manager.py', 'maop/enterprise/pg_persist.py', 'maop/enterprise/quota.py', 'maop/enterprise/rbac.py', 'maop/enterprise/saml_handler.py', 'maop/enterprise/sso.py', 'maop/enterprise/sso_store.py', 'maop/enterprise/tenant.py', 'maop/enterprise/tls_auto.py']", "timestamp": "2026-09-13T16:18:38.694608+00:00"}
{"backend": "license", "requested": "enterprise", "fallback": "personal", "reason": "no_license_key", "timestamp": "2026-09-13T16:18:38.809156+00:00"}
{"backend": "integrity", "requested": "enterprise", "fallback": "personal", "reason": "integrity_check_failed:modified modules detected: ['maop/enterprise/audit.py', 'maop/enterprise/ha.py', 'maop/enterprise/license.py', 'maop/enterprise/license_manager.py', 'maop/enterprise/pg_persist.py', 'maop/enterprise/quota.py', 'maop/enterprise/rbac.py', 'maop/enterprise/saml_handler.py', 'maop/enterprise/sso.py', 'maop/enterprise/sso_store.py', 'maop/enterprise/tenant.py', 'maop/enterprise/tls_auto.py']", "timestamp": "2026-09-13T16:18:38.851717+00:00"}
{"backend": "license", "requested": "enterprise", "fallback": "personal", "reason": "no_license_key", "timestamp": "2026-09-13T16:18:39.241543+00:00"}
{"backend": "integrity", "requested": "enterprise", "fallback": "personal", "reason": "integrity_check_failed:modified modules detected: ['maop/enterprise/audit.py', 'maop/enterprise/ha.py', 'maop/enterprise/license.py', 'maop/enterprise/license_manager.py', 'maop/enterprise/pg_persist.py', 'maop/enterprise/quota.py', 'maop/enterprise/rbac.py', 'maop/enterprise/saml_handler.py', 'maop/enterprise/sso.py', 'maop/enterprise/sso_store.py', 'maop/enterprise/tenant.py', 'maop/enterprise/tls_auto.py']", "timestamp": "2026-09-13T16:18:39.267416+00:00"}
{"backend": "license", "requested": "enterprise", "fallback": "personal", "reason": "no_license_key", "timestamp": "2026-09-13T16:18:39.363189+00:00"}
{"backend": "integrity", "requested": "enterprise", "fallback": "personal", "reason": "integrity_check_failed:modified modules detected: ['maop/enterprise/audit.py', 'maop/enterprise/ha.py', 'maop/enterprise/license.py', 'maop/enterprise/license_manager.py', 'maop/enterprise/pg_persist.py', 'maop/enterprise/quota.py', 'maop/enterprise/rbac.py', 'maop/enterprise/saml_handler.py', 'maop/enterprise/sso.py', 'maop/enterprise/sso_store.py', 'maop/enterprise/tenant.py', 'maop/enterprise/tls_auto.py']", "timestamp": "2026-09-13T16:18:39.387008+00:00"}
{"backend": "license", "requested": "enterprise", "fallback": "personal", "reason": "no_license_key", "timestamp": "2026-09-13T16:18:39.768279+00:00"}
{"backend": "integrity", "requested": "enterprise", "fallback": "personal", "reason": "integrity_check_failed:modified modules detected: ['maop/enterprise/audit.py', 'maop/enterprise/ha.py', 'maop/enterprise/license.py', 'maop/enterprise/license_manager.py', 'maop/enterprise/pg_persist.py', 'maop/enterprise/quota.py', 'maop/enterprise/rbac.py', 'maop/enterprise/saml_handler.py', 'maop/enterprise/sso.py', 'maop/enterprise/sso_store.py', 'maop/enterprise/tenant.py', 'maop/enterprise/tls_auto.py']", "timestamp": "2026-09-13T16:18:39.790647+00:00"}
{"backend": "storage", "requested": "postgresql", "fallback": "memory", "reason": "import_error", "timestamp": "2026-09-13T16:18:42.804293+00:00"}
{"backend": "license", "requested": "enterprise", "fallback": "personal", "reason": "no_license_key", "timestamp": "2026-09-13T16:19:09.943514+00:00"}
{"backend": "integrity", "requested": "enterprise", "fallback": "personal", "reason": "integrity_check_failed:modified modules detected: ['maop/enterprise/audit.py', 'maop/enterprise/ha.py', 'maop/enterprise/license.py', 'maop/enterprise/license_manager.py', 'maop/enterprise/pg_persist.py', 'maop/enterprise/quota.py', 'maop/enterprise/rbac.py', 'maop/enterprise/saml_handler.py', 'maop/enterprise/sso.py', 'maop/enterprise/sso_store.py', 'maop/enterprise/tenant.py', 'maop/enterprise/tls_auto.py']", "timestamp": "2026-09-13T16:19:09.959699+00:00"}
{"backend": "license", "requested": "enterprise", "fallback": "personal", "reason": "no_license_key", "timestamp": "2026-09-13T16:19:18.202823+00:00"}
{"backend": "integrity", "requested": "enterprise", "fallback": "personal", "reason": "integrity_check_failed:modified modules detected: ['maop/enterprise/audit.py', 'maop/enterprise/ha.py', 'maop/enterprise/license.py', 'maop/enterprise/license_manager.py', 'maop/enterprise/pg_persist.py', 'maop/enterprise/quota.py', 'maop/enterprise/rbac.py', 'maop/enterprise/saml_handler.py', 'maop/enterprise/sso.py', 'maop/enterprise/sso_store.py', 'maop/enterprise/tenant.py', 'maop/enterprise/tls_auto.py']", "timestamp": "2026-09-13T16:19:18.232081+00:00"}
{"backend": "license", "requested": "enterprise", "fallback": "personal", "reason": "no_license_key", "timestamp": "2026-09-13T16:19:18.524919+00:00"}
{"backend": "integrity", "requested": "enterprise", "fallback": "personal", "reason": "integrity_check_failed:modified modules detected: ['maop/enterprise/audit.py', 'maop/enterprise/ha.py', 'maop/enterprise/license.py', 'maop/enterprise/license_manager.py', 'maop/enterprise/pg_persist.py', 'maop/enterprise/quota.py', 'maop/enterprise/rbac.py', 'maop/enterprise/saml_handler.py', 'maop/enterprise/sso.py', 'maop/enterprise/sso_store.py', 'maop/enterprise/tenant.py', 'maop/enterprise/tls_auto.py']", "timestamp": "2026-09-13T16:19:18.564272+00:00"}
{"backend": "license", "requested": "enterprise", "fallback": "personal", "reason": "no_license_key", "timestamp": "2026-09-13T16:19:19.073086+00:00"}
{"backend": "integrity", "requested": "enterprise", "fallback": "personal", "reason": "integrity_check_failed:modified modules detected: ['maop/enterprise/audit.py', 'maop/enterprise/ha.py', 'maop/enterprise/license.py', 'maop/enterprise/license_manager.py', 'maop/enterprise/pg_persist.py', 'maop/enterprise/quota.py', 'maop/enterprise/rbac.py', 'maop/enterprise/saml_handler.py', 'maop/enterprise/sso.py', 'maop/enterprise/sso_store.py', 'maop/enterprise/tenant.py', 'maop/enterprise/tls_auto.py']", "timestamp": "2026-09-13T16:19:19.100933+00:00"}
{"backend": "license", "requested": "enterprise", "fallback": "personal", "reason": "no_license_key", "timestamp": "2026-09-13T16:19:19.312133+00:00"}
{"backend": "integrity", "requested": "enterprise", "fallback": "personal", "reason": "integrity_check_failed:modified modules detected: ['maop/enterprise/audit.py', 'maop/enterprise/ha.py', 'maop/enterprise/license.py', 'maop/enterprise/license_manager.py', 'maop/enterprise/pg_persist.py', 'maop/enterprise/quota.py', 'maop/enterprise/rbac.py', 'maop/enterprise/saml_handler.py', 'maop/enterprise/sso.py', 'maop/enterprise/sso_store.py', 'maop/enterprise/tenant.py', 'maop/enterprise/tls_auto.py']", "timestamp": "2026-09-13T16:19:19.341517+00:00"}
{"backend": "license", "requested": "enterprise", "fallback": "personal", "reason": "no_license_key", "timestamp": "2026-09-13T16:19:19.800749+00:00"}
{"backend": "integrity", "requested": "enterprise", "fallback": "personal", "reason": "integrity_check_failed:modified modules detected: ['maop/enterprise/audit.py', 'maop/enterprise/ha.py', 'maop/enterprise/license.py', 'maop/enterprise/license_manager.py', 'maop/enterprise/pg_persist.py', 'maop/enterprise/quota.py', 'maop/enterprise/rbac.py', 'maop/enterprise/saml_handler.py', 'maop/enterprise/sso.py', 'maop/enterprise/sso_store.py', 'maop/enterprise/tenant.py', 'maop/enterprise/tls_auto.py']", "timestamp": "2026-09-13T16:19:19.829526+00:00"}
{"backend": "license", "requested": "enterprise", "fallback": "personal", "reason": "no_license_key", "timestamp": "2026-09-13T16:19:19.957847+00:00"}
{"backend": "integrity", "requested": "enterprise", "fallback": "personal", "reason": "integrity_check_failed:modified modules detected: ['maop/enterprise/audit.py', 'maop/enterprise/ha.py', 'maop/enterprise/license.py', 'maop/enterprise/license_manager.py', 'maop/enterprise/pg_persist.py', 'maop/enterprise/quota.py', 'maop/enterprise/rbac.py', 'maop/enterprise/saml_handler.py', 'maop/enterprise/sso.py', 'maop/enterprise/sso_store.py', 'maop/enterprise/tenant.py', 'maop/enterprise/tls_auto.py']", "timestamp": "2026-09-13T16:19:19.987495+00:00"}
{"backend": "license", "requested": "enterprise", "fallback": "personal", "reason": "no_license_key", "timestamp": "2026-09-13T16:19:20.563781+00:00"}
{"backend": "integrity", "requested": "enterprise", "fallback": "personal", "reason": "integrity_check_failed:modified modules detected: ['maop/enterprise/audit.py', 'maop/enterprise/ha.py', 'maop/enterprise/license.py', 'maop/enterprise/license_manager.py', 'maop/enterprise/pg_persist.py', 'maop/enterprise/quota.py', 'maop/enterprise/rbac.py', 'maop/enterprise/saml_handler.py', 'maop/enterprise/sso.py', 'maop/enterprise/sso_store.py', 'maop/enterprise/tenant.py', 'maop/enterprise/tls_auto.py']", "timestamp": "2026-09-13T16:19:20.593721+00:00"}
{"backend": "license", "requested": "enterprise", "fallback": "personal", "reason": "no_license_key", "timestamp": "2026-09-13T16:19:20.674533+00:00"}
{"backend": "integrity", "requested": "enterprise", "fallback": "personal", "reason": "integrity_check_failed:modified modules detected: ['maop/enterprise/audit.py', 'maop/enterprise/ha.py', 'maop/enterprise/license.py', 'maop/enterprise/license_manager.py', 'maop/enterprise/pg_persist.py', 'maop/enterprise/quota.py', 'maop/enterprise/rbac.py', 'maop/enterprise/saml_handler.py', 'maop/enterprise/sso.py', 'maop/enterprise/sso_store.py', 'maop/enterprise/tenant.py', 'maop/enterprise/tls_auto.py']", "timestamp": "2026-09-13T16:19:20.704112+00:00"}
{"backend": "license", "requested": "enterprise", "fallback": "personal", "reason": "no_license_key", "timestamp": "2026-09-13T16:19:21.222148+00:00"}
{"backend": "integrity", "requested": "enterprise", "fallback": "personal", "reason": "integrity_check_failed:modified modules detected: ['maop/enterprise/audit.py', 'maop/enterprise/ha.py', 'maop/enterprise/license.py', 'maop/enterprise/license_manager.py', 'maop/enterprise/pg_persist.py', 'maop/enterprise/quota.py', 'maop/enterprise/rbac.py', 'maop/enterprise/saml_handler.py', 'maop/enterprise/sso.py', 'maop/enterprise/sso_store.py', 'maop/enterprise/tenant.py', 'maop/enterprise/tls_auto.py']", "timestamp": "2026-09-13T16:19:21.249997+00:00"}
{"backend": "license", "requested": "enterprise", "fallback": "personal", "reason": "no_license_key", "timestamp": "2026-09-13T16:19:21.294013+00:00"}
{"backend": "integrity", "requested": "enterprise", "fallback": "personal", "reason": "integrity_check_failed:modified modules detected: ['maop/enterprise/audit.py', 'maop/enterprise/ha.py', 'maop/enterprise/license.py', 'maop/enterprise/license_manager.py', 'maop/enterprise/pg_persist.py', 'maop/enterprise/quota.py', 'maop/enterprise/rbac.py', 'maop/enterprise/saml_handler.py', 'maop/enterprise/sso.py', 'maop/enterprise/sso_store.py', 'maop/enterprise/tenant.py', 'maop/enterprise/tls_auto.py']", "timestamp": "2026-09-13T16:19:21.322333+00:00"}
{"backend": "license", "requested": "enterprise", "fallback": "personal", "reason": "no_license_key", "timestamp": "2026-09-13T16:19:21.632667+00:00"}
{"backend": "integrity", "requested": "enterprise", "fallback": "personal", "reason": "integrity_check_failed:modified modules detected: ['maop/enterprise/audit.py', 'maop/enterprise/ha.py', 'maop/enterprise/license.py', 'maop/enterprise/license_manager.py', 'maop/enterprise/pg_persist.py', 'maop/enterprise/quota.py', 'maop/enterprise/rbac.py', 'maop/enterprise/saml_handler.py', 'maop/enterprise/sso.py', 'maop/enterprise/sso_store.py', 'maop/enterprise/tenant.py', 'maop/enterprise/tls_auto.py']", "timestamp": "2026-09-13T16:19:21.658459+00:00"}
{"backend": "license", "requested": "enterprise", "fallback": "personal", "reason": "no_license_key", "timestamp": "2026-09-13T16:19:21.885235+00:00"}
{"backend": "integrity", "requested": "enterprise", "fallback": "personal", "reason": "integrity_check_failed:modified modules detected: ['maop/enterprise/audit.py', 'maop/enterprise/ha.py', 'maop/enterprise/license.py', 'maop/enterprise/license_manager.py', 'maop/enterprise/pg_persist.py', 'maop/enterprise/quota.py', 'maop/enterprise/rbac.py', 'maop/enterprise/saml_handler.py', 'maop/enterprise/sso.py', 'maop/enterprise/sso_store.py', 'maop/enterprise/tenant.py', 'maop/enterprise/tls_auto.py']", "timestamp": "2026-09-13T16:19:21.914137+00:00"}
{"backend": "license", "requested": "enterprise", "fallback": "personal", "reason": "no_license_key", "timestamp": "2026-09-13T16:19:22.450064+00:00"}
{"backend": "integrity", "requested": "enterprise", "fallback": "personal", "reason": "integrity_check_failed:modified modules detected: ['maop/enterprise/audit.py', 'maop/enterprise/ha.py', 'maop/enterprise/license.py', 'maop/enterprise/license_manager.py', 'maop/enterprise/pg_persist.py', 'maop/enterprise/quota.py', 'maop/enterprise/rbac.py', 'maop/enterprise/saml_handler.py', 'maop/enterprise/sso.py', 'maop/enterprise/sso_store.py', 'maop/enterprise/tenant.py', 'maop/enterprise/tls_auto.py']", "timestamp": "2026-09-13T16:19:22.478762+00:00"}
{"backend": "license", "requested": "enterprise", "fallback": "personal", "reason": "no_license_key", "timestamp": "2026-09-13T16:19:22.572637+00:00"}
{"backend": "integrity", "requested": "enterprise", "fallback": "personal", "reason": "integrity_check_failed:modified modules detected: ['maop/enterprise/audit.py', 'maop/enterprise/ha.py', 'maop/enterprise/license.py', 'maop/enterprise/license_manager.py', 'maop/enterprise/pg_persist.py', 'maop/enterprise/quota.py', 'maop/enterprise/rbac.py', 'maop/enterprise/saml_handler.py', 'maop/enterprise/sso.py', 'maop/enterprise/sso_store.py', 'maop/enterprise/tenant.py', 'maop/enterprise/tls_auto.py']", "timestamp": "2026-09-13T16:19:22.599891+00:00"}
{"backend": "license", "requested": "enterprise", "fallback": "personal", "reason": "no_license_key", "timestamp": "2026-09-13T16:19:23.068683+00:00"}
{"backend": "integrity", "requested": "enterprise", "fallback": "personal", "reason": "integrity_check_failed:modified modules detected: ['maop/enterprise/audit.py', 'maop/enterprise/ha.py', 'maop/enterprise/license.py', 'maop/enterprise/license_manager.py', 'maop/enterprise/pg_persist.py', 'maop/enterprise/quota.py', 'maop/enterprise/rbac.py', 'maop/enterprise/saml_handler.py', 'maop/enterprise/sso.py', 'maop/enterprise/sso_store.py', 'maop/enterprise/tenant.py', 'maop/enterprise/tls_auto.py']", "timestamp": "2026-09-13T16:19:23.096851+00:00"}
{"backend": "license", "requested": "enterprise", "fallback": "personal", "reason": "no_license_key", "timestamp": "2026-09-13T16:19:23.188469+00:00"}
{"backend": "integrity", "requested": "enterprise", "fallback": "personal", "reason": "integrity_check_failed:modified modules detected: ['maop/enterprise/audit.py', 'maop/enterprise/ha.py', 'maop/enterprise/license.py', 'maop/enterprise/license_manager.py', 'maop/enterprise/pg_persist.py', 'maop/enterprise/quota.py', 'maop/enterprise/rbac.py', 'maop/enterprise/saml_handler.py', 'maop/enterprise/sso.py', 'maop/enterprise/sso_store.py', 'maop/enterprise/tenant.py', 'maop/enterprise/tls_auto.py']", "timestamp": "2026-09-13T16:19:23.217097+00:00"}
{"backend": "license", "requested": "enterprise", "fallback": "personal", "reason": "no_license_key", "timestamp": "2026-09-13T16:21:02.288031+00:00"}
{"backend": "integrity", "requested": "enterprise", "fallback": "personal", "reason": "integrity_check_failed:modified modules detected: ['maop/enterprise/audit.py', 'maop/enterprise/ha.py', 'maop/enterprise/license.py', 'maop/enterprise/license_manager.py', 'maop/enterprise/pg_persist.py', 'maop/enterprise/quota.py', 'maop/enterprise/rbac.py', 'maop/enterprise/saml_handler.py', 'maop/enterprise/sso.py', 'maop/enterprise/sso_store.py', 'maop/enterprise/tenant.py', 'maop/enterprise/tls_auto.py']", "timestamp": "2026-09-13T16:21:02.330623+00:00"}
{"backend": "storage", "requested": "postgresql", "fallback": "memory", "reason": "import_error", "timestamp": "2026-09-13T16:21:04.822100+00:00"}
{"backend": "license", "requested": "enterprise", "fallback": "personal", "reason": "no_license_key", "timestamp": "2026-09-13T16:21:15.828462+00:00"}
{"backend": "license", "requested": "enterprise", "fallback": "personal", "reason": "no_license_key", "timestamp": "2026-09-13T16:21:15.840154+00:00"}
{"backend": "integrity", "requested": "enterprise", "fallback": "personal", "reason": "integrity_check_failed:modified modules detected: ['maop/enterprise/audit.py', 'maop/enterprise/ha.py', 'maop/enterprise/license.py', 'maop/enterprise/license_manager.py', 'maop/enterprise/pg_persist.py', 'maop/enterprise/quota.py', 'maop/enterprise/rbac.py', 'maop/enterprise/saml_handler.py', 'maop/enterprise/sso.py', 'maop/enterprise/sso_store.py', 'maop/enterprise/tenant.py', 'maop/enterprise/tls_auto.py']", "timestamp": "2026-09-13T16:21:15.873993+00:00"}
{"backend": "integrity", "requested": "enterprise", "fallback": "personal", "reason": "integrity_check_failed:modified modules detected: ['maop/enterprise/audit.py', 'maop/enterprise/ha.py', 'maop/enterprise/license.py', 'maop/enterprise/license_manager.py', 'maop/enterprise/pg_persist.py', 'maop/enterprise/quota.py', 'maop/enterprise/rbac.py', 'maop/enterprise/saml_handler.py', 'maop/enterprise/sso.py', 'maop/enterprise/sso_store.py', 'maop/enterprise/tenant.py', 'maop/enterprise/tls_auto.py']", "timestamp": "2026-09-13T16:21:15.876832+00:00"}
{"backend": "license", "requested": "enterprise", "fallback": "personal", "reason": "no_license_key", "timestamp": "2026-09-13T16:21:15.980792+00:00"}
{"backend": "integrity", "requested": "enterprise", "fallback": "personal", "reason": "integrity_check_failed:modified modules detected: ['maop/enterprise/audit.py', 'maop/enterprise/ha.py', 'maop/enterprise/license.py', 'maop/enterprise/license_manager.py', 'maop/enterprise/pg_persist.py', 'maop/enterprise/quota.py', 'maop/enterprise/rbac.py', 'maop/enterprise/saml_handler.py', 'maop/enterprise/sso.py', 'maop/enterprise/sso_store.py', 'maop/enterprise/tenant.py', 'maop/enterprise/tls_auto.py']", "timestamp": "2026-09-13T16:21:16.015182+00:00"}
{"backend": "license", "requested": "enterprise", "fallback": "personal", "reason": "no_license_key", "timestamp": "2026-09-13T16:21:16.615196+00:00"}
{"backend": "integrity", "requested": "enterprise", "fallback": "personal", "reason": "integrity_check_failed:modified modules detected: ['maop/enterprise/audit.py', 'maop/enterprise/ha.py', 'maop/enterprise/license.py', 'maop/enterprise/license_manager.py', 'maop/enterprise/pg_persist.py', 'maop/enterprise/quota.py', 'maop/enterprise/rbac.py', 'maop/enterprise/saml_handler.py', 'maop/enterprise/sso.py', 'maop/enterprise/sso_store.py', 'maop/enterprise/tenant.py', 'maop/enterprise/tls_auto.py']", "timestamp": "2026-09-13T16:21:16.644337+00:00"}
{"backend": "license", "requested": "enterprise", "fallback": "personal", "reason": "no_license_key", "timestamp": "2026-09-13T16:21:16.697413+00:00"}
{"backend": "integrity", "requested": "enterprise", "fallback": "personal", "reason": "integrity_check_failed:modified modules detected: ['maop/enterprise/audit.py', 'maop/enterprise/ha.py', 'maop/enterprise/license.py', 'maop/enterprise/license_manager.py', 'maop/enterprise/pg_persist.py', 'maop/enterprise/quota.py', 'maop/enterprise/rbac.py', 'maop/enterprise/saml_handler.py', 'maop/enterprise/sso.py', 'maop/enterprise/sso_store.py', 'maop/enterprise/tenant.py', 'maop/enterprise/tls_auto.py']", "timestamp": "2026-09-13T16:21:16.729830+00:00"}
{"backend": "license", "requested": "enterprise", "fallback": "personal", "reason": "no_license_key", "timestamp": "2026-09-13T16:21:17.192506+00:00"}
{"backend": "integrity", "requested": "enterprise", "fallback": "personal", "reason": "integrity_check_failed:modified modules detected: ['maop/enterprise/audit.py', 'maop/enterprise/ha.py', 'maop/enterprise/license.py', 'maop/enterprise/license_manager.py', 'maop/enterprise/pg_persist.py', 'maop/enterprise/quota.py', 'maop/enterprise/rbac.py', 'maop/enterprise/saml_handler.py', 'maop/enterprise/sso.py', 'maop/enterprise/sso_store.py', 'maop/enterprise/tenant.py', 'maop/enterprise/tls_auto.py']", "timestamp": "2026-09-13T16:21:17.223783+00:00"}
{"backend": "license", "requested": "enterprise", "fallback": "personal", "reason": "no_license_key", "timestamp": "2026-09-13T16:21:17.456780+00:00"}
{"backend": "integrity", "requested": "enterprise", "fallback": "personal", "reason": "integrity_check_failed:modified modules detected: ['maop/enterprise/audit.py', 'maop/enterprise/ha.py', 'maop/enterprise/license.py', 'maop/enterprise/license_manager.py', 'maop/enterprise/pg_persist.py', 'maop/enterprise/quota.py', 'maop/enterprise/rbac.py', 'maop/enterprise/saml_handler.py', 'maop/enterprise/sso.py', 'maop/enterprise/sso_store.py', 'maop/enterprise/tenant.py', 'maop/enterprise/tls_auto.py']", "timestamp": "2026-09-13T16:21:17.489301+00:00"}
{"backend": "license", "requested": "enterprise", "fallback": "personal", "reason": "no_license_key", "timestamp": "2026-09-13T16:21:18.044198+00:00"}
{"backend": "integrity", "requested": "enterprise", "fallback": "personal", "reason": "integrity_check_failed:modified modules detected: ['maop/enterprise/audit.py', 'maop/enterprise/ha.py', 'maop/enterprise/license.py', 'maop/enterprise/license_manager.py', 'maop/enterprise/pg_persist.py', 'maop/enterprise/quota.py', 'maop/enterprise/rbac.py', 'maop/enterprise/saml_handler.py', 'maop/enterprise/sso.py', 'maop/enterprise/sso_store.py', 'maop/enterprise/tenant.py', 'maop/enterprise/tls_auto.py']", "timestamp": "2026-09-13T16:21:18.075316+00:00"}
{"backend": "license", "requested": "enterprise", "fallback": "personal", "reason": "no_license_key", "timestamp": "2026-09-13T16:21:18.444863+00:00"}
{"backend": "integrity", "requested": "enterprise", "fallback": "personal", "reason": "integrity_check_failed:modified modules detected: ['maop/enterprise/audit.py', 'maop/enterprise/ha.py', 'maop/enterprise/license.py', 'maop/enterprise/license_manager.py', 'maop/enterprise/pg_persist.py', 'maop/enterprise/quota.py', 'maop/enterprise/rbac.py', 'maop/enterprise/saml_handler.py', 'maop/enterprise/sso.py', 'maop/enterprise/sso_store.py', 'maop/enterprise/tenant.py', 'maop/enterprise/tls_auto.py']", "timestamp": "2026-09-13T16:21:18.482801+00:00"}
{"backend": "license", "requested": "enterprise", "fallback": "personal", "reason": "no_license_key", "timestamp": "2026-09-13T16:21:19.151681+00:00"}
{"backend": "integrity", "requested": "enterprise", "fallback": "personal", "reason": "integrity_check_failed:modified modules detected: ['maop/enterprise/audit.py', 'maop/enterprise/ha.py', 'maop/enterprise/license.py', 'maop/enterprise/license_manager.py', 'maop/enterprise/pg_persist.py', 'maop/enterprise/quota.py', 'maop/enterprise/rbac.py', 'maop/enterprise/saml_handler.py', 'maop/enterprise/sso.py', 'maop/enterprise/sso_store.py', 'maop/enterprise/tenant.py', 'maop/enterprise/tls_auto.py']", "timestamp": "2026-09-13T16:21:19.184098+00:00"}
{"backend": "license", "requested": "enterprise", "fallback": "personal", "reason": "no_license_key", "timestamp": "2026-09-13T16:21:19.324425+00:00"}
{"backend": "integrity", "requested": "enterprise", "fallback": "personal", "reason": "integrity_check_failed:modified modules detected: ['maop/enterprise/audit.py', 'maop/enterprise/ha.py', 'maop/enterprise/license.py', 'maop/enterprise/license_manager.py', 'maop/enterprise/pg_persist.py', 'maop/enterprise/quota.py', 'maop/enterprise/rbac.py', 'maop/enterprise/saml_handler.py', 'maop/enterprise/sso.py', 'maop/enterprise/sso_store.py', 'maop/enterprise/tenant.py', 'maop/enterprise/tls_auto.py']", "timestamp": "2026-09-13T16:21:19.360840+00:00"}
{"backend": "license", "requested": "enterprise", "fallback": "personal", "reason": "no_license_key", "timestamp": "2026-09-13T16:21:20.034099+00:00"}
{"backend": "integrity", "requested": "enterprise", "fallback": "personal", "reason": "integrity_check_failed:modified modules detected: ['maop/enterprise/audit.py', 'maop/enterprise/ha.py', 'maop/enterprise/license.py', 'maop/enterprise/license_manager.py', 'maop/enterprise/pg_persist.py', 'maop/enterprise/quota.py', 'maop/enterprise/rbac.py', 'maop/enterprise/saml_handler.py', 'maop/enterprise/sso.py', 'maop/enterprise/sso_store.py', 'maop/enterprise/tenant.py', 'maop/enterprise/tls_auto.py']", "timestamp": "2026-09-13T16:21:20.064578+00:00"}
{"backend": "license", "requested": "enterprise", "fallback": "personal", "reason": "no_license_key", "timestamp": "2026-09-13T16:21:20.088601+00:00"}
{"backend": "integrity", "requested": "enterprise", "fallback": "personal", "reason": "integrity_check_failed:modified modules detected: ['maop/enterprise/audit.py', 'maop/enterprise/ha.py', 'maop/enterprise/license.py', 'maop/enterprise/license_manager.py', 'maop/enterprise/pg_persist.py', 'maop/enterprise/quota.py', 'maop/enterprise/rbac.py', 'maop/enterprise/saml_handler.py', 'maop/enterprise/sso.py', 'maop/enterprise/sso_store.py', 'maop/enterprise/tenant.py', 'maop/enterprise/tls_auto.py']", "timestamp": "2026-09-13T16:21:20.120960+00:00"}
{"backend": "license", "requested": "enterprise", "fallback": "personal", "reason": "no_license_key", "timestamp": "2026-09-13T16:21:20.850454+00:00"}
{"backend": "integrity", "requested": "enterprise", "fallback": "personal", "reason": "integrity_check_failed:modified modules detected: ['maop/enterprise/audit.py', 'maop/enterprise/ha.py', 'maop/enterprise/license.py', 'maop/enterprise/license_manager.py', 'maop/enterprise/pg_persist.py', 'maop/enterprise/quota.py', 'maop/enterprise/rbac.py', 'maop/enterprise/saml_handler.py', 'maop/enterprise/sso.py', 'maop/enterprise/sso_store.py', 'maop/enterprise/tenant.py', 'maop/enterprise/tls_auto.py']", "timestamp": "2026-09-13T16:21:20.881032+00:00"}
{"backend": "license", "requested": "enterprise", "fallback": "personal", "reason": "no_license_key", "timestamp": "2026-09-13T16:21:20.979113+00:00"}
{"backend": "integrity", "requested": "enterprise", "fallback": "personal", "reason": "integrity_check_failed:modified modules detected: ['maop/enterprise/audit.py', 'maop/enterprise/ha.py', 'maop/enterprise/license.py', 'maop/enterprise/license_manager.py', 'maop/enterprise/pg_persist.py', 'maop/enterprise/quota.py', 'maop/enterprise/rbac.py', 'maop/enterprise/saml_handler.py', 'maop/enterprise/sso.py', 'maop/enterprise/sso_store.py', 'maop/enterprise/tenant.py', 'maop/enterprise/tls_auto.py']", "timestamp": "2026-09-13T16:21:21.007589+00:00"}
{"backend": "license", "requested": "enterprise", "fallback": "personal", "reason": "no_license_key", "timestamp": "2026-09-13T16:21:21.614437+00:00"}
{"backend": "integrity", "requested": "enterprise", "fallback": "personal", "reason": "integrity_check_failed:modified modules detected: ['maop/enterprise/audit.py', 'maop/enterprise/ha.py', 'maop/enterprise/license.py', 'maop/enterprise/license_manager.py', 'maop/enterprise/pg_persist.py', 'maop/enterprise/quota.py', 'maop/enterprise/rbac.py', 'maop/enterprise/saml_handler.py', 'maop/enterprise/sso.py', 'maop/enterprise/sso_store.py', 'maop/enterprise/tenant.py', 'maop/enterprise/tls_auto.py']", "timestamp": "2026-09-13T16:21:21.640033+00:00"}
{"backend": "storage", "requested": "postgresql", "fallback": "memory", "reason": "import_error", "timestamp": "2026-09-13T16:21:25.050551+00:00"}
{"backend": "license", "requested": "enterprise", "fallback": "personal", "reason": "no_license_key", "timestamp": "2026-09-13T16:22:07.786899+00:00"}
{"backend": "integrity", "requested": "enterprise", "fallback": "personal", "reason": "integrity_check_failed:modified modules detected: ['maop/enterprise/audit.py', 'maop/enterprise/ha.py', 'maop/enterprise/license.py', 'maop/enterprise/license_manager.py', 'maop/enterprise/pg_persist.py', 'maop/enterprise/quota.py', 'maop/enterprise/rbac.py', 'maop/enterprise/saml_handler.py', 'maop/enterprise/sso.py', 'maop/enterprise/sso_store.py', 'maop/enterprise/tenant.py', 'maop/enterprise/tls_auto.py']", "timestamp": "2026-09-13T16:22:07.806547+00:00"}
{"backend": "license", "requested": "enterprise", "fallback": "personal", "reason": "no_license_key", "timestamp": "2026-09-13T16:22:16.245334+00:00"}
{"backend": "integrity", "requested": "enterprise", "fallback": "personal", "reason": "integrity_check_failed:modified modules detected: ['maop/enterprise/audit.py', 'maop/enterprise/ha.py', 'maop/enterprise/license.py', 'maop/enterprise/license_manager.py', 'maop/enterprise/pg_persist.py', 'maop/enterprise/quota.py', 'maop/enterprise/rbac.py', 'maop/enterprise/saml_handler.py', 'maop/enterprise/sso.py', 'maop/enterprise/sso_store.py', 'maop/enterprise/tenant.py', 'maop/enterprise/tls_auto.py']", "timestamp": "2026-09-13T16:22:16.272589+00:00"}
{"backend": "license", "requested": "enterprise", "fallback": "personal", "reason": "no_license_key", "timestamp": "2026-09-13T16:22:16.445298+00:00"}
{"backend": "integrity", "requested": "enterprise", "fallback": "personal", "reason": "integrity_check_failed:modified modules detected: ['maop/enterprise/audit.py', 'maop/enterprise/ha.py', 'maop/enterprise/license.py', 'maop/enterprise/license_manager.py', 'maop/enterprise/pg_persist.py', 'maop/enterprise/quota.py', 'maop/enterprise/rbac.py', 'maop/enterprise/saml_handler.py', 'maop/enterprise/sso.py', 'maop/enterprise/sso_store.py', 'maop/enterprise/tenant.py', 'maop/enterprise/tls_auto.py']", "timestamp": "2026-09-13T16:22:16.474374+00:00"}
{"backend": "license", "requested": "enterprise", "fallback": "personal", "reason": "no_license_key", "timestamp": "2026-09-13T16:22:16.965311+00:00"}
{"backend": "integrity", "requested": "enterprise", "fallback": "personal", "reason": "integrity_check_failed:modified modules detected: ['maop/enterprise/audit.py', 'maop/enterprise/ha.py', 'maop/enterprise/license.py', 'maop/enterprise/license_manager.py', 'maop/enterprise/pg_persist.py', 'maop/enterprise/quota.py', 'maop/enterprise/rbac.py', 'maop/enterprise/saml_handler.py', 'maop/enterprise/sso.py', 'maop/enterprise/sso_store.py', 'maop/enterprise/tenant.py', 'maop/enterprise/tls_auto.py']", "timestamp": "2026-09-13T16:22:16.993670+00:00"}
{"backend": "license", "requested": "enterprise", "fallback": "personal", "reason": "no_license_key", "timestamp": "2026-09-13T16:22:17.236458+00:00"}
{"backend": "integrity", "requested": "enterprise", "fallback": "personal", "reason": "integrity_check_failed:modified modules detected: ['maop/enterprise/audit.py', 'maop/enterprise/ha.py', 'maop/enterprise/license.py', 'maop/enterprise/license_manager.py', 'maop/enterprise/pg_persist.py', 'maop/enterprise/quota.py', 'maop/enterprise/rbac.py', 'maop/enterprise/saml_handler.py', 'maop/enterprise/sso.py', 'maop/enterprise/sso_store.py', 'maop/enterprise/tenant.py', 'maop/enterprise/tls_auto.py']", "timestamp": "2026-09-13T16:22:17.266474+00:00"}
{"backend": "license", "requested": "enterprise", "fallback": "personal", "reason": "no_license_key", "timestamp": "2026-09-13T16:22:17.935358+00:00"}
{"backend": "integrity", "requested": "enterprise", "fallback": "personal", "reason": "integrity_check_failed:modified modules detected: ['maop/enterprise/audit.py', 'maop/enterprise/ha.py', 'maop/enterprise/license.py', 'maop/enterprise/license_manager.py', 'maop/enterprise/pg_persist.py', 'maop/enterprise/quota.py', 'maop/enterprise/rbac.py', 'maop/enterprise/saml_handler.py', 'maop/enterprise/sso.py', 'maop/enterprise/sso_store.py', 'maop/enterprise/tenant.py', 'maop/enterprise/tls_auto.py']", "timestamp": "2026-09-13T16:22:17.966864+00:00"}
{"backend": "license", "requested": "enterprise", "fallback": "personal", "reason": "no_license_key", "timestamp": "2026-09-13T16:22:18.065214+00:00"}
{"backend": "integrity", "requested": "enterprise", "fallback": "personal", "reason": "integrity_check_failed:modified modules detected: ['maop/enterprise/audit.py', 'maop/enterprise/ha.py', 'maop/enterprise/license.py', 'maop/enterprise/license_manager.py', 'maop/enterprise/pg_persist.py', 'maop/enterprise/quota.py', 'maop/enterprise/rbac.py', 'maop/enterprise/saml_handler.py', 'maop/enterprise/sso.py', 'maop/enterprise/sso_store.py', 'maop/enterprise/tenant.py', 'maop/enterprise/tls_auto.py']", "timestamp": "2026-09-13T16:22:18.096531+00:00"}
{"backend": "license", "requested": "enterprise", "fallback": "personal", "reason": "no_license_key", "timestamp": "2026-09-13T16:22:18.740263+00:00"}
{"backend": "integrity", "requested": "enterprise", "fallback": "personal", "reason": "integrity_check_failed:modified modules detected: ['maop/enterprise/audit.py', 'maop/enterprise/ha.py', 'maop/enterprise/license.py', 'maop/enterprise/license_manager.py', 'maop/enterprise/pg_persist.py', 'maop/enterprise/quota.py', 'maop/enterprise/rbac.py', 'maop/enterprise/saml_handler.py', 'maop/enterprise/sso.py', 'maop/enterprise/sso_store.py', 'maop/enterprise/tenant.py', 'maop/enterprise/tls_auto.py']", "timestamp": "2026-09-13T16:22:18.777259+00:00"}
{"backend": "license", "requested": "enterprise", "fallback": "personal", "reason": "no_license_key", "timestamp": "2026-09-13T16:22:18.904845+00:00"}
{"backend": "integrity", "requested": "enterprise", "fallback": "personal", "reason": "integrity_check_failed:modified modules detected: ['maop/enterprise/audit.py', 'maop/enterprise/ha.py', 'maop/enterprise/license.py', 'maop/enterprise/license_manager.py', 'maop/enterprise/pg_persist.py', 'maop/enterprise/quota.py', 'maop/enterprise/rbac.py', 'maop/enterprise/saml_handler.py', 'maop/enterprise/sso.py', 'maop/enterprise/sso_store.py', 'maop/enterprise/tenant.py', 'maop/enterprise/tls_auto.py']", "timestamp": "2026-09-13T16:22:18.934324+00:00"}
{"backend": "license", "requested": "enterprise", "fallback": "personal", "reason": "no_license_key", "timestamp": "2026-09-13T16:22:19.598699+00:00"}
{"backend": "integrity", "requested": "enterprise", "fallback": "personal", "reason": "integrity_check_failed:modified modules detected: ['maop/enterprise/audit.py', 'maop/enterprise/ha.py', 'maop/enterprise/license.py', 'maop/enterprise/license_manager.py', 'maop/enterprise/pg_persist.py', 'maop/enterprise/quota.py', 'maop/enterprise/rbac.py', 'maop/enterprise/saml_handler.py', 'maop/enterprise/sso.py', 'maop/enterprise/sso_store.py', 'maop/enterprise/tenant.py', 'maop/enterprise/tls_auto.py']", "timestamp": "2026-09-13T16:22:19.629702+00:00"}
{"backend": "license", "requested": "enterprise", "fallback": "personal", "reason": "no_license_key", "timestamp": "2026-09-13T16:22:19.714274+00:00"}
{"backend": "integrity", "requested": "enterprise", "fallback": "personal", "reason": "integrity_check_failed:modified modules detected: ['maop/enterprise/audit.py', 'maop/enterprise/ha.py', 'maop/enterprise/license.py', 'maop/enterprise/license_manager.py', 'maop/enterprise/pg_persist.py', 'maop/enterprise/quota.py', 'maop/enterprise/rbac.py', 'maop/enterprise/saml_handler.py', 'maop/enterprise/sso.py', 'maop/enterprise/sso_store.py', 'maop/enterprise/tenant.py', 'maop/enterprise/tls_auto.py']", "timestamp": "2026-09-13T16:22:19.745879+00:00"}
{"backend": "license", "requested": "enterprise", "fallback": "personal", "reason": "no_license_key", "timestamp": "2026-09-13T16:22:20.239892+00:00"}
{"backend": "integrity", "requested": "enterprise", "fallback": "personal", "reason": "integrity_check_failed:modified modules detected: ['maop/enterprise/audit.py', 'maop/enterprise/ha.py', 'maop/enterprise/license.py', 'maop/enterprise/license_manager.py', 'maop/enterprise/pg_persist.py', 'maop/enterprise/quota.py', 'maop/enterprise/rbac.py', 'maop/enterprise/saml_handler.py', 'maop/enterprise/sso.py', 'maop/enterprise/sso_store.py', 'maop/enterprise/tenant.py', 'maop/enterprise/tls_auto.py']", "timestamp": "2026-09-13T16:22:20.269259+00:00"}
{"backend": "license", "requested": "enterprise", "fallback": "personal", "reason": "no_license_key", "timestamp": "2026-09-13T16:22:20.381124+00:00"}
{"backend": "integrity", "requested": "enterprise", "fallback": "personal", "reason": "integrity_check_failed:modified modules detected: ['maop/enterprise/audit.py', 'maop/enterprise/ha.py', 'maop/enterprise/license.py', 'maop/enterprise/license_manager.py', 'maop/enterprise/pg_persist.py', 'maop/enterprise/quota.py', 'maop/enterprise/rbac.py', 'maop/enterprise/saml_handler.py', 'maop/enterprise/sso.py', 'maop/enterprise/sso_store.py', 'maop/enterprise/tenant.py', 'maop/enterprise/tls_auto.py']", "timestamp": "2026-09-13T16:22:20.409822+00:00"}
{"backend": "license", "requested": "enterprise", "fallback": "personal", "reason": "no_license_key", "timestamp": "2026-09-13T16:22:20.950904+00:00"}
{"backend": "integrity", "requested": "enterprise", "fallback": "personal", "reason": "integrity_check_failed:modified modules detected: ['maop/enterprise/audit.py', 'maop/enterprise/ha.py', 'maop/enterprise/license.py', 'maop/enterprise/license_manager.py', 'maop/enterprise/pg_persist.py', 'maop/enterprise/quota.py', 'maop/enterprise/rbac.py', 'maop/enterprise/saml_handler.py', 'maop/enterprise/sso.py', 'maop/enterprise/sso_store.py', 'maop/enterprise/tenant.py', 'maop/enterprise/tls_auto.py']", "timestamp": "2026-09-13T16:22:20.982082+00:00"}
{"backend": "license", "requested": "enterprise", "fallback": "personal", "reason": "no_license_key", "timestamp": "2026-09-13T16:22:21.025006+00:00"}
{"backend": "integrity", "requested": "enterprise", "fallback": "personal", "reason": "integrity_check_failed:modified modules detected: ['maop/enterprise/audit.py', 'maop/enterprise/ha.py', 'maop/enterprise/license.py', 'maop/enterprise/license_manager.py', 'maop/enterprise/pg_persist.py', 'maop/enterprise/quota.py', 'maop/enterprise/rbac.py', 'maop/enterprise/saml_handler.py', 'maop/enterprise/sso.py', 'maop/enterprise/sso_store.py', 'maop/enterprise/tenant.py', 'maop/enterprise/tls_auto.py']", "timestamp": "2026-09-13T16:22:21.053136+00:00"}
{"backend": "license", "requested": "enterprise", "fallback": "personal", "reason": "no_license_key", "timestamp": "2026-09-13T16:22:21.578593+00:00"}
{"backend": "integrity", "requested": "enterprise", "fallback": "personal", "reason": "integrity_check_failed:modified modules detected: ['maop/enterprise/audit.py', 'maop/enterprise/ha.py', 'maop/enterprise/license.py', 'maop/enterprise/license_manager.py', 'maop/enterprise/pg_persist.py', 'maop/enterprise/quota.py', 'maop/enterprise/rbac.py', 'maop/enterprise/saml_handler.py', 'maop/enterprise/sso.py', 'maop/enterprise/sso_store.py', 'maop/enterprise/tenant.py', 'maop/enterprise/tls_auto.py']", "timestamp": "2026-09-13T16:22:21.605251+00:00"}
{"backend": "license", "requested": "enterprise", "fallback": "personal", "reason": "no_license_key", "timestamp": "2026-09-13T16:22:21.740040+00:00"}
{"backend": "integrity", "requested": "enterprise", "fallback": "personal", "reason": "integrity_check_failed:modified modules detected: ['maop/enterprise/audit.py', 'maop/enterprise/ha.py', 'maop/enterprise/license.py', 'maop/enterprise/license_manager.py', 'maop/enterprise/pg_persist.py', 'maop/enterprise/quota.py', 'maop/enterprise/rbac.py', 'maop/enterprise/saml_handler.py', 'maop/enterprise/sso.py', 'maop/enterprise/sso_store.py', 'maop/enterprise/tenant.py', 'maop/enterprise/tls_auto.py']", "timestamp": "2026-09-13T16:22:21.767774+00:00"}
{"backend": "license", "requested": "enterprise", "fallback": "personal", "reason": "no_license_key", "timestamp": "2026-09-13T16:22:22.308907+00:00"}
{"backend": "integrity", "requested": "enterprise", "fallback": "personal", "reason": "integrity_check_failed:modified modules detected: ['maop/enterprise/audit.py', 'maop/enterprise/ha.py', 'maop/enterprise/license.py', 'maop/enterprise/license_manager.py', 'maop/enterprise/pg_persist.py', 'maop/enterprise/quota.py', 'maop/enterprise/rbac.py', 'maop/enterprise/saml_handler.py', 'maop/enterprise/sso.py', 'maop/enterprise/sso_store.py', 'maop/enterprise/tenant.py', 'maop/enterprise/tls_auto.py']", "timestamp": "2026-09-13T16:22:22.339952+00:00"}
{"backend": "license", "requested": "enterprise", "fallback": "personal", "reason": "no_license_key", "timestamp": "2026-09-13T16:22:37.316363+00:00"}
{"backend": "integrity", "requested": "enterprise", "fallback": "personal", "reason": "integrity_check_failed:modified modules detected: ['maop/enterprise/audit.py', 'maop/enterprise/ha.py', 'maop/enterprise/license.py', 'maop/enterprise/license_manager.py', 'maop/enterprise/pg_persist.py', 'maop/enterprise/quota.py', 'maop/enterprise/rbac.py', 'maop/enterprise/saml_handler.py', 'maop/enterprise/sso.py', 'maop/enterprise/sso_store.py', 'maop/enterprise/tenant.py', 'maop/enterprise/tls_auto.py']", "timestamp": "2026-09-13T16:22:37.362525+00:00"}
{"backend": "license", "requested": "enterprise", "fallback": "personal", "reason": "no_license_key", "timestamp": "2026-09-13T16:22:38.950995+00:00"}
{"backend": "integrity", "requested": "enterprise", "fallback": "personal", "reason": "integrity_check_failed:modified modules detected: ['maop/enterprise/audit.py', 'maop/enterprise/ha.py', 'maop/enterprise/license.py', 'maop/enterprise/license_manager.py', 'maop/enterprise/pg_persist.py', 'maop/enterprise/quota.py', 'maop/enterprise/rbac.py', 'maop/enterprise/saml_handler.py', 'maop/enterprise/sso.py', 'maop/enterprise/sso_store.py', 'maop/enterprise/tenant.py', 'maop/enterprise/tls_auto.py']", "timestamp": "2026-09-13T16:22:39.006302+00:00"}
{"backend": "license", "requested": "enterprise", "fallback": "personal", "reason": "no_license_key", "timestamp": "2026-09-13T16:22:40.112511+00:00"}
{"backend": "integrity", "requested": "enterprise", "fallback": "personal", "reason": "integrity_check_failed:modified modules detected: ['maop/enterprise/audit.py', 'maop/enterprise/ha.py', 'maop/enterprise/license.py', 'maop/enterprise/license_manager.py', 'maop/enterprise/pg_persist.py', 'maop/enterprise/quota.py', 'maop/enterprise/rbac.py', 'maop/enterprise/saml_handler.py', 'maop/enterprise/sso.py', 'maop/enterprise/sso_store.py', 'maop/enterprise/tenant.py', 'maop/enterprise/tls_auto.py']", "timestamp": "2026-09-13T16:22:40.165669+00:00"}
{"backend": "license", "requested": "enterprise", "fallback": "personal", "reason": "no_license_key", "timestamp": "2026-09-13T16:22:40.476325+00:00"}
{"backend": "integrity", "requested": "enterprise", "fallback": "personal", "reason": "integrity_check_failed:modified modules detected: ['maop/enterprise/audit.py', 'maop/enterprise/ha.py', 'maop/enterprise/license.py', 'maop/enterprise/license_manager.py', 'maop/enterprise/pg_persist.py', 'maop/enterprise/quota.py', 'maop/enterprise/rbac.py', 'maop/enterprise/saml_handler.py', 'maop/enterprise/sso.py', 'maop/enterprise/sso_store.py', 'maop/enterprise/tenant.py', 'maop/enterprise/tls_auto.py']", "timestamp": "2026-09-13T16:22:40.560684+00:00"}
{"backend": "license", "requested": "enterprise", "fallback": "personal", "reason": "no_license_key", "timestamp": "2026-09-13T16:22:41.948496+00:00"}
{"backend": "integrity", "requested": "enterprise", "fallback": "personal", "reason": "integrity_check_failed:modified modules detected: ['maop/enterprise/audit.py', 'maop/enterprise/ha.py', 'maop/enterprise/license.py', 'maop/enterprise/license_manager.py', 'maop/enterprise/pg_persist.py', 'maop/enterprise/quota.py', 'maop/enterprise/rbac.py', 'maop/enterprise/saml_handler.py', 'maop/enterprise/sso.py', 'maop/enterprise/sso_store.py', 'maop/enterprise/tenant.py', 'maop/enterprise/tls_auto.py']", "timestamp": "2026-09-13T16:22:42.005460+00:00"}
{"backend": "license", "requested": "enterprise", "fallback": "personal", "reason": "no_license_key", "timestamp": "2026-09-13T16:22:43.328756+00:00"}
{"backend": "integrity", "requested": "enterprise", "fallback": "personal", "reason": "integrity_check_failed:modified modules detected: ['maop/enterprise/audit.py', 'maop/enterprise/ha.py', 'maop/enterprise/license.py', 'maop/enterprise/license_manager.py', 'maop/enterprise/pg_persist.py', 'maop/enterprise/quota.py', 'maop/enterprise/rbac.py', 'maop/enterprise/saml_handler.py', 'maop/enterprise/sso.py', 'maop/enterprise/sso_store.py', 'maop/enterprise/tenant.py', 'maop/enterprise/tls_auto.py']", "timestamp": "2026-09-13T16:22:43.380591+00:00"}
{"backend": "license", "requested": "enterprise", "fallback": "personal", "reason": "no_license_key", "timestamp": "2026-09-13T16:22:44.080557+00:00"}
{"backend": "integrity", "requested": "enterprise", "fallback": "personal", "reason": "integrity_check_failed:modified modules detected: ['maop/enterprise/audit.py', 'maop/enterprise/ha.py', 'maop/enterprise/license.py', 'maop/enterprise/license_manager.py', 'maop/enterprise/pg_persist.py', 'maop/enterprise/quota.py', 'maop/enterprise/rbac.py', 'maop/enterprise/saml_handler.py', 'maop/enterprise/sso.py', 'maop/enterprise/sso_store.py', 'maop/enterprise/tenant.py', 'maop/enterprise/tls_auto.py']", "timestamp": "2026-09-13T16:22:44.190967+00:00"}
{"backend": "license", "requested": "enterprise", "fallback": "personal", "reason": "no_license_key", "timestamp": "2026-09-13T16:22:46.030889+00:00"}
{"backend": "integrity", "requested": "enterprise", "fallback": "personal", "reason": "integrity_check_failed:modified modules detected: ['maop/enterprise/audit.py', 'maop/enterprise/ha.py', 'maop/enterprise/license.py', 'maop/enterprise/license_manager.py', 'maop/enterprise/pg_persist.py', 'maop/enterprise/quota.py', 'maop/enterprise/rbac.py', 'maop/enterprise/saml_handler.py', 'maop/enterprise/sso.py', 'maop/enterprise/sso_store.py', 'maop/enterprise/tenant.py', 'maop/enterprise/tls_auto.py']", "timestamp": "2026-09-13T16:22:46.096510+00:00"}
{"backend": "license", "requested": "enterprise", "fallback": "personal", "reason": "no_license_key", "timestamp": "2026-09-13T16:22:47.210237+00:00"}
{"backend": "integrity", "requested": "enterprise", "fallback": "personal", "reason": "integrity_check_failed:modified modules detected: ['maop/enterprise/audit.py', 'maop/enterprise/ha.py', 'maop/enterprise/license.py', 'maop/enterprise/license_manager.py', 'maop/enterprise/pg_persist.py', 'maop/enterprise/quota.py', 'maop/enterprise/rbac.py', 'maop/enterprise/saml_handler.py', 'maop/enterprise/sso.py', 'maop/enterprise/sso_store.py', 'maop/enterprise/tenant.py', 'maop/enterprise/tls_auto.py']", "timestamp": "2026-09-13T16:22:47.285208+00:00"}
{"backend": "license", "requested": "enterprise", "fallback": "personal", "reason": "no_license_key", "timestamp": "2026-09-13T16:22:47.532059+00:00"}
{"backend": "integrity", "requested": "enterprise", "fallback": "personal", "reason": "integrity_check_failed:modified modules detected: ['maop/enterprise/audit.py', 'maop/enterprise/ha.py', 'maop/enterprise/license.py', 'maop/enterprise/license_manager.py', 'maop/enterprise/pg_persist.py', 'maop/enterprise/quota.py', 'maop/enterprise/rbac.py', 'maop/enterprise/saml_handler.py', 'maop/enterprise/sso.py', 'maop/enterprise/sso_store.py', 'maop/enterprise/tenant.py', 'maop/enterprise/tls_auto.py']", "timestamp": "2026-09-13T16:22:47.605305+00:00"}
{"backend": "license", "requested": "enterprise", "fallback": "personal", "reason": "no_license_key", "timestamp": "2026-09-13T16:22:48.669480+00:00"}
{"backend": "integrity", "requested": "enterprise", "fallback": "personal", "reason": "integrity_check_failed:modified modules detected: ['maop/enterprise/audit.py', 'maop/enterprise/ha.py', 'maop/enterprise/license.py', 'maop/enterprise/license_manager.py', 'maop/enterprise/pg_persist.py', 'maop/enterprise/quota.py', 'maop/enterprise/rbac.py', 'maop/enterprise/saml_handler.py', 'maop/enterprise/sso.py', 'maop/enterprise/sso_store.py', 'maop/enterprise/tenant.py', 'maop/enterprise/tls_auto.py']", "timestamp": "2026-09-13T16:22:48.741519+00:00"}
{"backend": "license", "requested": "enterprise", "fallback": "personal", "reason": "no_license_key", "timestamp": "2026-09-13T16:22:49.202516+00:00"}
{"backend": "integrity", "requested": "enterprise", "fallback": "personal", "reason": "integrity_check_failed:modified modules detected: ['maop/enterprise/audit.py', 'maop/enterprise/ha.py', 'maop/enterprise/license.py', 'maop/enterprise/license_manager.py', 'maop/enterprise/pg_persist.py', 'maop/enterprise/quota.py', 'maop/enterprise/rbac.py', 'maop/enterprise/saml_handler.py', 'maop/enterprise/sso.py', 'maop/enterprise/sso_store.py', 'maop/enterprise/tenant.py', 'maop/enterprise/tls_auto.py']", "timestamp": "2026-09-13T16:22:49.324123+00:00"}
{"backend": "license", "requested": "enterprise", "fallback": "personal", "reason": "no_license_key", "timestamp": "2026-09-13T16:22:50.187748+00:00"}
{"backend": "integrity", "requested": "enterprise", "fallback": "personal", "reason": "integrity_check_failed:modified modules detected: ['maop/enterprise/audit.py', 'maop/enterprise/ha.py', 'maop/enterprise/license.py', 'maop/enterprise/license_manager.py', 'maop/enterprise/pg_persist.py', 'maop/enterprise/quota.py', 'maop/enterprise/rbac.py', 'maop/enterprise/saml_handler.py', 'maop/enterprise/sso.py', 'maop/enterprise/sso_store.py', 'maop/enterprise/tenant.py', 'maop/enterprise/tls_auto.py']", "timestamp": "2026-09-13T16:22:50.257575+00:00"}
{"backend": "license", "requested": "enterprise", "fallback": "personal", "reason": "no_license_key", "timestamp": "2026-09-13T16:22:51.933988+00:00"}
{"backend": "integrity", "requested": "enterprise", "fallback": "personal", "reason": "integrity_check_failed:modified modules detected: ['maop/enterprise/audit.py', 'maop/enterprise/ha.py', 'maop/enterprise/license.py', 'maop/enterprise/license_manager.py', 'maop/enterprise/pg_persist.py', 'maop/enterprise/quota.py', 'maop/enterprise/rbac.py', 'maop/enterprise/saml_handler.py', 'maop/enterprise/sso.py', 'maop/enterprise/sso_store.py', 'maop/enterprise/tenant.py', 'maop/enterprise/tls_auto.py']", "timestamp": "2026-09-13T16:22:52.007087+00:00"}
{"backend": "license", "requested": "enterprise", "fallback": "personal", "reason": "no_license_key", "timestamp": "2026-09-13T16:22:52.053252+00:00"}
{"backend": "integrity", "requested": "enterprise", "fallback": "personal", "reason": "integrity_check_failed:modified modules detected: ['maop/enterprise/audit.py', 'maop/enterprise/ha.py', 'maop/enterprise/license.py', 'maop/enterprise/license_manager.py', 'maop/enterprise/pg_persist.py', 'maop/enterprise/quota.py', 'maop/enterprise/rbac.py', 'maop/enterprise/saml_handler.py', 'maop/enterprise/sso.py', 'maop/enterprise/sso_store.py', 'maop/enterprise/tenant.py', 'maop/enterprise/tls_auto.py']", "timestamp": "2026-09-13T16:22:52.129866+00:00"}
{"backend": "license", "requested": "enterprise", "fallback": "personal", "reason": "no_license_key", "timestamp": "2026-09-13T16:22:52.854305+00:00"}
{"backend": "integrity", "requested": "enterprise", "fallback": "personal", "reason": "integrity_check_failed:modified modules detected: ['maop/enterprise/audit.py', 'maop/enterprise/ha.py', 'maop/enterprise/license.py', 'maop/enterprise/license_manager.py', 'maop/enterprise/pg_persist.py', 'maop/enterprise/quota.py', 'maop/enterprise/rbac.py', 'maop/enterprise/saml_handler.py', 'maop/enterprise/sso.py', 'maop/enterprise/sso_store.py', 'maop/enterprise/tenant.py', 'maop/enterprise/tls_auto.py']", "timestamp": "2026-09-13T16:22:52.914187+00:00"}
{"backend": "license", "requested": "enterprise", "fallback": "personal", "reason": "no_license_key", "timestamp": "2026-09-13T16:24:31.586926+00:00"}
{"backend": "integrity", "requested": "enterprise", "fallback": "personal", "reason": "integrity_check_failed:modified modules detected: ['maop/enterprise/audit.py', 'maop/enterprise/ha.py', 'maop/enterprise/license.py', 'maop/enterprise/license_manager.py', 'maop/enterprise/pg_persist.py', 'maop/enterprise/quota.py', 'maop/enterprise/rbac.py', 'maop/enterprise/saml_handler.py', 'maop/enterprise/sso.py', 'maop/enterprise/sso_store.py', 'maop/enterprise/tenant.py', 'maop/enterprise/tls_auto.py']", "timestamp": "2026-09-13T16:24:31.645400+00:00"}
{"backend": "license", "requested": "enterprise", "fallback": "personal", "reason": "no_license_key", "timestamp": "2026-09-13T16:25:24.037377+00:00"}
{"backend": "integrity", "requested": "enterprise", "fallback": "personal", "reason": "integrity_check_failed:modified modules detected: ['maop/enterprise/audit.py', 'maop/enterprise/ha.py', 'maop/enterprise/license.py', 'maop/enterprise/license_manager.py', 'maop/enterprise/pg_persist.py', 'maop/enterprise/quota.py', 'maop/enterprise/rbac.py', 'maop/enterprise/saml_handler.py', 'maop/enterprise/sso.py', 'maop/enterprise/sso_store.py', 'maop/enterprise/tenant.py', 'maop/enterprise/tls_auto.py']", "timestamp": "2026-09-13T16:25:24.053716+00:00"}
{"backend": "license", "requested": "enterprise", "fallback": "personal", "reason": "no_license_key", "timestamp": "2026-09-13T16:25:33.401858+00:00"}
{"backend": "integrity", "requested": "enterprise", "fallback": "personal", "reason": "integrity_check_failed:modified modules detected: ['maop/enterprise/audit.py', 'maop/enterprise/ha.py', 'maop/enterprise/license.py', 'maop/enterprise/license_manager.py', 'maop/enterprise/pg_persist.py', 'maop/enterprise/quota.py', 'maop/enterprise/rbac.py', 'maop/enterprise/saml_handler.py', 'maop/enterprise/sso.py', 'maop/enterprise/sso_store.py', 'maop/enterprise/tenant.py', 'maop/enterprise/tls_auto.py']", "timestamp": "2026-09-13T16:25:33.433495+00:00"}
{"backend": "license", "requested": "enterprise", "fallback": "personal", "reason": "no_license_key", "timestamp": "2026-09-13T16:25:33.644423+00:00"}
{"backend": "integrity", "requested": "enterprise", "fallback": "personal", "reason": "integrity_check_failed:modified modules detected: ['maop/enterprise/audit.py', 'maop/enterprise/ha.py', 'maop/enterprise/license.py', 'maop/enterprise/license_manager.py', 'maop/enterprise/pg_persist.py', 'maop/enterprise/quota.py', 'maop/enterprise/rbac.py', 'maop/enterprise/saml_handler.py', 'maop/enterprise/sso.py', 'maop/enterprise/sso_store.py', 'maop/enterprise/tenant.py', 'maop/enterprise/tls_auto.py']", "timestamp": "2026-09-13T16:25:33.679339+00:00"}
{"backend": "license", "requested": "enterprise", "fallback": "personal", "reason": "no_license_key", "timestamp": "2026-09-13T16:25:34.234891+00:00"}
{"backend": "integrity", "requested": "enterprise", "fallback": "personal", "reason": "integrity_check_failed:modified modules detected: ['maop/enterprise/audit.py', 'maop/enterprise/ha.py', 'maop/enterprise/license.py', 'maop/enterprise/license_manager.py', 'maop/enterprise/pg_persist.py', 'maop/enterprise/quota.py', 'maop/enterprise/rbac.py', 'maop/enterprise/saml_handler.py', 'maop/enterprise/sso.py', 'maop/enterprise/sso_store.py', 'maop/enterprise/tenant.py', 'maop/enterprise/tls_auto.py']", "timestamp": "2026-09-13T16:25:34.270069+00:00"}
{"backend": "license", "requested": "enterprise", "fallback": "personal", "reason": "no_license_key", "timestamp": "2026-09-13T16:25:34.532171+00:00"}
{"backend": "integrity", "requested": "enterprise", "fallback": "personal", "reason": "integrity_check_failed:modified modules detected: ['maop/enterprise/audit.py', 'maop/enterprise/ha.py', 'maop/enterprise/license.py', 'maop/enterprise/license_manager.py', 'maop/enterprise/pg_persist.py', 'maop/enterprise/quota.py', 'maop/enterprise/rbac.py', 'maop/enterprise/saml_handler.py', 'maop/enterprise/sso.py', 'maop/enterprise/sso_store.py', 'maop/enterprise/tenant.py', 'maop/enterprise/tls_auto.py']", "timestamp": "2026-09-13T16:25:34.568044+00:00"}
{"backend": "license", "requested": "enterprise", "fallback": "personal", "reason": "no_license_key", "timestamp": "2026-09-13T16:25:35.142377+00:00"}
{"backend": "integrity", "requested": "enterprise", "fallback": "personal", "reason": "integrity_check_failed:modified modules detected: ['maop/enterprise/audit.py', 'maop/enterprise/ha.py', 'maop/enterprise/license.py', 'maop/enterprise/license_manager.py', 'maop/enterprise/pg_persist.py', 'maop/enterprise/quota.py', 'maop/enterprise/rbac.py', 'maop/enterprise/saml_handler.py', 'maop/enterprise/sso.py', 'maop/enterprise/sso_store.py', 'maop/enterprise/tenant.py', 'maop/enterprise/tls_auto.py']", "timestamp": "2026-09-13T16:25:35.191902+00:00"}
{"backend": "license", "requested": "enterprise", "fallback": "personal", "reason": "no_license_key", "timestamp": "2026-09-13T16:25:35.456224+00:00"}
{"backend": "integrity", "requested": "enterprise", "fallback": "personal", "reason": "integrity_check_failed:modified modules detected: ['maop/enterprise/audit.py', 'maop/enterprise/ha.py', 'maop/enterprise/license.py', 'maop/enterprise/license_manager.py', 'maop/enterprise/pg_persist.py', 'maop/enterprise/quota.py', 'maop/enterprise/rbac.py', 'maop/enterprise/saml_handler.py', 'maop/enterprise/sso.py', 'maop/enterprise/sso_store.py', 'maop/enterprise/tenant.py', 'maop/enterprise/tls_auto.py']", "timestamp": "2026-09-13T16:25:35.489704+00:00"}
{"backend": "license", "requested": "enterprise", "fallback": "personal", "reason": "no_license_key", "timestamp": "2026-09-13T16:25:35.942174+00:00"}
{"backend": "integrity", "requested": "enterprise", "fallback": "personal", "reason": "integrity_check_failed:modified modules detected: ['maop/enterprise/audit.py', 'maop/enterprise/ha.py', 'maop/enterprise/license.py', 'maop/enterprise/license_manager.py', 'maop/enterprise/pg_persist.py', 'maop/enterprise/quota.py', 'maop/enterprise/rbac.py', 'maop/enterprise/saml_handler.py', 'maop/enterprise/sso.py', 'maop/enterprise/sso_store.py', 'maop/enterprise/tenant.py', 'maop/enterprise/tls_auto.py']", "timestamp": "2026-09-13T16:25:35.970730+00:00"}
{"backend": "license", "requested": "enterprise", "fallback": "personal", "reason": "no_license_key", "timestamp": "2026-09-13T16:25:36.162964+00:00"}
{"backend": "integrity", "requested": "enterprise", "fallback": "personal", "reason": "integrity_check_failed:modified modules detected: ['maop/enterprise/audit.py', 'maop/enterprise/ha.py', 'maop/enterprise/license.py', 'maop/enterprise/license_manager.py', 'maop/enterprise/pg_persist.py', 'maop/enterprise/quota.py', 'maop/enterprise/rbac.py', 'maop/enterprise/saml_handler.py', 'maop/enterprise/sso.py', 'maop/enterprise/sso_store.py', 'maop/enterprise/tenant.py', 'maop/enterprise/tls_auto.py']", "timestamp": "2026-09-13T16:25:36.191146+00:00"}
{"backend": "license", "requested": "enterprise", "fallback": "personal", "reason": "no_license_key", "timestamp": "2026-09-13T16:25:36.632887+00:00"}
{"backend": "integrity", "requested": "enterprise", "fallback": "personal", "reason": "integrity_check_failed:modified modules detected: ['maop/enterprise/audit.py', 'maop/enterprise/ha.py', 'maop/enterprise/license.py', 'maop/enterprise/license_manager.py', 'maop/enterprise/pg_persist.py', 'maop/enterprise/quota.py', 'maop/enterprise/rbac.py', 'maop/enterprise/saml_handler.py', 'maop/enterprise/sso.py', 'maop/enterprise/sso_store.py', 'maop/enterprise/tenant.py', 'maop/enterprise/tls_auto.py']", "timestamp": "2026-09-13T16:25:36.663349+00:00"}
{"backend": "license", "requested": "enterprise", "fallback": "personal", "reason": "no_license_key", "timestamp": "2026-09-13T16:25:36.859194+00:00"}
{"backend": "integrity", "requested": "enterprise", "fallback": "personal", "reason": "integrity_check_failed:modified modules detected: ['maop/enterprise/audit.py', 'maop/enterprise/ha.py', 'maop/enterprise/license.py', 'maop/enterprise/license_manager.py', 'maop/enterprise/pg_persist.py', 'maop/enterprise/quota.py', 'maop/enterprise/rbac.py', 'maop/enterprise/saml_handler.py', 'maop/enterprise/sso.py', 'maop/enterprise/sso_store.py', 'maop/enterprise/tenant.py', 'maop/enterprise/tls_auto.py']", "timestamp": "2026-09-13T16:25:36.885456+00:00"}
{"backend": "license", "requested": "enterprise", "fallback": "personal", "reason": "no_license_key", "timestamp": "2026-09-13T16:25:37.251468+00:00"}
{"backend": "integrity", "requested": "enterprise", "fallback": "personal", "reason": "integrity_check_failed:modified modules detected: ['maop/enterprise/audit.py', 'maop/enterprise/ha.py', 'maop/enterprise/license.py', 'maop/enterprise/license_manager.py', 'maop/enterprise/pg_persist.py', 'maop/enterprise/quota.py', 'maop/enterprise/rbac.py', 'maop/enterprise/saml_handler.py', 'maop/enterprise/sso.py', 'maop/enterprise/sso_store.py', 'maop/enterprise/tenant.py', 'maop/enterprise/tls_auto.py']", "timestamp": "2026-09-13T16:25:37.280800+00:00"}
{"backend": "license", "requested": "enterprise", "fallback": "personal", "reason": "no_license_key", "timestamp": "2026-09-13T16:25:37.470277+00:00"}
{"backend": "integrity", "requested": "enterprise", "fallback": "personal", "reason": "integrity_check_failed:modified modules detected: ['maop/enterprise/audit.py', 'maop/enterprise/ha.py', 'maop/enterprise/license.py', 'maop/enterprise/license_manager.py', 'maop/enterprise/pg_persist.py', 'maop/enterprise/quota.py', 'maop/enterprise/rbac.py', 'maop/enterprise/saml_handler.py', 'maop/enterprise/sso.py', 'maop/enterprise/sso_store.py', 'maop/enterprise/tenant.py', 'maop/enterprise/tls_auto.py']", "timestamp": "2026-09-13T16:25:37.500378+00:00"}
{"backend": "license", "requested": "enterprise", "fallback": "personal", "reason": "no_license_key", "timestamp": "2026-09-13T16:25:37.933311+00:00"}
{"backend": "integrity", "requested": "enterprise", "fallback": "personal", "reason": "integrity_check_failed:modified modules detected: ['maop/enterprise/audit.py', 'maop/enterprise/ha.py', 'maop/enterprise/license.py', 'maop/enterprise/license_manager.py', 'maop/enterprise/pg_persist.py', 'maop/enterprise/quota.py', 'maop/enterprise/rbac.py', 'maop/enterprise/saml_handler.py', 'maop/enterprise/sso.py', 'maop/enterprise/sso_store.py', 'maop/enterprise/tenant.py', 'maop/enterprise/tls_auto.py']", "timestamp": "2026-09-13T16:25:37.956182+00:00"}
{"backend": "license", "requested": "enterprise", "fallback": "personal", "reason": "no_license_key", "timestamp": "2026-09-13T16:25:38.205322+00:00"}
{"backend": "integrity", "requested": "enterprise", "fallback": "personal", "reason": "integrity_check_failed:modified modules detected: ['maop/enterprise/audit.py', 'maop/enterprise/ha.py', 'maop/enterprise/license.py', 'maop/enterprise/license_manager.py', 'maop/enterprise/pg_persist.py', 'maop/enterprise/quota.py', 'maop/enterprise/rbac.py', 'maop/enterprise/saml_handler.py', 'maop/enterprise/sso.py', 'maop/enterprise/sso_store.py', 'maop/enterprise/tenant.py', 'maop/enterprise/tls_auto.py']", "timestamp": "2026-09-13T16:25:38.236182+00:00"}
{"backend": "license", "requested": "enterprise", "fallback": "personal", "reason": "no_license_key", "timestamp": "2026-09-13T16:25:38.485183+00:00"}
{"backend": "integrity", "requested": "enterprise", "fallback": "personal", "reason": "integrity_check_failed:modified modules detected: ['maop/enterprise/audit.py', 'maop/enterprise/ha.py', 'maop/enterprise/license.py', 'maop/enterprise/license_manager.py', 'maop/enterprise/pg_persist.py', 'maop/enterprise/quota.py', 'maop/enterprise/rbac.py', 'maop/enterprise/saml_handler.py', 'maop/enterprise/sso.py', 'maop/enterprise/sso_store.py', 'maop/enterprise/tenant.py', 'maop/enterprise/tls_auto.py']", "timestamp": "2026-09-13T16:25:38.508747+00:00"}
{"backend": "license", "requested": "enterprise", "fallback": "personal", "reason": "no_license_key", "timestamp": "2026-09-13T16:25:38.853347+00:00"}
{"backend": "integrity", "requested": "enterprise", "fallback": "personal", "reason": "integrity_check_failed:modified modules detected: ['maop/enterprise/audit.py', 'maop/enterprise/ha.py', 'maop/enterprise/license.py', 'maop/enterprise/license_manager.py', 'maop/enterprise/pg_persist.py', 'maop/enterprise/quota.py', 'maop/enterprise/rbac.py', 'maop/enterprise/saml_handler.py', 'maop/enterprise/sso.py', 'maop/enterprise/sso_store.py', 'maop/enterprise/tenant.py', 'maop/enterprise/tls_auto.py']", "timestamp": "2026-09-13T16:25:38.878947+00:00"}
{"backend": "license", "requested": "enterprise", "fallback": "personal", "reason": "no_license_key", "timestamp": "2026-09-13T16:26:03.905195+00:00"}
{"backend": "integrity", "requested": "enterprise", "fallback": "personal", "reason": "integrity_check_failed:modified modules detected: ['maop/enterprise/audit.py', 'maop/enterprise/ha.py', 'maop/enterprise/license.py', 'maop/enterprise/license_manager.py', 'maop/enterprise/pg_persist.py', 'maop/enterprise/quota.py', 'maop/enterprise/rbac.py', 'maop/enterprise/saml_handler.py', 'maop/enterprise/sso.py', 'maop/enterprise/sso_store.py', 'maop/enterprise/tenant.py', 'maop/enterprise/tls_auto.py']", "timestamp": "2026-09-13T16:26:03.921386+00:00"}
{"backend": "license", "requested": "enterprise", "fallback": "personal", "reason": "no_license_key", "timestamp": "2026-09-13T16:26:46.313687+00:00"}
{"backend": "integrity", "requested": "enterprise", "fallback": "personal", "reason": "integrity_check_failed:modified modules detected: ['maop/enterprise/audit.py', 'maop/enterprise/ha.py', 'maop/enterprise/license.py', 'maop/enterprise/license_manager.py', 'maop/enterprise/pg_persist.py', 'maop/enterprise/quota.py', 'maop/enterprise/rbac.py', 'maop/enterprise/saml_handler.py', 'maop/enterprise/sso.py', 'maop/enterprise/sso_store.py', 'maop/enterprise/tenant.py', 'maop/enterprise/tls_auto.py']", "timestamp": "2026-09-13T16:26:46.328683+00:00"}
{"backend": "license", "requested": "enterprise", "fallback": "personal", "reason": "no_license_key", "timestamp": "2026-09-13T16:26:54.158751+00:00"}
{"backend": "integrity", "requested": "enterprise", "fallback": "personal", "reason": "integrity_check_failed:modified modules detected: ['maop/enterprise/audit.py', 'maop/enterprise/ha.py', 'maop/enterprise/license.py', 'maop/enterprise/license_manager.py', 'maop/enterprise/pg_persist.py', 'maop/enterprise/quota.py', 'maop/enterprise/rbac.py', 'maop/enterprise/saml_handler.py', 'maop/enterprise/sso.py', 'maop/enterprise/sso_store.py', 'maop/enterprise/tenant.py', 'maop/enterprise/tls_auto.py']", "timestamp": "2026-09-13T16:26:54.175381+00:00"}
{"backend": "license", "requested": "enterprise", "fallback": "personal", "reason": "no_license_key", "timestamp": "2026-09-13T16:27:02.189153+00:00"}
{"backend": "integrity", "requested": "enterprise", "fallback": "personal", "reason": "integrity_check_failed:modified modules detected: ['maop/enterprise/audit.py', 'maop/enterprise/ha.py', 'maop/enterprise/license.py', 'maop/enterprise/license_manager.py', 'maop/enterprise/pg_persist.py', 'maop/enterprise/quota.py', 'maop/enterprise/rbac.py', 'maop/enterprise/saml_handler.py', 'maop/enterprise/sso.py', 'maop/enterprise/sso_store.py', 'maop/enterprise/tenant.py', 'maop/enterprise/tls_auto.py']", "timestamp": "2026-09-13T16:27:02.216927+00:00"}
{"backend": "license", "requested": "enterprise", "fallback": "personal", "reason": "no_license_key", "timestamp": "2026-09-13T16:27:02.753572+00:00"}
{"backend": "integrity", "requested": "enterprise", "fallback": "personal", "reason": "integrity_check_failed:modified modules detected: ['maop/enterprise/audit.py', 'maop/enterprise/ha.py', 'maop/enterprise/license.py', 'maop/enterprise/license_manager.py', 'maop/enterprise/pg_persist.py', 'maop/enterprise/quota.py', 'maop/enterprise/rbac.py', 'maop/enterprise/saml_handler.py', 'maop/enterprise/sso.py', 'maop/enterprise/sso_store.py', 'maop/enterprise/tenant.py', 'maop/enterprise/tls_auto.py']", "timestamp": "2026-09-13T16:27:02.777707+00:00"}
{"backend": "license", "requested": "enterprise", "fallback": "personal", "reason": "no_license_key", "timestamp": "2026-09-13T16:27:02.882512+00:00"}
{"backend": "integrity", "requested": "enterprise", "fallback": "personal", "reason": "integrity_check_failed:modified modules detected: ['maop/enterprise/audit.py', 'maop/enterprise/ha.py', 'maop/enterprise/license.py', 'maop/enterprise/license_manager.py', 'maop/enterprise/pg_persist.py', 'maop/enterprise/quota.py', 'maop/enterprise/rbac.py', 'maop/enterprise/saml_handler.py', 'maop/enterprise/sso.py', 'maop/enterprise/sso_store.py', 'maop/enterprise/tenant.py', 'maop/enterprise/tls_auto.py']", "timestamp": "2026-09-13T16:27:02.911266+00:00"}
{"backend": "license", "requested": "enterprise", "fallback": "personal", "reason": "no_license_key", "timestamp": "2026-09-13T16:27:03.362766+00:00"}
{"backend": "integrity", "requested": "enterprise", "fallback": "personal", "reason": "integrity_check_failed:modified modules detected: ['maop/enterprise/audit.py', 'maop/enterprise/ha.py', 'maop/enterprise/license.py', 'maop/enterprise/license_manager.py', 'maop/enterprise/pg_persist.py', 'maop/enterprise/quota.py', 'maop/enterprise/rbac.py', 'maop/enterprise/saml_handler.py', 'maop/enterprise/sso.py', 'maop/enterprise/sso_store.py', 'maop/enterprise/tenant.py', 'maop/enterprise/tls_auto.py']", "timestamp": "2026-09-13T16:27:03.388568+00:00"}
{"backend": "license", "requested": "enterprise", "fallback": "personal", "reason": "no_license_key", "timestamp": "2026-09-13T16:27:03.601880+00:00"}
{"backend": "integrity", "requested": "enterprise", "fallback": "personal", "reason": "integrity_check_failed:modified modules detected: ['maop/enterprise/audit.py', 'maop/enterprise/ha.py', 'maop/enterprise/license.py', 'maop/enterprise/license_manager.py', 'maop/enterprise/pg_persist.py', 'maop/enterprise/quota.py', 'maop/enterprise/rbac.py', 'maop/enterprise/saml_handler.py', 'maop/enterprise/sso.py', 'maop/enterprise/sso_store.py', 'maop/enterprise/tenant.py', 'maop/enterprise/tls_auto.py']", "timestamp": "2026-09-13T16:27:03.627105+00:00"}
{"backend": "license", "requested": "enterprise", "fallback": "personal", "reason": "no_license_key", "timestamp": "2026-09-13T16:27:04.063161+00:00"}
{"backend": "integrity", "requested": "enterprise", "fallback": "personal", "reason": "integrity_check_failed:modified modules detected: ['maop/enterprise/audit.py', 'maop/enterprise/ha.py', 'maop/enterprise/license.py', 'maop/enterprise/license_manager.py', 'maop/enterprise/pg_persist.py', 'maop/enterprise/quota.py', 'maop/enterprise/rbac.py', 'maop/enterprise/saml_handler.py', 'maop/enterprise/sso.py', 'maop/enterprise/sso_store.py', 'maop/enterprise/tenant.py', 'maop/enterprise/tls_auto.py']", "timestamp": "2026-09-13T16:27:04.089346+00:00"}
{"backend": "license", "requested": "enterprise", "fallback": "personal", "reason": "no_license_key", "timestamp": "2026-09-13T16:27:04.273258+00:00"}
{"backend": "integrity", "requested": "enterprise", "fallback": "personal", "reason": "integrity_check_failed:modified modules detected: ['maop/enterprise/audit.py', 'maop/enterprise/ha.py', 'maop/enterprise/license.py', 'maop/enterprise/license_manager.py', 'maop/enterprise/pg_persist.py', 'maop/enterprise/quota.py', 'maop/enterprise/rbac.py', 'maop/enterprise/saml_handler.py', 'maop/enterprise/sso.py', 'maop/enterprise/sso_store.py', 'maop/enterprise/tenant.py', 'maop/enterprise/tls_auto.py']", "timestamp": "2026-09-13T16:27:04.300226+00:00"}
{"backend": "license", "requested": "enterprise", "fallback": "personal", "reason": "no_license_key", "timestamp": "2026-09-13T16:27:04.734938+00:00"}
{"backend": "integrity", "requested": "enterprise", "fallback": "personal", "reason": "integrity_check_failed:modified modules detected: ['maop/enterprise/audit.py', 'maop/enterprise/ha.py', 'maop/enterprise/license.py', 'maop/enterprise/license_manager.py', 'maop/enterprise/pg_persist.py', 'maop/enterprise/quota.py', 'maop/enterprise/rbac.py', 'maop/enterprise/saml_handler.py', 'maop/enterprise/sso.py', 'maop/enterprise/sso_store.py', 'maop/enterprise/tenant.py', 'maop/enterprise/tls_auto.py']", "timestamp": "2026-09-13T16:27:04.761768+00:00"}
{"backend": "license", "requested": "enterprise", "fallback": "personal", "reason": "no_license_key", "timestamp": "2026-09-13T16:27:04.937096+00:00"}
{"backend": "integrity", "requested": "enterprise", "fallback": "personal", "reason": "integrity_check_failed:modified modules detected: ['maop/enterprise/audit.py', 'maop/enterprise/ha.py', 'maop/enterprise/license.py', 'maop/enterprise/license_manager.py', 'maop/enterprise/pg_persist.py', 'maop/enterprise/quota.py', 'maop/enterprise/rbac.py', 'maop/enterprise/saml_handler.py', 'maop/enterprise/sso.py', 'maop/enterprise/sso_store.py', 'maop/enterprise/tenant.py', 'maop/enterprise/tls_auto.py']", "timestamp": "2026-09-13T16:27:04.973653+00:00"}
{"backend": "license", "requested": "enterprise", "fallback": "personal", "reason": "no_license_key", "timestamp": "2026-09-13T16:27:05.373876+00:00"}
{"backend": "integrity", "requested": "enterprise", "fallback": "personal", "reason": "integrity_check_failed:modified modules detected: ['maop/enterprise/audit.py', 'maop/enterprise/ha.py', 'maop/enterprise/license.py', 'maop/enterprise/license_manager.py', 'maop/enterprise/pg_persist.py', 'maop/enterprise/quota.py', 'maop/enterprise/rbac.py', 'maop/enterprise/saml_handler.py', 'maop/enterprise/sso.py', 'maop/enterprise/sso_store.py', 'maop/enterprise/tenant.py', 'maop/enterprise/tls_auto.py']", "timestamp": "2026-09-13T16:27:05.402550+00:00"}
{"backend": "license", "requested": "enterprise", "fallback": "personal", "reason": "no_license_key", "timestamp": "2026-09-13T16:27:05.621318+00:00"}
{"backend": "integrity", "requested": "enterprise", "fallback": "personal", "reason": "integrity_check_failed:modified modules detected: ['maop/enterprise/audit.py', 'maop/enterprise/ha.py', 'maop/enterprise/license.py', 'maop/enterprise/license_manager.py', 'maop/enterprise/pg_persist.py', 'maop/enterprise/quota.py', 'maop/enterprise/rbac.py', 'maop/enterprise/saml_handler.py', 'maop/enterprise/sso.py', 'maop/enterprise/sso_store.py', 'maop/enterprise/tenant.py', 'maop/enterprise/tls_auto.py']", "timestamp": "2026-09-13T16:27:05.651043+00:00"}
{"backend": "license", "requested": "enterprise", "fallback": "personal", "reason": "no_license_key", "timestamp": "2026-09-13T16:27:06.057349+00:00"}
{"backend": "integrity", "requested": "enterprise", "fallback": "personal", "reason": "integrity_check_failed:modified modules detected: ['maop/enterprise/audit.py', 'maop/enterprise/ha.py', 'maop/enterprise/license.py', 'maop/enterprise/license_manager.py', 'maop/enterprise/pg_persist.py', 'maop/enterprise/quota.py', 'maop/enterprise/rbac.py', 'maop/enterprise/saml_handler.py', 'maop/enterprise/sso.py', 'maop/enterprise/sso_store.py', 'maop/enterprise/tenant.py', 'maop/enterprise/tls_auto.py']", "timestamp": "2026-09-13T16:27:06.087260+00:00"}
{"backend": "license", "requested": "enterprise", "fallback": "personal", "reason": "no_license_key", "timestamp": "2026-09-13T16:27:06.188319+00:00"}
{"backend": "integrity", "requested": "enterprise", "fallback": "personal", "reason": "integrity_check_failed:modified modules detected: ['maop/enterprise/audit.py', 'maop/enterprise/ha.py', 'maop/enterprise/license.py', 'maop/enterprise/license_manager.py', 'maop/enterprise/pg_persist.py', 'maop/enterprise/quota.py', 'maop/enterprise/rbac.py', 'maop/enterprise/saml_handler.py', 'maop/enterprise/sso.py', 'maop/enterprise/sso_store.py', 'maop/enterprise/tenant.py', 'maop/enterprise/tls_auto.py']", "timestamp": "2026-09-13T16:27:06.215197+00:00"}
{"backend": "license", "requested": "enterprise", "fallback": "personal", "reason": "no_license_key", "timestamp": "2026-09-13T16:27:06.615760+00:00"}
{"backend": "integrity", "requested": "enterprise", "fallback": "personal", "reason": "integrity_check_failed:modified modules detected: ['maop/enterprise/audit.py', 'maop/enterprise/ha.py', 'maop/enterprise/license.py', 'maop/enterprise/license_manager.py', 'maop/enterprise/pg_persist.py', 'maop/enterprise/quota.py', 'maop/enterprise/rbac.py', 'maop/enterprise/saml_handler.py', 'maop/enterprise/sso.py', 'maop/enterprise/sso_store.py', 'maop/enterprise/tenant.py', 'maop/enterprise/tls_auto.py']", "timestamp": "2026-09-13T16:27:06.648974+00:00"}
{"backend": "license", "requested": "enterprise", "fallback": "personal", "reason": "no_license_key", "timestamp": "2026-09-13T16:27:06.764541+00:00"}
{"backend": "integrity", "requested": "enterprise", "fallback": "personal", "reason": "integrity_check_failed:modified modules detected: ['maop/enterprise/audit.py', 'maop/enterprise/ha.py', 'maop/enterprise/license.py', 'maop/enterprise/license_manager.py', 'maop/enterprise/pg_persist.py', 'maop/enterprise/quota.py', 'maop/enterprise/rbac.py', 'maop/enterprise/saml_handler.py', 'maop/enterprise/sso.py', 'maop/enterprise/sso_store.py', 'maop/enterprise/tenant.py', 'maop/enterprise/tls_auto.py']", "timestamp": "2026-09-13T16:27:06.790942+00:00"}
{"backend": "license", "requested": "enterprise", "fallback": "personal", "reason": "no_license_key", "timestamp": "2026-09-13T16:27:07.094614+00:00"}
{"backend": "integrity", "requested": "enterprise", "fallback": "personal", "reason": "integrity_check_failed:modified modules detected: ['maop/enterprise/audit.py', 'maop/enterprise/ha.py', 'maop/enterprise/license.py', 'maop/enterprise/license_manager.py', 'maop/enterprise/pg_persist.py', 'maop/enterprise/quota.py', 'maop/enterprise/rbac.py', 'maop/enterprise/saml_handler.py', 'maop/enterprise/sso.py', 'maop/enterprise/sso_store.py', 'maop/enterprise/tenant.py', 'maop/enterprise/tls_auto.py']", "timestamp": "2026-09-13T16:27:07.121426+00:00"}
{"backend": "license", "requested": "enterprise", "fallback": "personal", "reason": "no_license_key", "timestamp": "2026-09-13T16:27:19.863482+00:00"}
{"backend": "integrity", "requested": "enterprise", "fallback": "personal", "reason": "integrity_check_failed:modified modules detected: ['maop/enterprise/audit.py', 'maop/enterprise/ha.py', 'maop/enterprise/license.py', 'maop/enterprise/license_manager.py', 'maop/enterprise/pg_persist.py', 'maop/enterprise/quota.py', 'maop/enterprise/rbac.py', 'maop/enterprise/saml_handler.py', 'maop/enterprise/sso.py', 'maop/enterprise/sso_store.py', 'maop/enterprise/tenant.py', 'maop/enterprise/tls_auto.py']", "timestamp": "2026-09-13T16:27:19.882207+00:00"}
{"backend": "license", "requested": "enterprise", "fallback": "personal", "reason": "no_license_key", "timestamp": "2026-09-13T16:27:54.881769+00:00"}
{"backend": "integrity", "requested": "enterprise", "fallback": "personal", "reason": "integrity_check_failed:modified modules detected: ['maop/enterprise/audit.py', 'maop/enterprise/ha.py', 'maop/enterprise/license.py', 'maop/enterprise/license_manager.py', 'maop/enterprise/pg_persist.py', 'maop/enterprise/quota.py', 'maop/enterprise/rbac.py', 'maop/enterprise/saml_handler.py', 'maop/enterprise/sso.py', 'maop/enterprise/sso_store.py', 'maop/enterprise/tenant.py', 'maop/enterprise/tls_auto.py']", "timestamp": "2026-09-13T16:27:54.899238+00:00"}
{"backend": "license", "requested": "enterprise", "fallback": "personal", "reason": "license_invalid", "timestamp": "2026-09-13T16:28:44.622050+00:00"}
{"backend": "cache", "requested": "redis", "fallback": "memory", "reason": "import_error", "timestamp": "2026-09-13T16:28:44.624222+00:00"}
{"backend": "license", "requested": "enterprise", "fallback": "personal", "reason": "license_invalid", "timestamp": "2026-09-13T16:28:44.633029+00:00"}
{"backend": "license", "requested": "enterprise", "fallback": "personal", "reason": "license_invalid", "timestamp": "2026-09-13T16:28:44.638898+00:00"}
{"backend": "queue", "requested": "redis", "fallback": "sqlite", "reason": "import_error", "timestamp": "2026-09-13T16:28:44.640686+00:00"}
{"backend": "license", "requested": "enterprise", "fallback": "personal", "reason": "license_invalid", "timestamp": "2026-09-13T16:28:44.715898+00:00"}
{"backend": "kv", "requested": "etcd", "fallback": "sqlite", "reason": "unavailable_etcd", "timestamp": "2026-09-13T16:28:44.716918+00:00"}
{"backend": "license", "requested": "enterprise", "fallback": "personal", "reason": "license_invalid", "timestamp": "2026-09-13T16:28:44.739667+00:00"}
{"backend": "cache", "requested": "redis", "fallback": "memory", "reason": "import_error", "timestamp": "2026-09-13T16:28:44.741187+00:00"}
{"backend": "queue", "requested": "redis", "fallback": "sqlite", "reason": "import_error", "timestamp": "2026-09-13T16:28:44.742516+00:00"}
{"backend": "kv", "requested": "etcd", "fallback": "sqlite", "reason": "unavailable_etcd", "timestamp": "2026-09-13T16:28:44.763067+00:00"}
{"backend": "license", "requested": "enterprise", "fallback": "personal", "reason": "no_license_key", "timestamp": "2026-09-13T16:28:46.435647+00:00"}
{"backend": "integrity", "requested": "enterprise", "fallback": "personal", "reason": "integrity_check_failed:modified modules detected: ['maop/enterprise/audit.py', 'maop/enterprise/ha.py', 'maop/enterprise/license.py', 'maop/enterprise/license_manager.py', 'maop/enterprise/pg_persist.py', 'maop/enterprise/quota.py', 'maop/enterprise/rbac.py', 'maop/enterprise/saml_handler.py', 'maop/enterprise/sso.py', 'maop/enterprise/sso_store.py', 'maop/enterprise/tenant.py', 'maop/enterprise/tls_auto.py']", "timestamp": "2026-09-13T16:28:46.451620+00:00"}
{"backend": "license", "requested": "enterprise", "fallback": "personal", "reason": "license_invalid", "timestamp": "2026-09-13T16:28:46.765234+00:00"}
{"backend": "storage", "requested": "postgresql", "fallback": "memory", "reason": "import_error", "timestamp": "2026-09-13T16:28:49.227079+00:00"}
{"backend": "license", "requested": "enterprise", "fallback": "personal", "reason": "no_license_key", "timestamp": "2026-09-13T16:29:17.298708+00:00"}
{"backend": "integrity", "requested": "enterprise", "fallback": "personal", "reason": "integrity_check_failed:modified modules detected: ['maop/enterprise/audit.py', 'maop/enterprise/ha.py', 'maop/enterprise/license.py', 'maop/enterprise/license_manager.py', 'maop/enterprise/pg_persist.py', 'maop/enterprise/quota.py', 'maop/enterprise/rbac.py', 'maop/enterprise/saml_handler.py', 'maop/enterprise/sso.py', 'maop/enterprise/sso_store.py', 'maop/enterprise/tenant.py', 'maop/enterprise/tls_auto.py']", "timestamp": "2026-09-13T16:29:17.312745+00:00"}
{"backend": "license", "requested": "enterprise", "fallback": "personal", "reason": "license_invalid", "timestamp": "2026-09-13T16:29:22.084455+00:00"}
{"backend": "license", "requested": "enterprise", "fallback": "personal", "reason": "no_license_key", "timestamp": "2026-09-13T16:29:49.765588+00:00"}
{"backend": "integrity", "requested": "enterprise", "fallback": "personal", "reason": "integrity_check_failed:modified modules detected: ['maop/enterprise/audit.py', 'maop/enterprise/ha.py', 'maop/enterprise/license.py', 'maop/enterprise/license_manager.py', 'maop/enterprise/pg_persist.py', 'maop/enterprise/quota.py', 'maop/enterprise/rbac.py', 'maop/enterprise/saml_handler.py', 'maop/enterprise/sso.py', 'maop/enterprise/sso_store.py', 'maop/enterprise/tenant.py', 'maop/enterprise/tls_auto.py']", "timestamp": "2026-09-13T16:29:49.779988+00:00"}
{"backend": "storage", "requested": "postgresql", "fallback": "sqlite", "reason": "import_error", "timestamp": "2026-09-13T16:30:23.838731+00:00"}
{"backend": "cache", "requested": "redis", "fallback": "memory", "reason": "import_error", "timestamp": "2026-09-13T16:30:23.844978+00:00"}
{"backend": "queue", "requested": "rabbitmq", "fallback": "redis", "reason": "unavailable_rabbitmq", "timestamp": "2026-09-13T16:30:23.860510+00:00"}
{"backend": "queue", "requested": "redis", "fallback": "sqlite", "reason": "redis_unavailable", "timestamp": "2026-09-13T16:30:23.861683+00:00"}
{"backend": "secret", "requested": "vault", "fallback": "local", "reason": "unavailable_vault", "timestamp": "2026-09-13T16:30:23.896948+00:00"}
{"backend": "license", "requested": "enterprise", "fallback": "personal", "reason": "license_invalid", "timestamp": "2026-09-13T16:30:23.927525+00:00"}
{"backend": "queue", "requested": "rabbitmq", "fallback": "redis", "reason": "unavailable_rabbitmq", "timestamp": "2026-09-13T16:30:23.933823+00:00"}
{"backend": "queue", "requested": "redis", "fallback": "sqlite", "reason": "redis_unavailable", "timestamp": "2026-09-13T16:30:23.935011+00:00"}
{"backend": "queue", "requested": "rabbitmq", "fallback": "redis", "reason": "unavailable_rabbitmq", "timestamp": "2026-09-13T16:30:23.966671+00:00"}
{"backend": "queue", "requested": "redis", "fallback": "sqlite", "reason": "redis_unavailable", "timestamp": "2026-09-13T16:30:23.967771+00:00"}
{"backend": "kv", "requested": "etcd", "fallback": "sqlite", "reason": "unavailable_etcd", "timestamp": "2026-09-13T16:30:23.996838+00:00"}
{"backend": "kv", "requested": "consul", "fallback": "sqlite", "reason": "unavailable_etcd", "timestamp": "2026-09-13T16:30:24.009063+00:00"}
{"backend": "kv", "requested": "etcd", "fallback": "sqlite", "reason": "unavailable_etcd", "timestamp": "2026-09-13T16:30:24.022686+00:00"}
{"backend": "secret", "requested": "vault", "fallback": "local", "reason": "unavailable_vault", "timestamp": "2026-09-13T16:30:24.481952+00:00"}
{"backend": "license", "requested": "enterprise", "fallback": "personal", "reason": "no_license_key", "timestamp": "2026-09-13T16:30:38.867890+00:00"}
{"backend": "integrity", "requested": "enterprise", "fallback": "personal", "reason": "integrity_check_failed:modified modules detected: ['maop/enterprise/audit.py', 'maop/enterprise/ha.py', 'maop/enterprise/license.py', 'maop/enterprise/license_manager.py', 'maop/enterprise/pg_persist.py', 'maop/enterprise/quota.py', 'maop/enterprise/rbac.py', 'maop/enterprise/saml_handler.py', 'maop/enterprise/sso.py', 'maop/enterprise/sso_store.py', 'maop/enterprise/tenant.py', 'maop/enterprise/tls_auto.py']", "timestamp": "2026-09-13T16:30:38.884869+00:00"}
{"backend": "license", "requested": "enterprise", "fallback": "personal", "reason": "license_invalid", "timestamp": "2026-09-13T16:31:32.755252+00:00"}
{"backend": "cache", "requested": "redis", "fallback": "memory", "reason": "import_error", "timestamp": "2026-09-13T16:31:32.756980+00:00"}
{"backend": "license", "requested": "enterprise", "fallback": "personal", "reason": "license_invalid", "timestamp": "2026-09-13T16:31:32.766561+00:00"}
{"backend": "license", "requested": "enterprise", "fallback": "personal", "reason": "license_invalid", "timestamp": "2026-09-13T16:31:32.772125+00:00"}
{"backend": "queue", "requested": "redis", "fallback": "sqlite", "reason": "import_error", "timestamp": "2026-09-13T16:31:32.773376+00:00"}
{"backend": "license", "requested": "enterprise", "fallback": "personal", "reason": "license_invalid", "timestamp": "2026-09-13T16:31:32.841708+00:00"}
{"backend": "kv", "requested": "etcd", "fallback": "sqlite", "reason": "unavailable_etcd", "timestamp": "2026-09-13T16:31:32.842932+00:00"}
{"backend": "license", "requested": "enterprise", "fallback": "personal", "reason": "license_invalid", "timestamp": "2026-09-13T16:31:32.860115+00:00"}
{"backend": "cache", "requested": "redis", "fallback": "memory", "reason": "import_error", "timestamp": "2026-09-13T16:31:32.861348+00:00"}
{"backend": "queue", "requested": "redis", "fallback": "sqlite", "reason": "import_error", "timestamp": "2026-09-13T16:31:32.862262+00:00"}
{"backend": "kv", "requested": "etcd", "fallback": "sqlite", "reason": "unavailable_etcd", "timestamp": "2026-09-13T16:31:32.884819+00:00"}
{"backend": "license", "requested": "enterprise", "fallback": "personal", "reason": "license_invalid", "timestamp": "2026-09-13T16:31:34.942482+00:00"}
{"backend": "storage", "requested": "postgresql", "fallback": "sqlite", "reason": "import_error", "timestamp": "2026-09-13T16:32:16.756747+00:00"}
{"backend": "storage", "requested": "postgresql", "fallback": "sqlite", "reason": "import_error", "timestamp": "2026-09-13T16:32:16.761802+00:00"}
{"backend": "cache", "requested": "redis", "fallback": "memory", "reason": "import_error", "timestamp": "2026-09-13T16:32:16.763006+00:00"}
{"backend": "queue", "requested": "rabbitmq", "fallback": "sqlite", "reason": "import_error", "timestamp": "2026-09-13T16:32:16.767081+00:00"}
{"backend": "license", "requested": "enterprise", "fallback": "personal", "reason": "license_invalid", "timestamp": "2026-09-13T16:32:16.769185+00:00"}
{"backend": "storage", "requested": "postgresql", "fallback": "sqlite", "reason": "import_error", "timestamp": "2026-09-13T16:32:16.774087+00:00"}
{"backend": "license", "requested": "enterprise", "fallback": "personal", "reason": "license_invalid", "timestamp": "2026-09-13T16:32:16.829970+00:00"}
{"backend": "license", "requested": "enterprise", "fallback": "personal", "reason": "license_invalid", "timestamp": "2026-09-13T16:32:16.850347+00:00"}
{"backend": "license", "requested": "enterprise", "fallback": "personal", "reason": "license_invalid", "timestamp": "2026-09-13T16:32:16.869665+00:00"}
{"backend": "license", "requested": "enterprise", "fallback": "personal", "reason": "license_invalid", "timestamp": "2026-09-13T16:32:16.986286+00:00"}
{"backend": "license", "requested": "enterprise", "fallback": "personal", "reason": "license_invalid", "timestamp": "2026-09-13T16:32:17.006665+00:00"}
{"backend": "license", "requested": "enterprise", "fallback": "personal", "reason": "license_invalid", "timestamp": "2026-09-13T16:32:17.023979+00:00"}
{"backend": "license", "requested": "enterprise", "fallback": "personal", "reason": "license_invalid", "timestamp": "2026-09-13T16:32:19.712833+00:00"}
{"backend": "license", "requested": "enterprise", "fallback": "personal", "reason": "license_invalid", "timestamp": "2026-09-13T16:32:22.343926+00:00"}
{"backend": "storage", "requested": "postgresql", "fallback": "memory", "reason": "import_error", "timestamp": "2026-09-13T16:32:27.975982+00:00"}
{"backend": "storage", "requested": "postgresql", "fallback": "sqlite", "reason": "import_error", "timestamp": "2026-09-13T16:33:12.131715+00:00"}
{"backend": "cache", "requested": "redis", "fallback": "memory", "reason": "import_error", "timestamp": "2026-09-13T16:33:12.136734+00:00"}
{"backend": "queue", "requested": "rabbitmq", "fallback": "redis", "reason": "unavailable_rabbitmq", "timestamp": "2026-09-13T16:33:12.150006+00:00"}
{"backend": "queue", "requested": "redis", "fallback": "sqlite", "reason": "redis_unavailable", "timestamp": "2026-09-13T16:33:12.151018+00:00"}
{"backend": "secret", "requested": "vault", "fallback": "local", "reason": "unavailable_vault", "timestamp": "2026-09-13T16:33:12.186264+00:00"}
{"backend": "license", "requested": "enterprise", "fallback": "personal", "reason": "license_invalid", "timestamp": "2026-09-13T16:33:12.214731+00:00"}
{"backend": "queue", "requested": "rabbitmq", "fallback": "redis", "reason": "unavailable_rabbitmq", "timestamp": "2026-09-13T16:33:12.221569+00:00"}
{"backend": "queue", "requested": "redis", "fallback": "sqlite", "reason": "redis_unavailable", "timestamp": "2026-09-13T16:33:12.222855+00:00"}
{"backend": "queue", "requested": "rabbitmq", "fallback": "redis", "reason": "unavailable_rabbitmq", "timestamp": "2026-09-13T16:33:12.252874+00:00"}
{"backend": "queue", "requested": "redis", "fallback": "sqlite", "reason": "redis_unavailable", "timestamp": "2026-09-13T16:33:12.254034+00:00"}
{"backend": "kv", "requested": "etcd", "fallback": "sqlite", "reason": "unavailable_etcd", "timestamp": "2026-09-13T16:33:12.287222+00:00"}
{"backend": "kv", "requested": "consul", "fallback": "sqlite", "reason": "unavailable_etcd", "timestamp": "2026-09-13T16:33:12.303463+00:00"}
{"backend": "kv", "requested": "etcd", "fallback": "sqlite", "reason": "unavailable_etcd", "timestamp": "2026-09-13T16:33:12.318698+00:00"}
{"backend": "secret", "requested": "vault", "fallback": "local", "reason": "unavailable_vault", "timestamp": "2026-09-13T16:33:12.736420+00:00"}
{"backend": "license", "requested": "enterprise", "fallback": "personal", "reason": "license_invalid", "timestamp": "2026-09-13T16:33:33.529010+00:00"}
{"backend": "storage", "requested": "postgresql", "fallback": "sqlite", "reason": "import_error", "timestamp": "2026-09-13T16:35:01.395216+00:00"}
{"backend": "storage", "requested": "postgresql", "fallback": "sqlite", "reason": "import_error", "timestamp": "2026-09-13T16:35:01.399879+00:00"}
{"backend": "cache", "requested": "redis", "fallback": "memory", "reason": "import_error", "timestamp": "2026-09-13T16:35:01.401097+00:00"}
{"backend": "queue", "requested": "rabbitmq", "fallback": "sqlite", "reason": "import_error", "timestamp": "2026-09-13T16:35:01.406524+00:00"}
{"backend": "license", "requested": "enterprise", "fallback": "personal", "reason": "license_invalid", "timestamp": "2026-09-13T16:35:01.408604+00:00"}
{"backend": "storage", "requested": "postgresql", "fallback": "sqlite", "reason": "import_error", "timestamp": "2026-09-13T16:35:01.413758+00:00"}
{"backend": "license", "requested": "enterprise", "fallback": "personal", "reason": "license_invalid", "timestamp": "2026-09-13T16:35:01.465058+00:00"}
{"backend": "license", "requested": "enterprise", "fallback": "personal", "reason": "license_invalid", "timestamp": "2026-09-13T16:35:01.486027+00:00"}
{"backend": "license", "requested": "enterprise", "fallback": "personal", "reason": "license_invalid", "timestamp": "2026-09-13T16:35:01.506462+00:00"}
{"backend": "license", "requested": "enterprise", "fallback": "personal", "reason": "license_invalid", "timestamp": "2026-09-13T16:35:01.584304+00:00"}
{"backend": "license", "requested": "enterprise", "fallback": "personal", "reason": "license_invalid", "timestamp": "2026-09-13T16:35:01.600756+00:00"}
{"backend": "license", "requested": "enterprise", "fallback": "personal", "reason": "license_invalid", "timestamp": "2026-09-13T16:35:01.619040+00:00"}
{"backend": "license", "requested": "enterprise", "fallback": "personal", "reason": "license_invalid", "timestamp": "2026-09-13T16:35:03.938732+00:00"}
{"backend": "license", "requested": "enterprise", "fallback": "personal", "reason": "license_invalid", "timestamp": "2026-09-13T16:35:06.324942+00:00"}
{"backend": "storage", "requested": "postgresql", "fallback": "memory", "reason": "import_error", "timestamp": "2026-09-13T16:35:11.822548+00:00"}
{"backend": "license", "requested": "enterprise", "fallback": "personal", "reason": "license_invalid", "timestamp": "2026-09-13T16:35:49.380541+00:00"}
{"backend": "license", "requested": "enterprise", "fallback": "personal", "reason": "license_invalid", "timestamp": "2026-09-13T16:36:02.293901+00:00"}
{"backend": "license", "requested": "enterprise", "fallback": "personal", "reason": "no_license_key", "timestamp": "2026-09-13T16:38:12.063011+00:00"}
{"backend": "integrity", "requested": "enterprise", "fallback": "personal", "reason": "integrity_check_failed:modified modules detected: ['maop/enterprise/audit.py', 'maop/enterprise/ha.py', 'maop/enterprise/license.py', 'maop/enterprise/license_manager.py', 'maop/enterprise/pg_persist.py', 'maop/enterprise/quota.py', 'maop/enterprise/rbac.py', 'maop/enterprise/saml_handler.py', 'maop/enterprise/sso.py', 'maop/enterprise/sso_store.py', 'maop/enterprise/tenant.py', 'maop/enterprise/tls_auto.py']", "timestamp": "2026-09-13T16:38:12.078375+00:00"}
{"backend": "license", "requested": "enterprise", "fallback": "personal", "reason": "license_invalid", "timestamp": "2026-09-13T16:38:16.838136+00:00"}
{"backend": "license", "requested": "enterprise", "fallback": "personal", "reason": "no_license_key", "timestamp": "2026-09-13T16:38:43.902372+00:00"}
{"backend": "integrity", "requested": "enterprise", "fallback": "personal", "reason": "integrity_check_failed:modified modules detected: ['maop/enterprise/audit.py', 'maop/enterprise/ha.py', 'maop/enterprise/license.py', 'maop/enterprise/license_manager.py', 'maop/enterprise/pg_persist.py', 'maop/enterprise/quota.py', 'maop/enterprise/rbac.py', 'maop/enterprise/saml_handler.py', 'maop/enterprise/sso.py', 'maop/enterprise/sso_store.py', 'maop/enterprise/tenant.py', 'maop/enterprise/tls_auto.py']", "timestamp": "2026-09-13T16:38:43.917840+00:00"}
{"backend": "license", "requested": "enterprise", "fallback": "personal", "reason": "no_license_key", "timestamp": "2026-09-13T16:39:09.753709+00:00"}
{"backend": "integrity", "requested": "enterprise", "fallback": "personal", "reason": "integrity_check_failed:modified modules detected: ['maop/enterprise/audit.py', 'maop/enterprise/ha.py', 'maop/enterprise/license.py', 'maop/enterprise/license_manager.py', 'maop/enterprise/pg_persist.py', 'maop/enterprise/quota.py', 'maop/enterprise/rbac.py', 'maop/enterprise/saml_handler.py', 'maop/enterprise/sso.py', 'maop/enterprise/sso_store.py', 'maop/enterprise/tenant.py', 'maop/enterprise/tls_auto.py']", "timestamp": "2026-09-13T16:39:09.770306+00:00"}
{"backend": "license", "requested": "enterprise", "fallback": "personal", "reason": "no_license_key", "timestamp": "2026-09-13T16:39:48.067553+00:00"}
{"backend": "integrity", "requested": "enterprise", "fallback": "personal", "reason": "integrity_check_failed:modified modules detected: ['maop/enterprise/audit.py', 'maop/enterprise/ha.py', 'maop/enterprise/license.py', 'maop/enterprise/license_manager.py', 'maop/enterprise/pg_persist.py', 'maop/enterprise/quota.py', 'maop/enterprise/rbac.py', 'maop/enterprise/saml_handler.py', 'maop/enterprise/sso.py', 'maop/enterprise/sso_store.py', 'maop/enterprise/tenant.py', 'maop/enterprise/tls_auto.py']", "timestamp": "2026-09-13T16:39:48.081828+00:00"}
{"backend": "license", "requested": "enterprise", "fallback": "personal", "reason": "no_license_key", "timestamp": "2026-09-13T16:40:13.861264+00:00"}
{"backend": "integrity", "requested": "enterprise", "fallback": "personal", "reason": "integrity_check_failed:modified modules detected: ['maop/enterprise/audit.py', 'maop/enterprise/ha.py', 'maop/enterprise/license.py', 'maop/enterprise/license_manager.py', 'maop/enterprise/pg_persist.py', 'maop/enterprise/quota.py', 'maop/enterprise/rbac.py', 'maop/enterprise/saml_handler.py', 'maop/enterprise/sso.py', 'maop/enterprise/sso_store.py', 'maop/enterprise/tenant.py', 'maop/enterprise/tls_auto.py']", "timestamp": "2026-09-13T16:40:13.875126+00:00"}
{"backend": "license", "requested": "enterprise", "fallback": "personal", "reason": "no_license_key", "timestamp": "2026-09-13T16:41:03.307674+00:00"}
{"backend": "integrity", "requested": "enterprise", "fallback": "personal", "reason": "integrity_check_failed:modified modules detected: ['maop/enterprise/audit.py', 'maop/enterprise/ha.py', 'maop/enterprise/license.py', 'maop/enterprise/license_manager.py', 'maop/enterprise/pg_persist.py', 'maop/enterprise/quota.py', 'maop/enterprise/rbac.py', 'maop/enterprise/saml_handler.py', 'maop/enterprise/sso.py', 'maop/enterprise/sso_store.py', 'maop/enterprise/tenant.py', 'maop/enterprise/tls_auto.py']", "timestamp": "2026-09-13T16:41:03.323747+00:00"}
{"backend": "license", "requested": "enterprise", "fallback": "personal", "reason": "no_license_key", "timestamp": "2026-09-13T16:41:09.012466+00:00"}
{"backend": "integrity", "requested": "enterprise", "fallback": "personal", "reason": "integrity_check_failed:modified modules detected: ['maop/enterprise/audit.py', 'maop/enterprise/ha.py', 'maop/enterprise/license.py', 'maop/enterprise/license_manager.py', 'maop/enterprise/pg_persist.py', 'maop/enterprise/quota.py', 'maop/enterprise/rbac.py', 'maop/enterprise/saml_handler.py', 'maop/enterprise/sso.py', 'maop/enterprise/sso_store.py', 'maop/enterprise/tenant.py', 'maop/enterprise/tls_auto.py']", "timestamp": "2026-09-13T16:41:09.036410+00:00"}
{"backend": "license", "requested": "enterprise", "fallback": "personal", "reason": "no_license_key", "timestamp": "2026-09-13T16:41:11.637229+00:00"}
{"backend": "integrity", "requested": "enterprise", "fallback": "personal", "reason": "integrity_check_failed:modified modules detected: ['maop/enterprise/audit.py', 'maop/enterprise/ha.py', 'maop/enterprise/license.py', 'maop/enterprise/license_manager.py', 'maop/enterprise/pg_persist.py', 'maop/enterprise/quota.py', 'maop/enterprise/rbac.py', 'maop/enterprise/saml_handler.py', 'maop/enterprise/sso.py', 'maop/enterprise/sso_store.py', 'maop/enterprise/tenant.py', 'maop/enterprise/tls_auto.py']", "timestamp": "2026-09-13T16:41:11.664463+00:00"}
{"backend": "license", "requested": "enterprise", "fallback": "personal", "reason": "no_license_key", "timestamp": "2026-09-13T16:41:11.909055+00:00"}
{"backend": "integrity", "requested": "enterprise", "fallback": "personal", "reason": "integrity_check_failed:modified modules detected: ['maop/enterprise/audit.py', 'maop/enterprise/ha.py', 'maop/enterprise/license.py', 'maop/enterprise/license_manager.py', 'maop/enterprise/pg_persist.py', 'maop/enterprise/quota.py', 'maop/enterprise/rbac.py', 'maop/enterprise/saml_handler.py', 'maop/enterprise/sso.py', 'maop/enterprise/sso_store.py', 'maop/enterprise/tenant.py', 'maop/enterprise/tls_auto.py']", "timestamp": "2026-09-13T16:41:11.938597+00:00"}
{"backend": "license", "requested": "enterprise", "fallback": "personal", "reason": "no_license_key", "timestamp": "2026-09-13T16:41:12.354004+00:00"}
{"backend": "integrity", "requested": "enterprise", "fallback": "personal", "reason": "integrity_check_failed:modified modules detected: ['maop/enterprise/audit.py', 'maop/enterprise/ha.py', 'maop/enterprise/license.py', 'maop/enterprise/license_manager.py', 'maop/enterprise/pg_persist.py', 'maop/enterprise/quota.py', 'maop/enterprise/rbac.py', 'maop/enterprise/saml_handler.py', 'maop/enterprise/sso.py', 'maop/enterprise/sso_store.py', 'maop/enterprise/tenant.py', 'maop/enterprise/tls_auto.py']", "timestamp": "2026-09-13T16:41:12.381065+00:00"}
{"backend": "license", "requested": "enterprise", "fallback": "personal", "reason": "no_license_key", "timestamp": "2026-09-13T16:41:12.562720+00:00"}
{"backend": "integrity", "requested": "enterprise", "fallback": "personal", "reason": "integrity_check_failed:modified modules detected: ['maop/enterprise/audit.py', 'maop/enterprise/ha.py', 'maop/enterprise/license.py', 'maop/enterprise/license_manager.py', 'maop/enterprise/pg_persist.py', 'maop/enterprise/quota.py', 'maop/enterprise/rbac.py', 'maop/enterprise/saml_handler.py', 'maop/enterprise/sso.py', 'maop/enterprise/sso_store.py', 'maop/enterprise/tenant.py', 'maop/enterprise/tls_auto.py']", "timestamp": "2026-09-13T16:41:12.593041+00:00"}
{"backend": "license", "requested": "enterprise", "fallback": "personal", "reason": "no_license_key", "timestamp": "2026-09-13T16:41:13.052873+00:00"}
{"backend": "integrity", "requested": "enterprise", "fallback": "personal", "reason": "integrity_check_failed:modified modules detected: ['maop/enterprise/audit.py', 'maop/enterprise/ha.py', 'maop/enterprise/license.py', 'maop/enterprise/license_manager.py', 'maop/enterprise/pg_persist.py', 'maop/enterprise/quota.py', 'maop/enterprise/rbac.py', 'maop/enterprise/saml_handler.py', 'maop/enterprise/sso.py', 'maop/enterprise/sso_store.py', 'maop/enterprise/tenant.py', 'maop/enterprise/tls_auto.py']", "timestamp": "2026-09-13T16:41:13.078819+00:00"}
{"backend": "license", "requested": "enterprise", "fallback": "personal", "reason": "no_license_key", "timestamp": "2026-09-13T16:41:13.279662+00:00"}
{"backend": "integrity", "requested": "enterprise", "fallback": "personal", "reason": "integrity_check_failed:modified modules detected: ['maop/enterprise/audit.py', 'maop/enterprise/ha.py', 'maop/enterprise/license.py', 'maop/enterprise/license_manager.py', 'maop/enterprise/pg_persist.py', 'maop/enterprise/quota.py', 'maop/enterprise/rbac.py', 'maop/enterprise/saml_handler.py', 'maop/enterprise/sso.py', 'maop/enterprise/sso_store.py', 'maop/enterprise/tenant.py', 'maop/enterprise/tls_auto.py']", "timestamp": "2026-09-13T16:41:13.308567+00:00"}
{"backend": "license", "requested": "enterprise", "fallback": "personal", "reason": "no_license_key", "timestamp": "2026-09-13T16:41:13.617834+00:00"}
{"backend": "integrity", "requested": "enterprise", "fallback": "personal", "reason": "integrity_check_failed:modified modules detected: ['maop/enterprise/audit.py', 'maop/enterprise/ha.py', 'maop/enterprise/license.py', 'maop/enterprise/license_manager.py', 'maop/enterprise/pg_persist.py', 'maop/enterprise/quota.py', 'maop/enterprise/rbac.py', 'maop/enterprise/saml_handler.py', 'maop/enterprise/sso.py', 'maop/enterprise/sso_store.py', 'maop/enterprise/tenant.py', 'maop/enterprise/tls_auto.py']", "timestamp": "2026-09-13T16:41:13.644156+00:00"}
{"backend": "license", "requested": "enterprise", "fallback": "personal", "reason": "no_license_key", "timestamp": "2026-09-13T16:41:13.888224+00:00"}
{"backend": "integrity", "requested": "enterprise", "fallback": "personal", "reason": "integrity_check_failed:modified modules detected: ['maop/enterprise/audit.py', 'maop/enterprise/ha.py', 'maop/enterprise/license.py', 'maop/enterprise/license_manager.py', 'maop/enterprise/pg_persist.py', 'maop/enterprise/quota.py', 'maop/enterprise/rbac.py', 'maop/enterprise/saml_handler.py', 'maop/enterprise/sso.py', 'maop/enterprise/sso_store.py', 'maop/enterprise/tenant.py', 'maop/enterprise/tls_auto.py']", "timestamp": "2026-09-13T16:41:13.915509+00:00"}
{"backend": "license", "requested": "enterprise", "fallback": "personal", "reason": "no_license_key", "timestamp": "2026-09-13T16:41:14.384967+00:00"}
{"backend": "integrity", "requested": "enterprise", "fallback": "personal", "reason": "integrity_check_failed:modified modules detected: ['maop/enterprise/audit.py', 'maop/enterprise/ha.py', 'maop/enterprise/license.py', 'maop/enterprise/license_manager.py', 'maop/enterprise/pg_persist.py', 'maop/enterprise/quota.py', 'maop/enterprise/rbac.py', 'maop/enterprise/saml_handler.py', 'maop/enterprise/sso.py', 'maop/enterprise/sso_store.py', 'maop/enterprise/tenant.py', 'maop/enterprise/tls_auto.py']", "timestamp": "2026-09-13T16:41:14.423348+00:00"}
{"backend": "license", "requested": "enterprise", "fallback": "personal", "reason": "no_license_key", "timestamp": "2026-09-13T16:41:14.552716+00:00"}
{"backend": "integrity", "requested": "enterprise", "fallback": "personal", "reason": "integrity_check_failed:modified modules detected: ['maop/enterprise/audit.py', 'maop/enterprise/ha.py', 'maop/enterprise/license.py', 'maop/enterprise/license_manager.py', 'maop/enterprise/pg_persist.py', 'maop/enterprise/quota.py', 'maop/enterprise/rbac.py', 'maop/enterprise/saml_handler.py', 'maop/enterprise/sso.py', 'maop/enterprise/sso_store.py', 'maop/enterprise/tenant.py', 'maop/enterprise/tls_auto.py']", "timestamp": "2026-09-13T16:41:14.580979+00:00"}
{"backend": "license", "requested": "enterprise", "fallback": "personal", "reason": "no_license_key", "timestamp": "2026-09-13T16:41:14.994921+00:00"}
{"backend": "integrity", "requested": "enterprise", "fallback": "personal", "reason": "integrity_check_failed:modified modules detected: ['maop/enterprise/audit.py', 'maop/enterprise/ha.py', 'maop/enterprise/license.py', 'maop/enterprise/license_manager.py', 'maop/enterprise/pg_persist.py', 'maop/enterprise/quota.py', 'maop/enterprise/rbac.py', 'maop/enterprise/saml_handler.py', 'maop/enterprise/sso.py', 'maop/enterprise/sso_store.py', 'maop/enterprise/tenant.py', 'maop/enterprise/tls_auto.py']", "timestamp": "2026-09-13T16:41:15.022103+00:00"}
{"backend": "license", "requested": "enterprise", "fallback": "personal", "reason": "no_license_key", "timestamp": "2026-09-13T16:41:15.192058+00:00"}
{"backend": "integrity", "requested": "enterprise", "fallback": "personal", "reason": "integrity_check_failed:modified modules detected: ['maop/enterprise/audit.py', 'maop/enterprise/ha.py', 'maop/enterprise/license.py', 'maop/enterprise/license_manager.py', 'maop/enterprise/pg_persist.py', 'maop/enterprise/quota.py', 'maop/enterprise/rbac.py', 'maop/enterprise/saml_handler.py', 'maop/enterprise/sso.py', 'maop/enterprise/sso_store.py', 'maop/enterprise/tenant.py', 'maop/enterprise/tls_auto.py']", "timestamp": "2026-09-13T16:41:15.220991+00:00"}
{"backend": "license", "requested": "enterprise", "fallback": "personal", "reason": "no_license_key", "timestamp": "2026-09-13T16:41:15.724046+00:00"}
{"backend": "integrity", "requested": "enterprise", "fallback": "personal", "reason": "integrity_check_failed:modified modules detected: ['maop/enterprise/audit.py', 'maop/enterprise/ha.py', 'maop/enterprise/license.py', 'maop/enterprise/license_manager.py', 'maop/enterprise/pg_persist.py', 'maop/enterprise/quota.py', 'maop/enterprise/rbac.py', 'maop/enterprise/saml_handler.py', 'maop/enterprise/sso.py', 'maop/enterprise/sso_store.py', 'maop/enterprise/tenant.py', 'maop/enterprise/tls_auto.py']", "timestamp": "2026-09-13T16:41:15.763836+00:00"}
{"backend": "license", "requested": "enterprise", "fallback": "personal", "reason": "no_license_key", "timestamp": "2026-09-13T16:41:15.914699+00:00"}
{"backend": "integrity", "requested": "enterprise", "fallback": "personal", "reason": "integrity_check_failed:modified modules detected: ['maop/enterprise/audit.py', 'maop/enterprise/ha.py', 'maop/enterprise/license.py', 'maop/enterprise/license_manager.py', 'maop/enterprise/pg_persist.py', 'maop/enterprise/quota.py', 'maop/enterprise/rbac.py', 'maop/enterprise/saml_handler.py', 'maop/enterprise/sso.py', 'maop/enterprise/sso_store.py', 'maop/enterprise/tenant.py', 'maop/enterprise/tls_auto.py']", "timestamp": "2026-09-13T16:41:15.949666+00:00"}
{"backend": "license", "requested": "enterprise", "fallback": "personal", "reason": "no_license_key", "timestamp": "2026-09-13T16:41:16.332121+00:00"}
{"backend": "integrity", "requested": "enterprise", "fallback": "personal", "reason": "integrity_check_failed:modified modules detected: ['maop/enterprise/audit.py', 'maop/enterprise/ha.py', 'maop/enterprise/license.py', 'maop/enterprise/license_manager.py', 'maop/enterprise/pg_persist.py', 'maop/enterprise/quota.py', 'maop/enterprise/rbac.py', 'maop/enterprise/saml_handler.py', 'maop/enterprise/sso.py', 'maop/enterprise/sso_store.py', 'maop/enterprise/tenant.py', 'maop/enterprise/tls_auto.py']", "timestamp": "2026-09-13T16:41:16.359802+00:00"}
{"backend": "license", "requested": "enterprise", "fallback": "personal", "reason": "no_license_key", "timestamp": "2026-09-13T16:41:16.540521+00:00"}
{"backend": "integrity", "requested": "enterprise", "fallback": "personal", "reason": "integrity_check_failed:modified modules detected: ['maop/enterprise/audit.py', 'maop/enterprise/ha.py', 'maop/enterprise/license.py', 'maop/enterprise/license_manager.py', 'maop/enterprise/pg_persist.py', 'maop/enterprise/quota.py', 'maop/enterprise/rbac.py', 'maop/enterprise/saml_handler.py', 'maop/enterprise/sso.py', 'maop/enterprise/sso_store.py', 'maop/enterprise/tenant.py', 'maop/enterprise/tls_auto.py']", "timestamp": "2026-09-13T16:41:16.569366+00:00"}
{"backend": "license", "requested": "enterprise", "fallback": "personal", "reason": "no_license_key", "timestamp": "2026-09-13T16:42:40.580687+00:00"}
{"backend": "integrity", "requested": "enterprise", "fallback": "personal", "reason": "integrity_check_failed:modified modules detected: ['maop/enterprise/audit.py', 'maop/enterprise/ha.py', 'maop/enterprise/license.py', 'maop/enterprise/license_manager.py', 'maop/enterprise/pg_persist.py', 'maop/enterprise/quota.py', 'maop/enterprise/rbac.py', 'maop/enterprise/saml_handler.py', 'maop/enterprise/sso.py', 'maop/enterprise/sso_store.py', 'maop/enterprise/tenant.py', 'maop/enterprise/tls_auto.py']", "timestamp": "2026-09-13T16:42:40.611858+00:00"}
{"backend": "storage", "requested": "postgresql", "fallback": "sqlite", "reason": "import_error", "timestamp": "2026-09-13T16:43:03.418763+00:00"}
{"backend": "storage", "requested": "postgresql", "fallback": "sqlite", "reason": "import_error", "timestamp": "2026-09-13T16:43:03.424443+00:00"}
{"backend": "cache", "requested": "redis", "fallback": "memory", "reason": "import_error", "timestamp": "2026-09-13T16:43:03.425790+00:00"}
{"backend": "queue", "requested": "rabbitmq", "fallback": "sqlite", "reason": "import_error", "timestamp": "2026-09-13T16:43:03.430769+00:00"}
{"backend": "license", "requested": "enterprise", "fallback": "personal", "reason": "license_invalid", "timestamp": "2026-09-13T16:43:03.433179+00:00"}
{"backend": "storage", "requested": "postgresql", "fallback": "sqlite", "reason": "import_error", "timestamp": "2026-09-13T16:43:03.440525+00:00"}
{"backend": "license", "requested": "enterprise", "fallback": "personal", "reason": "license_invalid", "timestamp": "2026-09-13T16:43:03.807003+00:00"}
{"backend": "license", "requested": "enterprise", "fallback": "personal", "reason": "license_invalid", "timestamp": "2026-09-13T16:43:03.861381+00:00"}
{"backend": "license", "requested": "enterprise", "fallback": "personal", "reason": "license_invalid", "timestamp": "2026-09-13T16:43:03.884491+00:00"}
{"backend": "license", "requested": "enterprise", "fallback": "personal", "reason": "license_invalid", "timestamp": "2026-09-13T16:43:03.974174+00:00"}
{"backend": "license", "requested": "enterprise", "fallback": "personal", "reason": "license_invalid", "timestamp": "2026-09-13T16:43:03.993160+00:00"}
{"backend": "license", "requested": "enterprise", "fallback": "personal", "reason": "license_invalid", "timestamp": "2026-09-13T16:43:04.014117+00:00"}
{"backend": "license", "requested": "enterprise", "fallback": "personal", "reason": "no_license_key", "timestamp": "2026-09-13T16:44:00.496418+00:00"}
{"backend": "integrity", "requested": "enterprise", "fallback": "personal", "reason": "integrity_check_failed:modified modules detected: ['maop/enterprise/audit.py', 'maop/enterprise/ha.py', 'maop/enterprise/license.py', 'maop/enterprise/license_manager.py', 'maop/enterprise/pg_persist.py', 'maop/enterprise/quota.py', 'maop/enterprise/rbac.py', 'maop/enterprise/saml_handler.py', 'maop/enterprise/sso.py', 'maop/enterprise/sso_store.py', 'maop/enterprise/tenant.py', 'maop/enterprise/tls_auto.py']", "timestamp": "2026-09-13T16:44:00.527656+00:00"}
{"backend": "license", "requested": "enterprise", "fallback": "personal", "reason": "no_license_key", "timestamp": "2026-09-13T16:44:28.908045+00:00"}
{"backend": "integrity", "requested": "enterprise", "fallback": "personal", "reason": "integrity_check_failed:modified modules detected: ['maop/enterprise/audit.py', 'maop/enterprise/ha.py', 'maop/enterprise/license.py', 'maop/enterprise/license_manager.py', 'maop/enterprise/pg_persist.py', 'maop/enterprise/quota.py', 'maop/enterprise/rbac.py', 'maop/enterprise/saml_handler.py', 'maop/enterprise/sso.py', 'maop/enterprise/sso_store.py', 'maop/enterprise/tenant.py', 'maop/enterprise/tls_auto.py']", "timestamp": "2026-09-13T16:44:28.919359+00:00"}
{"backend": "license", "requested": "enterprise", "fallback": "personal", "reason": "no_license_key", "timestamp": "2026-09-13T16:46:33.364470+00:00"}
{"backend": "integrity", "requested": "enterprise", "fallback": "personal", "reason": "integrity_check_failed:modified modules detected: ['maop/enterprise/audit.py', 'maop/enterprise/ha.py', 'maop/enterprise/license.py', 'maop/enterprise/license_manager.py', 'maop/enterprise/pg_persist.py', 'maop/enterprise/quota.py', 'maop/enterprise/rbac.py', 'maop/enterprise/saml_handler.py', 'maop/enterprise/sso.py', 'maop/enterprise/sso_store.py', 'maop/enterprise/tenant.py', 'maop/enterprise/tls_auto.py']", "timestamp": "2026-09-13T16:46:33.380684+00:00"}
{"backend": "license", "requested": "enterprise", "fallback": "personal", "reason": "no_license_key", "timestamp": "2026-09-13T16:47:01.804395+00:00"}
{"backend": "integrity", "requested": "enterprise", "fallback": "personal", "reason": "integrity_check_failed:modified modules detected: ['maop/enterprise/audit.py', 'maop/enterprise/ha.py', 'maop/enterprise/license.py', 'maop/enterprise/license_manager.py', 'maop/enterprise/pg_persist.py', 'maop/enterprise/quota.py', 'maop/enterprise/rbac.py', 'maop/enterprise/saml_handler.py', 'maop/enterprise/sso.py', 'maop/enterprise/sso_store.py', 'maop/enterprise/tenant.py', 'maop/enterprise/tls_auto.py']", "timestamp": "2026-09-13T16:47:01.816016+00:00"}
{"backend": "license", "requested": "enterprise", "fallback": "personal", "reason": "license_invalid", "timestamp": "2026-09-13T16:47:48.146178+00:00"}
{"backend": "cache", "requested": "redis", "fallback": "memory", "reason": "import_error", "timestamp": "2026-09-13T16:47:48.148027+00:00"}
{"backend": "license", "requested": "enterprise", "fallback": "personal", "reason": "license_invalid", "timestamp": "2026-09-13T16:47:48.155309+00:00"}
{"backend": "license", "requested": "enterprise", "fallback": "personal", "reason": "license_invalid", "timestamp": "2026-09-13T16:47:48.160335+00:00"}
{"backend": "queue", "requested": "redis", "fallback": "sqlite", "reason": "import_error", "timestamp": "2026-09-13T16:47:48.161443+00:00"}
{"backend": "license", "requested": "enterprise", "fallback": "personal", "reason": "license_invalid", "timestamp": "2026-09-13T16:47:48.229804+00:00"}
{"backend": "kv", "requested": "etcd", "fallback": "sqlite", "reason": "unavailable_etcd", "timestamp": "2026-09-13T16:47:48.231040+00:00"}
{"backend": "license", "requested": "enterprise", "fallback": "personal", "reason": "license_invalid", "timestamp": "2026-09-13T16:47:48.254225+00:00"}
{"backend": "cache", "requested": "redis", "fallback": "memory", "reason": "import_error", "timestamp": "2026-09-13T16:47:48.255464+00:00"}
{"backend": "queue", "requested": "redis", "fallback": "sqlite", "reason": "import_error", "timestamp": "2026-09-13T16:47:48.256598+00:00"}
{"backend": "kv", "requested": "etcd", "fallback": "sqlite", "reason": "unavailable_etcd", "timestamp": "2026-09-13T16:47:48.275955+00:00"}
{"backend": "license", "requested": "enterprise", "fallback": "personal", "reason": "license_invalid", "timestamp": "2026-09-13T16:47:50.243556+00:00"}
{"backend": "storage", "requested": "postgresql", "fallback": "sqlite", "reason": "import_error", "timestamp": "2026-09-13T16:49:20.761531+00:00"}
{"backend": "cache", "requested": "redis", "fallback": "memory", "reason": "import_error", "timestamp": "2026-09-13T16:49:20.768625+00:00"}
{"backend": "queue", "requested": "rabbitmq", "fallback": "redis", "reason": "unavailable_rabbitmq", "timestamp": "2026-09-13T16:49:20.784479+00:00"}
{"backend": "queue", "requested": "redis", "fallback": "sqlite", "reason": "redis_unavailable", "timestamp": "2026-09-13T16:49:20.785933+00:00"}
{"backend": "secret", "requested": "vault", "fallback": "local", "reason": "unavailable_vault", "timestamp": "2026-09-13T16:49:20.820645+00:00"}
{"backend": "license", "requested": "enterprise", "fallback": "personal", "reason": "license_invalid", "timestamp": "2026-09-13T16:49:20.852227+00:00"}
{"backend": "queue", "requested": "rabbitmq", "fallback": "redis", "reason": "unavailable_rabbitmq", "timestamp": "2026-09-13T16:49:20.859050+00:00"}
{"backend": "queue", "requested": "redis", "fallback": "sqlite", "reason": "redis_unavailable", "timestamp": "2026-09-13T16:49:20.859976+00:00"}
{"backend": "queue", "requested": "rabbitmq", "fallback": "redis", "reason": "unavailable_rabbitmq", "timestamp": "2026-09-13T16:49:20.890291+00:00"}
{"backend": "queue", "requested": "redis", "fallback": "sqlite", "reason": "redis_unavailable", "timestamp": "2026-09-13T16:49:20.891508+00:00"}
{"backend": "kv", "requested": "etcd", "fallback": "sqlite", "reason": "unavailable_etcd", "timestamp": "2026-09-13T16:49:20.920539+00:00"}
{"backend": "kv", "requested": "consul", "fallback": "sqlite", "reason": "unavailable_etcd", "timestamp": "2026-09-13T16:49:20.933813+00:00"}
{"backend": "kv", "requested": "etcd", "fallback": "sqlite", "reason": "unavailable_etcd", "timestamp": "2026-09-13T16:49:20.946444+00:00"}
{"backend": "secret", "requested": "vault", "fallback": "local", "reason": "unavailable_vault", "timestamp": "2026-09-13T16:49:21.406861+00:00"}
{"backend": "storage", "requested": "postgresql", "fallback": "sqlite", "reason": "import_error", "timestamp": "2026-09-13T16:51:01.357304+00:00"}
{"backend": "storage", "requested": "postgresql", "fallback": "sqlite", "reason": "import_error", "timestamp": "2026-09-13T16:51:01.361381+00:00"}
{"backend": "cache", "requested": "redis", "fallback": "memory", "reason": "import_error", "timestamp": "2026-09-13T16:51:01.362598+00:00"}
{"backend": "queue", "requested": "rabbitmq", "fallback": "sqlite", "reason": "import_error", "timestamp": "2026-09-13T16:51:01.366528+00:00"}
{"backend": "license", "requested": "enterprise", "fallback": "personal", "reason": "license_invalid", "timestamp": "2026-09-13T16:51:01.368195+00:00"}
{"backend": "storage", "requested": "postgresql", "fallback": "sqlite", "reason": "import_error", "timestamp": "2026-09-13T16:51:01.374788+00:00"}
{"backend": "license", "requested": "enterprise", "fallback": "personal", "reason": "license_invalid", "timestamp": "2026-09-13T16:51:01.429577+00:00"}
{"backend": "license", "requested": "enterprise", "fallback": "personal", "reason": "license_invalid", "timestamp": "2026-09-13T16:51:01.448063+00:00"}
{"backend": "license", "requested": "enterprise", "fallback": "personal", "reason": "license_invalid", "timestamp": "2026-09-13T16:51:01.471390+00:00"}
{"backend": "license", "requested": "enterprise", "fallback": "personal", "reason": "license_invalid", "timestamp": "2026-09-13T16:51:01.538733+00:00"}
{"backend": "license", "requested": "enterprise", "fallback": "personal", "reason": "license_invalid", "timestamp": "2026-09-13T16:51:01.556532+00:00"}
{"backend": "license", "requested": "enterprise", "fallback": "personal", "reason": "license_invalid", "timestamp": "2026-09-13T16:51:01.576820+00:00"}
{"backend": "license", "requested": "enterprise", "fallback": "personal", "reason": "license_invalid", "timestamp": "2026-09-13T16:51:03.842736+00:00"}
{"backend": "license", "requested": "enterprise", "fallback": "personal", "reason": "license_invalid", "timestamp": "2026-09-13T16:51:06.305375+00:00"}
{"backend": "storage", "requested": "postgresql", "fallback": "memory", "reason": "import_error", "timestamp": "2026-09-13T16:51:11.781490+00:00"}
{"backend": "license", "requested": "enterprise", "fallback": "personal", "reason": "license_invalid", "timestamp": "2026-09-13T16:51:58.537386+00:00"}
{"backend": "license", "requested": "enterprise", "fallback": "personal", "reason": "license_invalid", "timestamp": "2026-09-13T16:54:06.504843+00:00"}
{"backend": "license", "requested": "enterprise", "fallback": "personal", "reason": "no_license_key", "timestamp": "2026-09-13T16:57:22.502188+00:00"}
{"backend": "integrity", "requested": "enterprise", "fallback": "personal", "reason": "integrity_check_failed:modified modules detected: ['maop/enterprise/audit.py', 'maop/enterprise/ha.py', 'maop/enterprise/license.py', 'maop/enterprise/license_manager.py', 'maop/enterprise/pg_persist.py', 'maop/enterprise/quota.py', 'maop/enterprise/rbac.py', 'maop/enterprise/saml_handler.py', 'maop/enterprise/sso.py', 'maop/enterprise/sso_store.py', 'maop/enterprise/tenant.py', 'maop/enterprise/tls_auto.py']", "timestamp": "2026-09-13T16:57:22.514797+00:00"}
{"backend": "license", "requested": "enterprise", "fallback": "personal", "reason": "no_license_key", "timestamp": "2026-09-13T16:57:27.731574+00:00"}
{"backend": "integrity", "requested": "enterprise", "fallback": "personal", "reason": "integrity_check_failed:modified modules detected: ['maop/enterprise/audit.py', 'maop/enterprise/ha.py', 'maop/enterprise/license.py', 'maop/enterprise/license_manager.py', 'maop/enterprise/pg_persist.py', 'maop/enterprise/quota.py', 'maop/enterprise/rbac.py', 'maop/enterprise/saml_handler.py', 'maop/enterprise/sso.py', 'maop/enterprise/sso_store.py', 'maop/enterprise/tenant.py', 'maop/enterprise/tls_auto.py']", "timestamp": "2026-09-13T16:57:27.747119+00:00"}
{"backend": "license", "requested": "enterprise", "fallback": "personal", "reason": "no_license_key", "timestamp": "2026-09-13T16:57:27.900042+00:00"}
{"backend": "integrity", "requested": "enterprise", "fallback": "personal", "reason": "integrity_check_failed:modified modules detected: ['maop/enterprise/audit.py', 'maop/enterprise/ha.py', 'maop/enterprise/license.py', 'maop/enterprise/license_manager.py', 'maop/enterprise/pg_persist.py', 'maop/enterprise/quota.py', 'maop/enterprise/rbac.py', 'maop/enterprise/saml_handler.py', 'maop/enterprise/sso.py', 'maop/enterprise/sso_store.py', 'maop/enterprise/tenant.py', 'maop/enterprise/tls_auto.py']", "timestamp": "2026-09-13T16:57:27.914855+00:00"}
{"backend": "license", "requested": "enterprise", "fallback": "personal", "reason": "no_license_key", "timestamp": "2026-09-13T16:57:28.179929+00:00"}
{"backend": "integrity", "requested": "enterprise", "fallback": "personal", "reason": "integrity_check_failed:modified modules detected: ['maop/enterprise/audit.py', 'maop/enterprise/ha.py', 'maop/enterprise/license.py', 'maop/enterprise/license_manager.py', 'maop/enterprise/pg_persist.py', 'maop/enterprise/quota.py', 'maop/enterprise/rbac.py', 'maop/enterprise/saml_handler.py', 'maop/enterprise/sso.py', 'maop/enterprise/sso_store.py', 'maop/enterprise/tenant.py', 'maop/enterprise/tls_auto.py']", "timestamp": "2026-09-13T16:57:28.195830+00:00"}
{"backend": "license", "requested": "enterprise", "fallback": "personal", "reason": "no_license_key", "timestamp": "2026-09-13T16:57:28.319614+00:00"}
{"backend": "integrity", "requested": "enterprise", "fallback": "personal", "reason": "integrity_check_failed:modified modules detected: ['maop/enterprise/audit.py', 'maop/enterprise/ha.py', 'maop/enterprise/license.py', 'maop/enterprise/license_manager.py', 'maop/enterprise/pg_persist.py', 'maop/enterprise/quota.py', 'maop/enterprise/rbac.py', 'maop/enterprise/saml_handler.py', 'maop/enterprise/sso.py', 'maop/enterprise/sso_store.py', 'maop/enterprise/tenant.py', 'maop/enterprise/tls_auto.py']", "timestamp": "2026-09-13T16:57:28.336259+00:00"}
{"backend": "license", "requested": "enterprise", "fallback": "personal", "reason": "license_invalid", "timestamp": "2026-09-13T16:58:25.497052+00:00"}
{"backend": "cache", "requested": "redis", "fallback": "memory", "reason": "import_error", "timestamp": "2026-09-13T16:58:25.498793+00:00"}
{"backend": "license", "requested": "enterprise", "fallback": "personal", "reason": "license_invalid", "timestamp": "2026-09-13T16:58:25.509382+00:00"}
{"backend": "license", "requested": "enterprise", "fallback": "personal", "reason": "license_invalid", "timestamp": "2026-09-13T16:58:25.517880+00:00"}
{"backend": "queue", "requested": "redis", "fallback": "sqlite", "reason": "import_error", "timestamp": "2026-09-13T16:58:25.519250+00:00"}
{"backend": "license", "requested": "enterprise", "fallback": "personal", "reason": "license_invalid", "timestamp": "2026-09-13T16:58:25.599513+00:00"}
{"backend": "kv", "requested": "etcd", "fallback": "sqlite", "reason": "unavailable_etcd", "timestamp": "2026-09-13T16:58:25.600635+00:00"}
{"backend": "license", "requested": "enterprise", "fallback": "personal", "reason": "license_invalid", "timestamp": "2026-09-13T16:58:25.622199+00:00"}
{"backend": "cache", "requested": "redis", "fallback": "memory", "reason": "import_error", "timestamp": "2026-09-13T16:58:25.623841+00:00"}
{"backend": "queue", "requested": "redis", "fallback": "sqlite", "reason": "import_error", "timestamp": "2026-09-13T16:58:25.625119+00:00"}
{"backend": "kv", "requested": "etcd", "fallback": "sqlite", "reason": "unavailable_etcd", "timestamp": "2026-09-13T16:58:25.650738+00:00"}
{"backend": "license", "requested": "enterprise", "fallback": "personal", "reason": "license_invalid", "timestamp": "2026-09-13T16:58:27.747035+00:00"}
{"backend": "storage", "requested": "postgresql", "fallback": "sqlite", "reason": "import_error", "timestamp": "2026-09-13T16:58:59.616435+00:00"}
{"backend": "cache", "requested": "redis", "fallback": "memory", "reason": "import_error", "timestamp": "2026-09-13T16:58:59.625830+00:00"}
{"backend": "queue", "requested": "rabbitmq", "fallback": "redis", "reason": "unavailable_rabbitmq", "timestamp": "2026-09-13T16:58:59.644570+00:00"}
{"backend": "queue", "requested": "redis", "fallback": "sqlite", "reason": "redis_unavailable", "timestamp": "2026-09-13T16:58:59.646026+00:00"}
{"backend": "secret", "requested": "vault", "fallback": "local", "reason": "unavailable_vault", "timestamp": "2026-09-13T16:58:59.686560+00:00"}
{"backend": "license", "requested": "enterprise", "fallback": "personal", "reason": "license_invalid", "timestamp": "2026-09-13T16:58:59.735260+00:00"}
{"backend": "queue", "requested": "rabbitmq", "fallback": "redis", "reason": "unavailable_rabbitmq", "timestamp": "2026-09-13T16:58:59.742437+00:00"}
{"backend": "queue", "requested": "redis", "fallback": "sqlite", "reason": "redis_unavailable", "timestamp": "2026-09-13T16:58:59.743894+00:00"}
{"backend": "queue", "requested": "rabbitmq", "fallback": "redis", "reason": "unavailable_rabbitmq", "timestamp": "2026-09-13T16:58:59.779867+00:00"}
{"backend": "queue", "requested": "redis", "fallback": "sqlite", "reason": "redis_unavailable", "timestamp": "2026-09-13T16:58:59.781484+00:00"}
{"backend": "kv", "requested": "etcd", "fallback": "sqlite", "reason": "unavailable_etcd", "timestamp": "2026-09-13T16:58:59.815744+00:00"}
{"backend": "kv", "requested": "consul", "fallback": "sqlite", "reason": "unavailable_etcd", "timestamp": "2026-09-13T16:58:59.833920+00:00"}
{"backend": "kv", "requested": "etcd", "fallback": "sqlite", "reason": "unavailable_etcd", "timestamp": "2026-09-13T16:58:59.851073+00:00"}
{"backend": "secret", "requested": "vault", "fallback": "local", "reason": "unavailable_vault", "timestamp": "2026-09-13T16:59:00.426722+00:00"}
{"backend": "license", "requested": "enterprise", "fallback": "personal", "reason": "license_invalid", "timestamp": "2026-09-13T16:59:21.986033+00:00"}
{"backend": "storage", "requested": "postgresql", "fallback": "sqlite", "reason": "import_error", "timestamp": "2026-09-13T16:59:34.463543+00:00"}
{"backend": "storage", "requested": "postgresql", "fallback": "sqlite", "reason": "import_error", "timestamp": "2026-09-13T16:59:34.470126+00:00"}
{"backend": "cache", "requested": "redis", "fallback": "memory", "reason": "import_error", "timestamp": "2026-09-13T16:59:34.471482+00:00"}
{"backend": "queue", "requested": "rabbitmq", "fallback": "sqlite", "reason": "import_error", "timestamp": "2026-09-13T16:59:34.478863+00:00"}
{"backend": "license", "requested": "enterprise", "fallback": "personal", "reason": "license_invalid", "timestamp": "2026-09-13T16:59:34.481375+00:00"}
{"backend": "storage", "requested": "postgresql", "fallback": "sqlite", "reason": "import_error", "timestamp": "2026-09-13T16:59:34.488161+00:00"}
{"backend": "license", "requested": "enterprise", "fallback": "personal", "reason": "license_invalid", "timestamp": "2026-09-13T16:59:34.552572+00:00"}
{"backend": "license", "requested": "enterprise", "fallback": "personal", "reason": "license_invalid", "timestamp": "2026-09-13T16:59:34.577573+00:00"}
{"backend": "license", "requested": "enterprise", "fallback": "personal", "reason": "license_invalid", "timestamp": "2026-09-13T16:59:34.601902+00:00"}
{"backend": "license", "requested": "enterprise", "fallback": "personal", "reason": "license_invalid", "timestamp": "2026-09-13T16:59:34.683837+00:00"}
{"backend": "license", "requested": "enterprise", "fallback": "personal", "reason": "license_invalid", "timestamp": "2026-09-13T16:59:34.704681+00:00"}
{"backend": "license", "requested": "enterprise", "fallback": "personal", "reason": "license_invalid", "timestamp": "2026-09-13T16:59:34.725963+00:00"}
{"backend": "license", "requested": "enterprise", "fallback": "personal", "reason": "license_invalid", "timestamp": "2026-09-13T16:59:37.645795+00:00"}
{"backend": "license", "requested": "enterprise", "fallback": "personal", "reason": "license_invalid", "timestamp": "2026-09-13T16:59:40.240093+00:00"}
{"backend": "storage", "requested": "postgresql", "fallback": "memory", "reason": "import_error", "timestamp": "2026-09-13T16:59:46.069400+00:00"}
{"backend": "license", "requested": "enterprise", "fallback": "personal", "reason": "license_invalid", "timestamp": "2026-09-13T17:01:48.898526+00:00"}
{"backend": "license", "requested": "enterprise", "fallback": "personal", "reason": "no_license_key", "timestamp": "2026-09-13T17:03:54.082526+00:00"}
{"backend": "integrity", "requested": "enterprise", "fallback": "personal", "reason": "integrity_check_failed:modified modules detected: ['maop/enterprise/audit.py', 'maop/enterprise/ha.py', 'maop/enterprise/license.py', 'maop/enterprise/license_manager.py', 'maop/enterprise/pg_persist.py', 'maop/enterprise/quota.py', 'maop/enterprise/rbac.py', 'maop/enterprise/saml_handler.py', 'maop/enterprise/sso.py', 'maop/enterprise/sso_store.py', 'maop/enterprise/tenant.py', 'maop/enterprise/tls_auto.py']", "timestamp": "2026-09-13T17:03:54.092786+00:00"}
{"backend": "license", "requested": "enterprise", "fallback": "personal", "reason": "no_license_key", "timestamp": "2026-09-13T17:03:59.294530+00:00"}
{"backend": "integrity", "requested": "enterprise", "fallback": "personal", "reason": "integrity_check_failed:modified modules detected: ['maop/enterprise/audit.py', 'maop/enterprise/ha.py', 'maop/enterprise/license.py', 'maop/enterprise/license_manager.py', 'maop/enterprise/pg_persist.py', 'maop/enterprise/quota.py', 'maop/enterprise/rbac.py', 'maop/enterprise/saml_handler.py', 'maop/enterprise/sso.py', 'maop/enterprise/sso_store.py', 'maop/enterprise/tenant.py', 'maop/enterprise/tls_auto.py']", "timestamp": "2026-09-13T17:03:59.313506+00:00"}
{"backend": "license", "requested": "enterprise", "fallback": "personal", "reason": "no_license_key", "timestamp": "2026-09-13T17:03:59.446150+00:00"}
{"backend": "integrity", "requested": "enterprise", "fallback": "personal", "reason": "integrity_check_failed:modified modules detected: ['maop/enterprise/audit.py', 'maop/enterprise/ha.py', 'maop/enterprise/license.py', 'maop/enterprise/license_manager.py', 'maop/enterprise/pg_persist.py', 'maop/enterprise/quota.py', 'maop/enterprise/rbac.py', 'maop/enterprise/saml_handler.py', 'maop/enterprise/sso.py', 'maop/enterprise/sso_store.py', 'maop/enterprise/tenant.py', 'maop/enterprise/tls_auto.py']", "timestamp": "2026-09-13T17:03:59.462039+00:00"}
{"backend": "license", "requested": "enterprise", "fallback": "personal", "reason": "no_license_key", "timestamp": "2026-09-13T17:03:59.721507+00:00"}
{"backend": "integrity", "requested": "enterprise", "fallback": "personal", "reason": "integrity_check_failed:modified modules detected: ['maop/enterprise/audit.py', 'maop/enterprise/ha.py', 'maop/enterprise/license.py', 'maop/enterprise/license_manager.py', 'maop/enterprise/pg_persist.py', 'maop/enterprise/quota.py', 'maop/enterprise/rbac.py', 'maop/enterprise/saml_handler.py', 'maop/enterprise/sso.py', 'maop/enterprise/sso_store.py', 'maop/enterprise/tenant.py', 'maop/enterprise/tls_auto.py']", "timestamp": "2026-09-13T17:03:59.737481+00:00"}
{"backend": "license", "requested": "enterprise", "fallback": "personal", "reason": "no_license_key", "timestamp": "2026-09-13T17:03:59.870781+00:00"}
{"backend": "integrity", "requested": "enterprise", "fallback": "personal", "reason": "integrity_check_failed:modified modules detected: ['maop/enterprise/audit.py', 'maop/enterprise/ha.py', 'maop/enterprise/license.py', 'maop/enterprise/license_manager.py', 'maop/enterprise/pg_persist.py', 'maop/enterprise/quota.py', 'maop/enterprise/rbac.py', 'maop/enterprise/saml_handler.py', 'maop/enterprise/sso.py', 'maop/enterprise/sso_store.py', 'maop/enterprise/tenant.py', 'maop/enterprise/tls_auto.py']", "timestamp": "2026-09-13T17:03:59.887180+00:00"}
{"backend": "license", "requested": "enterprise", "fallback": "personal", "reason": "license_invalid", "timestamp": "2026-09-13T17:04:57.295128+00:00"}
{"backend": "cache", "requested": "redis", "fallback": "memory", "reason": "import_error", "timestamp": "2026-09-13T17:04:57.297224+00:00"}
{"backend": "license", "requested": "enterprise", "fallback": "personal", "reason": "license_invalid", "timestamp": "2026-09-13T17:04:57.304174+00:00"}
{"backend": "license", "requested": "enterprise", "fallback": "personal", "reason": "license_invalid", "timestamp": "2026-09-13T17:04:57.311287+00:00"}
{"backend": "queue", "requested": "redis", "fallback": "sqlite", "reason": "import_error", "timestamp": "2026-09-13T17:04:57.312957+00:00"}
{"backend": "license", "requested": "enterprise", "fallback": "personal", "reason": "license_invalid", "timestamp": "2026-09-13T17:04:57.383376+00:00"}
{"backend": "kv", "requested": "etcd", "fallback": "sqlite", "reason": "unavailable_etcd", "timestamp": "2026-09-13T17:04:57.385187+00:00"}
{"backend": "license", "requested": "enterprise", "fallback": "personal", "reason": "license_invalid", "timestamp": "2026-09-13T17:04:57.403653+00:00"}
{"backend": "cache", "requested": "redis", "fallback": "memory", "reason": "import_error", "timestamp": "2026-09-13T17:04:57.405354+00:00"}
{"backend": "queue", "requested": "redis", "fallback": "sqlite", "reason": "import_error", "timestamp": "2026-09-13T17:04:57.408670+00:00"}
{"backend": "kv", "requested": "etcd", "fallback": "sqlite", "reason": "unavailable_etcd", "timestamp": "2026-09-13T17:04:57.432497+00:00"}
{"backend": "license", "requested": "enterprise", "fallback": "personal", "reason": "license_invalid", "timestamp": "2026-09-13T17:04:59.672017+00:00"}
{"backend": "storage", "requested": "postgresql", "fallback": "sqlite", "reason": "import_error", "timestamp": "2026-09-13T17:05:29.933365+00:00"}
{"backend": "cache", "requested": "redis", "fallback": "memory", "reason": "import_error", "timestamp": "2026-09-13T17:05:29.941611+00:00"}
{"backend": "queue", "requested": "rabbitmq", "fallback": "redis", "reason": "unavailable_rabbitmq", "timestamp": "2026-09-13T17:05:29.962254+00:00"}
{"backend": "queue", "requested": "redis", "fallback": "sqlite", "reason": "redis_unavailable", "timestamp": "2026-09-13T17:05:29.963543+00:00"}
{"backend": "secret", "requested": "vault", "fallback": "local", "reason": "unavailable_vault", "timestamp": "2026-09-13T17:05:30.000317+00:00"}
{"backend": "license", "requested": "enterprise", "fallback": "personal", "reason": "license_invalid", "timestamp": "2026-09-13T17:05:30.044110+00:00"}
{"backend": "queue", "requested": "rabbitmq", "fallback": "redis", "reason": "unavailable_rabbitmq", "timestamp": "2026-09-13T17:05:30.050516+00:00"}
{"backend": "queue", "requested": "redis", "fallback": "sqlite", "reason": "redis_unavailable", "timestamp": "2026-09-13T17:05:30.051749+00:00"}
{"backend": "queue", "requested": "rabbitmq", "fallback": "redis", "reason": "unavailable_rabbitmq", "timestamp": "2026-09-13T17:05:30.083393+00:00"}
{"backend": "queue", "requested": "redis", "fallback": "sqlite", "reason": "redis_unavailable", "timestamp": "2026-09-13T17:05:30.085095+00:00"}
{"backend": "kv", "requested": "etcd", "fallback": "sqlite", "reason": "unavailable_etcd", "timestamp": "2026-09-13T17:05:30.114829+00:00"}
{"backend": "kv", "requested": "consul", "fallback": "sqlite", "reason": "unavailable_etcd", "timestamp": "2026-09-13T17:05:30.132985+00:00"}
{"backend": "kv", "requested": "etcd", "fallback": "sqlite", "reason": "unavailable_etcd", "timestamp": "2026-09-13T17:05:30.149693+00:00"}
{"backend": "secret", "requested": "vault", "fallback": "local", "reason": "unavailable_vault", "timestamp": "2026-09-13T17:05:30.681305+00:00"}
{"backend": "license", "requested": "enterprise", "fallback": "personal", "reason": "license_invalid", "timestamp": "2026-09-13T17:05:54.060709+00:00"}
{"backend": "storage", "requested": "postgresql", "fallback": "sqlite", "reason": "import_error", "timestamp": "2026-09-13T17:06:05.016993+00:00"}
{"backend": "storage", "requested": "postgresql", "fallback": "sqlite", "reason": "import_error", "timestamp": "2026-09-13T17:06:05.023177+00:00"}
{"backend": "cache", "requested": "redis", "fallback": "memory", "reason": "import_error", "timestamp": "2026-09-13T17:06:05.024447+00:00"}
{"backend": "queue", "requested": "rabbitmq", "fallback": "sqlite", "reason": "import_error", "timestamp": "2026-09-13T17:06:05.030630+00:00"}
{"backend": "license", "requested": "enterprise", "fallback": "personal", "reason": "license_invalid", "timestamp": "2026-09-13T17:06:05.032775+00:00"}
{"backend": "storage", "requested": "postgresql", "fallback": "sqlite", "reason": "import_error", "timestamp": "2026-09-13T17:06:05.039010+00:00"}
{"backend": "license", "requested": "enterprise", "fallback": "personal", "reason": "license_invalid", "timestamp": "2026-09-13T17:06:05.096099+00:00"}
{"backend": "license", "requested": "enterprise", "fallback": "personal", "reason": "license_invalid", "timestamp": "2026-09-13T17:06:05.117786+00:00"}
{"backend": "license", "requested": "enterprise", "fallback": "personal", "reason": "license_invalid", "timestamp": "2026-09-13T17:06:05.140835+00:00"}
{"backend": "license", "requested": "enterprise", "fallback": "personal", "reason": "license_invalid", "timestamp": "2026-09-13T17:06:05.218031+00:00"}
{"backend": "license", "requested": "enterprise", "fallback": "personal", "reason": "license_invalid", "timestamp": "2026-09-13T17:06:05.239306+00:00"}
{"backend": "license", "requested": "enterprise", "fallback": "personal", "reason": "license_invalid", "timestamp": "2026-09-13T17:06:05.261900+00:00"}
{"backend": "license", "requested": "enterprise", "fallback": "personal", "reason": "license_invalid", "timestamp": "2026-09-13T17:06:08.065357+00:00"}
{"backend": "license", "requested": "enterprise", "fallback": "personal", "reason": "license_invalid", "timestamp": "2026-09-13T17:06:10.793782+00:00"}
{"backend": "storage", "requested": "postgresql", "fallback": "memory", "reason": "import_error", "timestamp": "2026-09-13T17:06:16.653385+00:00"}
{"backend": "license", "requested": "enterprise", "fallback": "personal", "reason": "license_invalid", "timestamp": "2026-09-13T17:06:57.990201+00:00"}
{"backend": "license", "requested": "enterprise", "fallback": "personal", "reason": "no_license_key", "timestamp": "2026-09-13T17:10:24.900769+00:00"}
{"backend": "integrity", "requested": "enterprise", "fallback": "personal", "reason": "integrity_check_failed:modified modules detected: ['maop/enterprise/audit.py', 'maop/enterprise/ha.py', 'maop/enterprise/license.py', 'maop/enterprise/license_manager.py', 'maop/enterprise/pg_persist.py', 'maop/enterprise/quota.py', 'maop/enterprise/rbac.py', 'maop/enterprise/saml_handler.py', 'maop/enterprise/sso.py', 'maop/enterprise/sso_store.py', 'maop/enterprise/tenant.py', 'maop/enterprise/tls_auto.py']", "timestamp": "2026-09-13T17:10:24.914087+00:00"}
{"backend": "license", "requested": "enterprise", "fallback": "personal", "reason": "no_license_key", "timestamp": "2026-09-13T17:10:30.438047+00:00"}
{"backend": "integrity", "requested": "enterprise", "fallback": "personal", "reason": "integrity_check_failed:modified modules detected: ['maop/enterprise/audit.py', 'maop/enterprise/ha.py', 'maop/enterprise/license.py', 'maop/enterprise/license_manager.py', 'maop/enterprise/pg_persist.py', 'maop/enterprise/quota.py', 'maop/enterprise/rbac.py', 'maop/enterprise/saml_handler.py', 'maop/enterprise/sso.py', 'maop/enterprise/sso_store.py', 'maop/enterprise/tenant.py', 'maop/enterprise/tls_auto.py']", "timestamp": "2026-09-13T17:10:30.454431+00:00"}
{"backend": "license", "requested": "enterprise", "fallback": "personal", "reason": "no_license_key", "timestamp": "2026-09-13T17:10:30.659835+00:00"}
{"backend": "integrity", "requested": "enterprise", "fallback": "personal", "reason": "integrity_check_failed:modified modules detected: ['maop/enterprise/audit.py', 'maop/enterprise/ha.py', 'maop/enterprise/license.py', 'maop/enterprise/license_manager.py', 'maop/enterprise/pg_persist.py', 'maop/enterprise/quota.py', 'maop/enterprise/rbac.py', 'maop/enterprise/saml_handler.py', 'maop/enterprise/sso.py', 'maop/enterprise/sso_store.py', 'maop/enterprise/tenant.py', 'maop/enterprise/tls_auto.py']", "timestamp": "2026-09-13T17:10:30.678482+00:00"}
{"backend": "license", "requested": "enterprise", "fallback": "personal", "reason": "no_license_key", "timestamp": "2026-09-13T17:10:30.905751+00:00"}
{"backend": "integrity", "requested": "enterprise", "fallback": "personal", "reason": "integrity_check_failed:modified modules detected: ['maop/enterprise/audit.py', 'maop/enterprise/ha.py', 'maop/enterprise/license.py', 'maop/enterprise/license_manager.py', 'maop/enterprise/pg_persist.py', 'maop/enterprise/quota.py', 'maop/enterprise/rbac.py', 'maop/enterprise/saml_handler.py', 'maop/enterprise/sso.py', 'maop/enterprise/sso_store.py', 'maop/enterprise/tenant.py', 'maop/enterprise/tls_auto.py']", "timestamp": "2026-09-13T17:10:30.923132+00:00"}
{"backend": "license", "requested": "enterprise", "fallback": "personal", "reason": "no_license_key", "timestamp": "2026-09-13T17:10:31.046615+00:00"}
{"backend": "integrity", "requested": "enterprise", "fallback": "personal", "reason": "integrity_check_failed:modified modules detected: ['maop/enterprise/audit.py', 'maop/enterprise/ha.py', 'maop/enterprise/license.py', 'maop/enterprise/license_manager.py', 'maop/enterprise/pg_persist.py', 'maop/enterprise/quota.py', 'maop/enterprise/rbac.py', 'maop/enterprise/saml_handler.py', 'maop/enterprise/sso.py', 'maop/enterprise/sso_store.py', 'maop/enterprise/tenant.py', 'maop/enterprise/tls_auto.py']", "timestamp": "2026-09-13T17:10:31.064027+00:00"}
{"backend": "license", "requested": "enterprise", "fallback": "personal", "reason": "no_license_key", "timestamp": "2026-09-13T17:11:12.063247+00:00"}
{"backend": "integrity", "requested": "enterprise", "fallback": "personal", "reason": "integrity_check_failed:modified modules detected: ['maop/enterprise/audit.py', 'maop/enterprise/ha.py', 'maop/enterprise/license.py', 'maop/enterprise/license_manager.py', 'maop/enterprise/pg_persist.py', 'maop/enterprise/quota.py', 'maop/enterprise/rbac.py', 'maop/enterprise/saml_handler.py', 'maop/enterprise/sso.py', 'maop/enterprise/sso_store.py', 'maop/enterprise/tenant.py', 'maop/enterprise/tls_auto.py']", "timestamp": "2026-09-13T17:11:12.073594+00:00"}
{"backend": "license", "requested": "enterprise", "fallback": "personal", "reason": "no_license_key", "timestamp": "2026-09-13T17:11:17.383098+00:00"}
{"backend": "integrity", "requested": "enterprise", "fallback": "personal", "reason": "integrity_check_failed:modified modules detected: ['maop/enterprise/audit.py', 'maop/enterprise/ha.py', 'maop/enterprise/license.py', 'maop/enterprise/license_manager.py', 'maop/enterprise/pg_persist.py', 'maop/enterprise/quota.py', 'maop/enterprise/rbac.py', 'maop/enterprise/saml_handler.py', 'maop/enterprise/sso.py', 'maop/enterprise/sso_store.py', 'maop/enterprise/tenant.py', 'maop/enterprise/tls_auto.py']", "timestamp": "2026-09-13T17:11:17.401193+00:00"}
{"backend": "license", "requested": "enterprise", "fallback": "personal", "reason": "no_license_key", "timestamp": "2026-09-13T17:11:17.633617+00:00"}
{"backend": "integrity", "requested": "enterprise", "fallback": "personal", "reason": "integrity_check_failed:modified modules detected: ['maop/enterprise/audit.py', 'maop/enterprise/ha.py', 'maop/enterprise/license.py', 'maop/enterprise/license_manager.py', 'maop/enterprise/pg_persist.py', 'maop/enterprise/quota.py', 'maop/enterprise/rbac.py', 'maop/enterprise/saml_handler.py', 'maop/enterprise/sso.py', 'maop/enterprise/sso_store.py', 'maop/enterprise/tenant.py', 'maop/enterprise/tls_auto.py']", "timestamp": "2026-09-13T17:11:17.649422+00:00"}
{"backend": "license", "requested": "enterprise", "fallback": "personal", "reason": "no_license_key", "timestamp": "2026-09-13T17:11:17.829364+00:00"}
{"backend": "integrity", "requested": "enterprise", "fallback": "personal", "reason": "integrity_check_failed:modified modules detected: ['maop/enterprise/audit.py', 'maop/enterprise/ha.py', 'maop/enterprise/license.py', 'maop/enterprise/license_manager.py', 'maop/enterprise/pg_persist.py', 'maop/enterprise/quota.py', 'maop/enterprise/rbac.py', 'maop/enterprise/saml_handler.py', 'maop/enterprise/sso.py', 'maop/enterprise/sso_store.py', 'maop/enterprise/tenant.py', 'maop/enterprise/tls_auto.py']", "timestamp": "2026-09-13T17:11:17.845101+00:00"}
{"backend": "license", "requested": "enterprise", "fallback": "personal", "reason": "no_license_key", "timestamp": "2026-09-13T17:11:18.071354+00:00"}
{"backend": "integrity", "requested": "enterprise", "fallback": "personal", "reason": "integrity_check_failed:modified modules detected: ['maop/enterprise/audit.py', 'maop/enterprise/ha.py', 'maop/enterprise/license.py', 'maop/enterprise/license_manager.py', 'maop/enterprise/pg_persist.py', 'maop/enterprise/quota.py', 'maop/enterprise/rbac.py', 'maop/enterprise/saml_handler.py', 'maop/enterprise/sso.py', 'maop/enterprise/sso_store.py', 'maop/enterprise/tenant.py', 'maop/enterprise/tls_auto.py']", "timestamp": "2026-09-13T17:11:18.087886+00:00"}
{"backend": "license", "requested": "enterprise", "fallback": "personal", "reason": "no_license_key", "timestamp": "2026-09-13T17:11:57.710782+00:00"}
{"backend": "integrity", "requested": "enterprise", "fallback": "personal", "reason": "integrity_check_failed:modified modules detected: ['maop/enterprise/audit.py', 'maop/enterprise/ha.py', 'maop/enterprise/license.py', 'maop/enterprise/license_manager.py', 'maop/enterprise/pg_persist.py', 'maop/enterprise/quota.py', 'maop/enterprise/rbac.py', 'maop/enterprise/saml_handler.py', 'maop/enterprise/sso.py', 'maop/enterprise/sso_store.py', 'maop/enterprise/tenant.py', 'maop/enterprise/tls_auto.py']", "timestamp": "2026-09-13T17:11:57.724104+00:00"}
{"backend": "license", "requested": "enterprise", "fallback": "personal", "reason": "no_license_key", "timestamp": "2026-09-13T17:12:30.580536+00:00"}
{"backend": "integrity", "requested": "enterprise", "fallback": "personal", "reason": "integrity_check_failed:modified modules detected: ['maop/enterprise/audit.py', 'maop/enterprise/ha.py', 'maop/enterprise/license.py', 'maop/enterprise/license_manager.py', 'maop/enterprise/pg_persist.py', 'maop/enterprise/quota.py', 'maop/enterprise/rbac.py', 'maop/enterprise/saml_handler.py', 'maop/enterprise/sso.py', 'maop/enterprise/sso_store.py', 'maop/enterprise/tenant.py', 'maop/enterprise/tls_auto.py']", "timestamp": "2026-09-13T17:12:30.598319+00:00"}
{"backend": "license", "requested": "enterprise", "fallback": "personal", "reason": "no_license_key", "timestamp": "2026-09-13T17:13:04.908231+00:00"}
{"backend": "integrity", "requested": "enterprise", "fallback": "personal", "reason": "integrity_check_failed:modified modules detected: ['maop/enterprise/audit.py', 'maop/enterprise/ha.py', 'maop/enterprise/license.py', 'maop/enterprise/license_manager.py', 'maop/enterprise/pg_persist.py', 'maop/enterprise/quota.py', 'maop/enterprise/rbac.py', 'maop/enterprise/saml_handler.py', 'maop/enterprise/sso.py', 'maop/enterprise/sso_store.py', 'maop/enterprise/tenant.py', 'maop/enterprise/tls_auto.py']", "timestamp": "2026-09-13T17:13:04.921719+00:00"}
{"backend": "license", "requested": "enterprise", "fallback": "personal", "reason": "no_license_key", "timestamp": "2026-09-13T17:19:42.544636+00:00"}
{"backend": "integrity", "requested": "enterprise", "fallback": "personal", "reason": "integrity_check_failed:modified modules detected: ['maop/enterprise/audit.py', 'maop/enterprise/ha.py', 'maop/enterprise/license.py', 'maop/enterprise/license_manager.py', 'maop/enterprise/pg_persist.py', 'maop/enterprise/quota.py', 'maop/enterprise/rbac.py', 'maop/enterprise/saml_handler.py', 'maop/enterprise/sso.py', 'maop/enterprise/sso_store.py', 'maop/enterprise/tenant.py', 'maop/enterprise/tls_auto.py']", "timestamp": "2026-09-13T17:19:42.563469+00:00"}
{"backend": "license", "requested": "enterprise", "fallback": "personal", "reason": "no_license_key", "timestamp": "2026-09-13T17:19:50.931511+00:00"}
{"backend": "integrity", "requested": "enterprise", "fallback": "personal", "reason": "integrity_check_failed:modified modules detected: ['maop/enterprise/audit.py', 'maop/enterprise/ha.py', 'maop/enterprise/license.py', 'maop/enterprise/license_manager.py', 'maop/enterprise/pg_persist.py', 'maop/enterprise/quota.py', 'maop/enterprise/rbac.py', 'maop/enterprise/saml_handler.py', 'maop/enterprise/sso.py', 'maop/enterprise/sso_store.py', 'maop/enterprise/tenant.py', 'maop/enterprise/tls_auto.py']", "timestamp": "2026-09-13T17:19:50.957272+00:00"}
{"backend": "license", "requested": "enterprise", "fallback": "personal", "reason": "no_license_key", "timestamp": "2026-09-13T17:19:51.100028+00:00"}
{"backend": "integrity", "requested": "enterprise", "fallback": "personal", "reason": "integrity_check_failed:modified modules detected: ['maop/enterprise/audit.py', 'maop/enterprise/ha.py', 'maop/enterprise/license.py', 'maop/enterprise/license_manager.py', 'maop/enterprise/pg_persist.py', 'maop/enterprise/quota.py', 'maop/enterprise/rbac.py', 'maop/enterprise/saml_handler.py', 'maop/enterprise/sso.py', 'maop/enterprise/sso_store.py', 'maop/enterprise/tenant.py', 'maop/enterprise/tls_auto.py']", "timestamp": "2026-09-13T17:19:51.127348+00:00"}
{"backend": "license", "requested": "enterprise", "fallback": "personal", "reason": "no_license_key", "timestamp": "2026-09-13T17:19:51.661936+00:00"}
{"backend": "integrity", "requested": "enterprise", "fallback": "personal", "reason": "integrity_check_failed:modified modules detected: ['maop/enterprise/audit.py', 'maop/enterprise/ha.py', 'maop/enterprise/license.py', 'maop/enterprise/license_manager.py', 'maop/enterprise/pg_persist.py', 'maop/enterprise/quota.py', 'maop/enterprise/rbac.py', 'maop/enterprise/saml_handler.py', 'maop/enterprise/sso.py', 'maop/enterprise/sso_store.py', 'maop/enterprise/tenant.py', 'maop/enterprise/tls_auto.py']", "timestamp": "2026-09-13T17:19:51.690041+00:00"}
{"backend": "license", "requested": "enterprise", "fallback": "personal", "reason": "no_license_key", "timestamp": "2026-09-13T17:19:51.829392+00:00"}
{"backend": "integrity", "requested": "enterprise", "fallback": "personal", "reason": "integrity_check_failed:modified modules detected: ['maop/enterprise/audit.py', 'maop/enterprise/ha.py', 'maop/enterprise/license.py', 'maop/enterprise/license_manager.py', 'maop/enterprise/pg_persist.py', 'maop/enterprise/quota.py', 'maop/enterprise/rbac.py', 'maop/enterprise/saml_handler.py', 'maop/enterprise/sso.py', 'maop/enterprise/sso_store.py', 'maop/enterprise/tenant.py', 'maop/enterprise/tls_auto.py']", "timestamp": "2026-09-13T17:19:51.855170+00:00"}
{"backend": "license", "requested": "enterprise", "fallback": "personal", "reason": "no_license_key", "timestamp": "2026-09-13T17:19:52.340784+00:00"}
{"backend": "integrity", "requested": "enterprise", "fallback": "personal", "reason": "integrity_check_failed:modified modules detected: ['maop/enterprise/audit.py', 'maop/enterprise/ha.py', 'maop/enterprise/license.py', 'maop/enterprise/license_manager.py', 'maop/enterprise/pg_persist.py', 'maop/enterprise/quota.py', 'maop/enterprise/rbac.py', 'maop/enterprise/saml_handler.py', 'maop/enterprise/sso.py', 'maop/enterprise/sso_store.py', 'maop/enterprise/tenant.py', 'maop/enterprise/tls_auto.py']", "timestamp": "2026-09-13T17:19:52.366549+00:00"}
{"backend": "license", "requested": "enterprise", "fallback": "personal", "reason": "no_license_key", "timestamp": "2026-09-13T17:19:52.466846+00:00"}
{"backend": "integrity", "requested": "enterprise", "fallback": "personal", "reason": "integrity_check_failed:modified modules detected: ['maop/enterprise/audit.py', 'maop/enterprise/ha.py', 'maop/enterprise/license.py', 'maop/enterprise/license_manager.py', 'maop/enterprise/pg_persist.py', 'maop/enterprise/quota.py', 'maop/enterprise/rbac.py', 'maop/enterprise/saml_handler.py', 'maop/enterprise/sso.py', 'maop/enterprise/sso_store.py', 'maop/enterprise/tenant.py', 'maop/enterprise/tls_auto.py']", "timestamp": "2026-09-13T17:19:52.493143+00:00"}
{"backend": "license", "requested": "enterprise", "fallback": "personal", "reason": "no_license_key", "timestamp": "2026-09-13T17:19:53.047059+00:00"}
{"backend": "integrity", "requested": "enterprise", "fallback": "personal", "reason": "integrity_check_failed:modified modules detected: ['maop/enterprise/audit.py', 'maop/enterprise/ha.py', 'maop/enterprise/license.py', 'maop/enterprise/license_manager.py', 'maop/enterprise/pg_persist.py', 'maop/enterprise/quota.py', 'maop/enterprise/rbac.py', 'maop/enterprise/saml_handler.py', 'maop/enterprise/sso.py', 'maop/enterprise/sso_store.py', 'maop/enterprise/tenant.py', 'maop/enterprise/tls_auto.py']", "timestamp": "2026-09-13T17:19:53.074029+00:00"}
{"backend": "license", "requested": "enterprise", "fallback": "personal", "reason": "no_license_key", "timestamp": "2026-09-13T17:19:53.150440+00:00"}
{"backend": "integrity", "requested": "enterprise", "fallback": "personal", "reason": "integrity_check_failed:modified modules detected: ['maop/enterprise/audit.py', 'maop/enterprise/ha.py', 'maop/enterprise/license.py', 'maop/enterprise/license_manager.py', 'maop/enterprise/pg_persist.py', 'maop/enterprise/quota.py', 'maop/enterprise/rbac.py', 'maop/enterprise/saml_handler.py', 'maop/enterprise/sso.py', 'maop/enterprise/sso_store.py', 'maop/enterprise/tenant.py', 'maop/enterprise/tls_auto.py']", "timestamp": "2026-09-13T17:19:53.176823+00:00"}
{"backend": "license", "requested": "enterprise", "fallback": "personal", "reason": "no_license_key", "timestamp": "2026-09-13T17:19:53.714838+00:00"}
{"backend": "integrity", "requested": "enterprise", "fallback": "personal", "reason": "integrity_check_failed:modified modules detected: ['maop/enterprise/audit.py', 'maop/enterprise/ha.py', 'maop/enterprise/license.py', 'maop/enterprise/license_manager.py', 'maop/enterprise/pg_persist.py', 'maop/enterprise/quota.py', 'maop/enterprise/rbac.py', 'maop/enterprise/saml_handler.py', 'maop/enterprise/sso.py', 'maop/enterprise/sso_store.py', 'maop/enterprise/tenant.py', 'maop/enterprise/tls_auto.py']", "timestamp": "2026-09-13T17:19:53.741870+00:00"}
{"backend": "license", "requested": "enterprise", "fallback": "personal", "reason": "no_license_key", "timestamp": "2026-09-13T17:19:53.822091+00:00"}
{"backend": "integrity", "requested": "enterprise", "fallback": "personal", "reason": "integrity_check_failed:modified modules detected: ['maop/enterprise/audit.py', 'maop/enterprise/ha.py', 'maop/enterprise/license.py', 'maop/enterprise/license_manager.py', 'maop/enterprise/pg_persist.py', 'maop/enterprise/quota.py', 'maop/enterprise/rbac.py', 'maop/enterprise/saml_handler.py', 'maop/enterprise/sso.py', 'maop/enterprise/sso_store.py', 'maop/enterprise/tenant.py', 'maop/enterprise/tls_auto.py']", "timestamp": "2026-09-13T17:19:53.854754+00:00"}
{"backend": "license", "requested": "enterprise", "fallback": "personal", "reason": "no_license_key", "timestamp": "2026-09-13T17:19:54.309382+00:00"}
{"backend": "integrity", "requested": "enterprise", "fallback": "personal", "reason": "integrity_check_failed:modified modules detected: ['maop/enterprise/audit.py', 'maop/enterprise/ha.py', 'maop/enterprise/license.py', 'maop/enterprise/license_manager.py', 'maop/enterprise/pg_persist.py', 'maop/enterprise/quota.py', 'maop/enterprise/rbac.py', 'maop/enterprise/saml_handler.py', 'maop/enterprise/sso.py', 'maop/enterprise/sso_store.py', 'maop/enterprise/tenant.py', 'maop/enterprise/tls_auto.py']", "timestamp": "2026-09-13T17:19:54.334839+00:00"}
{"backend": "license", "requested": "enterprise", "fallback": "personal", "reason": "no_license_key", "timestamp": "2026-09-13T17:19:54.424447+00:00"}
{"backend": "integrity", "requested": "enterprise", "fallback": "personal", "reason": "integrity_check_failed:modified modules detected: ['maop/enterprise/audit.py', 'maop/enterprise/ha.py', 'maop/enterprise/license.py', 'maop/enterprise/license_manager.py', 'maop/enterprise/pg_persist.py', 'maop/enterprise/quota.py', 'maop/enterprise/rbac.py', 'maop/enterprise/saml_handler.py', 'maop/enterprise/sso.py', 'maop/enterprise/sso_store.py', 'maop/enterprise/tenant.py', 'maop/enterprise/tls_auto.py']", "timestamp": "2026-09-13T17:19:54.450881+00:00"}
{"backend": "license", "requested": "enterprise", "fallback": "personal", "reason": "no_license_key", "timestamp": "2026-09-13T17:19:54.940921+00:00"}
{"backend": "integrity", "requested": "enterprise", "fallback": "personal", "reason": "integrity_check_failed:modified modules detected: ['maop/enterprise/audit.py', 'maop/enterprise/ha.py', 'maop/enterprise/license.py', 'maop/enterprise/license_manager.py', 'maop/enterprise/pg_persist.py', 'maop/enterprise/quota.py', 'maop/enterprise/rbac.py', 'maop/enterprise/saml_handler.py', 'maop/enterprise/sso.py', 'maop/enterprise/sso_store.py', 'maop/enterprise/tenant.py', 'maop/enterprise/tls_auto.py']", "timestamp": "2026-09-13T17:19:54.969734+00:00"}
{"backend": "license", "requested": "enterprise", "fallback": "personal", "reason": "no_license_key", "timestamp": "2026-09-13T17:19:55.076434+00:00"}
{"backend": "integrity", "requested": "enterprise", "fallback": "personal", "reason": "integrity_check_failed:modified modules detected: ['maop/enterprise/audit.py', 'maop/enterprise/ha.py', 'maop/enterprise/license.py', 'maop/enterprise/license_manager.py', 'maop/enterprise/pg_persist.py', 'maop/enterprise/quota.py', 'maop/enterprise/rbac.py', 'maop/enterprise/saml_handler.py', 'maop/enterprise/sso.py', 'maop/enterprise/sso_store.py', 'maop/enterprise/tenant.py', 'maop/enterprise/tls_auto.py']", "timestamp": "2026-09-13T17:19:55.103639+00:00"}
{"backend": "license", "requested": "enterprise", "fallback": "personal", "reason": "no_license_key", "timestamp": "2026-09-13T17:19:55.523799+00:00"}
{"backend": "integrity", "requested": "enterprise", "fallback": "personal", "reason": "integrity_check_failed:modified modules detected: ['maop/enterprise/audit.py', 'maop/enterprise/ha.py', 'maop/enterprise/license.py', 'maop/enterprise/license_manager.py', 'maop/enterprise/pg_persist.py', 'maop/enterprise/quota.py', 'maop/enterprise/rbac.py', 'maop/enterprise/saml_handler.py', 'maop/enterprise/sso.py', 'maop/enterprise/sso_store.py', 'maop/enterprise/tenant.py', 'maop/enterprise/tls_auto.py']", "timestamp": "2026-09-13T17:19:55.551765+00:00"}
{"backend": "license", "requested": "enterprise", "fallback": "personal", "reason": "no_license_key", "timestamp": "2026-09-13T17:19:55.650605+00:00"}
{"backend": "integrity", "requested": "enterprise", "fallback": "personal", "reason": "integrity_check_failed:modified modules detected: ['maop/enterprise/audit.py', 'maop/enterprise/ha.py', 'maop/enterprise/license.py', 'maop/enterprise/license_manager.py', 'maop/enterprise/pg_persist.py', 'maop/enterprise/quota.py', 'maop/enterprise/rbac.py', 'maop/enterprise/saml_handler.py', 'maop/enterprise/sso.py', 'maop/enterprise/sso_store.py', 'maop/enterprise/tenant.py', 'maop/enterprise/tls_auto.py']", "timestamp": "2026-09-13T17:19:55.679578+00:00"}
{"backend": "license", "requested": "enterprise", "fallback": "personal", "reason": "license_invalid", "timestamp": "2026-09-13T17:21:26.482782+00:00"}
{"backend": "cache", "requested": "redis", "fallback": "memory", "reason": "import_error", "timestamp": "2026-09-13T17:21:26.486117+00:00"}
{"backend": "license", "requested": "enterprise", "fallback": "personal", "reason": "license_invalid", "timestamp": "2026-09-13T17:21:26.502289+00:00"}
{"backend": "license", "requested": "enterprise", "fallback": "personal", "reason": "license_invalid", "timestamp": "2026-09-13T17:21:26.514394+00:00"}
{"backend": "queue", "requested": "redis", "fallback": "sqlite", "reason": "import_error", "timestamp": "2026-09-13T17:21:26.516244+00:00"}
{"backend": "license", "requested": "enterprise", "fallback": "personal", "reason": "license_invalid", "timestamp": "2026-09-13T17:21:26.635418+00:00"}
{"backend": "kv", "requested": "etcd", "fallback": "sqlite", "reason": "unavailable_etcd", "timestamp": "2026-09-13T17:21:26.638063+00:00"}
{"backend": "license", "requested": "enterprise", "fallback": "personal", "reason": "license_invalid", "timestamp": "2026-09-13T17:21:26.662921+00:00"}
{"backend": "cache", "requested": "redis", "fallback": "memory", "reason": "import_error", "timestamp": "2026-09-13T17:21:26.664626+00:00"}
{"backend": "queue", "requested": "redis", "fallback": "sqlite", "reason": "import_error", "timestamp": "2026-09-13T17:21:26.666487+00:00"}
{"backend": "kv", "requested": "etcd", "fallback": "sqlite", "reason": "unavailable_etcd", "timestamp": "2026-09-13T17:21:26.702373+00:00"}
{"backend": "storage", "requested": "postgresql", "fallback": "sqlite", "reason": "import_error", "timestamp": "2026-09-13T17:21:26.946496+00:00"}
{"backend": "cache", "requested": "redis", "fallback": "memory", "reason": "import_error", "timestamp": "2026-09-13T17:21:26.961446+00:00"}
{"backend": "queue", "requested": "rabbitmq", "fallback": "redis", "reason": "unavailable_rabbitmq", "timestamp": "2026-09-13T17:21:26.994838+00:00"}
{"backend": "queue", "requested": "redis", "fallback": "sqlite", "reason": "redis_unavailable", "timestamp": "2026-09-13T17:21:26.996610+00:00"}
{"backend": "secret", "requested": "vault", "fallback": "local", "reason": "unavailable_vault", "timestamp": "2026-09-13T17:21:27.067028+00:00"}
{"backend": "license", "requested": "enterprise", "fallback": "personal", "reason": "license_invalid", "timestamp": "2026-09-13T17:21:27.132774+00:00"}
{"backend": "queue", "requested": "rabbitmq", "fallback": "redis", "reason": "unavailable_rabbitmq", "timestamp": "2026-09-13T17:21:27.142617+00:00"}
{"backend": "queue", "requested": "redis", "fallback": "sqlite", "reason": "redis_unavailable", "timestamp": "2026-09-13T17:21:27.144595+00:00"}
{"backend": "queue", "requested": "rabbitmq", "fallback": "redis", "reason": "unavailable_rabbitmq", "timestamp": "2026-09-13T17:21:27.194155+00:00"}
{"backend": "queue", "requested": "redis", "fallback": "sqlite", "reason": "redis_unavailable", "timestamp": "2026-09-13T17:21:27.196311+00:00"}
{"backend": "kv", "requested": "etcd", "fallback": "sqlite", "reason": "unavailable_etcd", "timestamp": "2026-09-13T17:21:27.253000+00:00"}
{"backend": "kv", "requested": "consul", "fallback": "sqlite", "reason": "unavailable_etcd", "timestamp": "2026-09-13T17:21:27.276317+00:00"}
{"backend": "kv", "requested": "etcd", "fallback": "sqlite", "reason": "unavailable_etcd", "timestamp": "2026-09-13T17:21:27.347720+00:00"}
{"backend": "secret", "requested": "vault", "fallback": "local", "reason": "unavailable_vault", "timestamp": "2026-09-13T17:21:28.866217+00:00"}
{"backend": "license", "requested": "enterprise", "fallback": "personal", "reason": "license_invalid", "timestamp": "2026-09-13T17:21:29.694979+00:00"}
{"backend": "storage", "requested": "postgresql", "fallback": "memory", "reason": "import_error", "timestamp": "2026-09-13T17:21:32.178576+00:00"}
{"backend": "storage", "requested": "postgresql", "fallback": "sqlite", "reason": "import_error", "timestamp": "2026-09-13T17:21:47.547096+00:00"}
{"backend": "storage", "requested": "postgresql", "fallback": "sqlite", "reason": "import_error", "timestamp": "2026-09-13T17:21:47.555013+00:00"}
{"backend": "cache", "requested": "redis", "fallback": "memory", "reason": "import_error", "timestamp": "2026-09-13T17:21:47.556637+00:00"}
{"backend": "queue", "requested": "rabbitmq", "fallback": "sqlite", "reason": "import_error", "timestamp": "2026-09-13T17:21:47.565269+00:00"}
{"backend": "license", "requested": "enterprise", "fallback": "personal", "reason": "license_invalid", "timestamp": "2026-09-13T17:21:47.568831+00:00"}
{"backend": "storage", "requested": "postgresql", "fallback": "sqlite", "reason": "import_error", "timestamp": "2026-09-13T17:21:47.578327+00:00"}
{"backend": "license", "requested": "enterprise", "fallback": "personal", "reason": "license_invalid", "timestamp": "2026-09-13T17:21:48.239075+00:00"}
{"backend": "license", "requested": "enterprise", "fallback": "personal", "reason": "license_invalid", "timestamp": "2026-09-13T17:21:48.269292+00:00"}
{"backend": "license", "requested": "enterprise", "fallback": "personal", "reason": "license_invalid", "timestamp": "2026-09-13T17:21:48.301825+00:00"}
{"backend": "license", "requested": "enterprise", "fallback": "personal", "reason": "license_invalid", "timestamp": "2026-09-13T17:21:48.401812+00:00"}
{"backend": "license", "requested": "enterprise", "fallback": "personal", "reason": "license_invalid", "timestamp": "2026-09-13T17:21:48.426108+00:00"}
{"backend": "license", "requested": "enterprise", "fallback": "personal", "reason": "license_invalid", "timestamp": "2026-09-13T17:21:48.459171+00:00"}
{"backend": "license", "requested": "enterprise", "fallback": "personal", "reason": "license_invalid", "timestamp": "2026-09-13T17:22:17.339143+00:00"}
{"backend": "license", "requested": "enterprise", "fallback": "personal", "reason": "license_invalid", "timestamp": "2026-09-13T17:22:27.811796+00:00"}
{"backend": "license", "requested": "enterprise", "fallback": "personal", "reason": "no_license_key", "timestamp": "2026-09-13T17:23:26.183793+00:00"}
{"backend": "integrity", "requested": "enterprise", "fallback": "personal", "reason": "integrity_check_failed:modified modules detected: ['maop/enterprise/audit.py', 'maop/enterprise/ha.py', 'maop/enterprise/license.py', 'maop/enterprise/license_manager.py', 'maop/enterprise/pg_persist.py', 'maop/enterprise/quota.py', 'maop/enterprise/rbac.py', 'maop/enterprise/saml_handler.py', 'maop/enterprise/sso.py', 'maop/enterprise/sso_store.py', 'maop/enterprise/tenant.py', 'maop/enterprise/tls_auto.py']", "timestamp": "2026-09-13T17:23:26.210532+00:00"}
{"backend": "license", "requested": "enterprise", "fallback": "personal", "reason": "no_license_key", "timestamp": "2026-09-13T17:23:34.935018+00:00"}
{"backend": "integrity", "requested": "enterprise", "fallback": "personal", "reason": "integrity_check_failed:modified modules detected: ['maop/enterprise/audit.py', 'maop/enterprise/ha.py', 'maop/enterprise/license.py', 'maop/enterprise/license_manager.py', 'maop/enterprise/pg_persist.py', 'maop/enterprise/quota.py', 'maop/enterprise/rbac.py', 'maop/enterprise/saml_handler.py', 'maop/enterprise/sso.py', 'maop/enterprise/sso_store.py', 'maop/enterprise/tenant.py', 'maop/enterprise/tls_auto.py']", "timestamp": "2026-09-13T17:23:34.961501+00:00"}
{"backend": "license", "requested": "enterprise", "fallback": "personal", "reason": "no_license_key", "timestamp": "2026-09-13T17:23:35.245766+00:00"}
{"backend": "integrity", "requested": "enterprise", "fallback": "personal", "reason": "integrity_check_failed:modified modules detected: ['maop/enterprise/audit.py', 'maop/enterprise/ha.py', 'maop/enterprise/license.py', 'maop/enterprise/license_manager.py', 'maop/enterprise/pg_persist.py', 'maop/enterprise/quota.py', 'maop/enterprise/rbac.py', 'maop/enterprise/saml_handler.py', 'maop/enterprise/sso.py', 'maop/enterprise/sso_store.py', 'maop/enterprise/tenant.py', 'maop/enterprise/tls_auto.py']", "timestamp": "2026-09-13T17:23:35.272897+00:00"}
{"backend": "license", "requested": "enterprise", "fallback": "personal", "reason": "no_license_key", "timestamp": "2026-09-13T17:23:35.675257+00:00"}
{"backend": "integrity", "requested": "enterprise", "fallback": "personal", "reason": "integrity_check_failed:modified modules detected: ['maop/enterprise/audit.py', 'maop/enterprise/ha.py', 'maop/enterprise/license.py', 'maop/enterprise/license_manager.py', 'maop/enterprise/pg_persist.py', 'maop/enterprise/quota.py', 'maop/enterprise/rbac.py', 'maop/enterprise/saml_handler.py', 'maop/enterprise/sso.py', 'maop/enterprise/sso_store.py', 'maop/enterprise/tenant.py', 'maop/enterprise/tls_auto.py']", "timestamp": "2026-09-13T17:23:35.701798+00:00"}
{"backend": "license", "requested": "enterprise", "fallback": "personal", "reason": "no_license_key", "timestamp": "2026-09-13T17:23:35.974071+00:00"}
{"backend": "integrity", "requested": "enterprise", "fallback": "personal", "reason": "integrity_check_failed:modified modules detected: ['maop/enterprise/audit.py', 'maop/enterprise/ha.py', 'maop/enterprise/license.py', 'maop/enterprise/license_manager.py', 'maop/enterprise/pg_persist.py', 'maop/enterprise/quota.py', 'maop/enterprise/rbac.py', 'maop/enterprise/saml_handler.py', 'maop/enterprise/sso.py', 'maop/enterprise/sso_store.py', 'maop/enterprise/tenant.py', 'maop/enterprise/tls_auto.py']", "timestamp": "2026-09-13T17:23:36.001603+00:00"}
{"backend": "license", "requested": "enterprise", "fallback": "personal", "reason": "no_license_key", "timestamp": "2026-09-13T17:23:36.415856+00:00"}
{"backend": "integrity", "requested": "enterprise", "fallback": "personal", "reason": "integrity_check_failed:modified modules detected: ['maop/enterprise/audit.py', 'maop/enterprise/ha.py', 'maop/enterprise/license.py', 'maop/enterprise/license_manager.py', 'maop/enterprise/pg_persist.py', 'maop/enterprise/quota.py', 'maop/enterprise/rbac.py', 'maop/enterprise/saml_handler.py', 'maop/enterprise/sso.py', 'maop/enterprise/sso_store.py', 'maop/enterprise/tenant.py', 'maop/enterprise/tls_auto.py']", "timestamp": "2026-09-13T17:23:36.444090+00:00"}
{"backend": "license", "requested": "enterprise", "fallback": "personal", "reason": "no_license_key", "timestamp": "2026-09-13T17:23:36.670305+00:00"}
{"backend": "integrity", "requested": "enterprise", "fallback": "personal", "reason": "integrity_check_failed:modified modules detected: ['maop/enterprise/audit.py', 'maop/enterprise/ha.py', 'maop/enterprise/license.py', 'maop/enterprise/license_manager.py', 'maop/enterprise/pg_persist.py', 'maop/enterprise/quota.py', 'maop/enterprise/rbac.py', 'maop/enterprise/saml_handler.py', 'maop/enterprise/sso.py', 'maop/enterprise/sso_store.py', 'maop/enterprise/tenant.py', 'maop/enterprise/tls_auto.py']", "timestamp": "2026-09-13T17:23:36.700281+00:00"}
{"backend": "license", "requested": "enterprise", "fallback": "personal", "reason": "no_license_key", "timestamp": "2026-09-13T17:23:37.098956+00:00"}
{"backend": "integrity", "requested": "enterprise", "fallback": "personal", "reason": "integrity_check_failed:modified modules detected: ['maop/enterprise/audit.py', 'maop/enterprise/ha.py', 'maop/enterprise/license.py', 'maop/enterprise/license_manager.py', 'maop/enterprise/pg_persist.py', 'maop/enterprise/quota.py', 'maop/enterprise/rbac.py', 'maop/enterprise/saml_handler.py', 'maop/enterprise/sso.py', 'maop/enterprise/sso_store.py', 'maop/enterprise/tenant.py', 'maop/enterprise/tls_auto.py']", "timestamp": "2026-09-13T17:23:37.127516+00:00"}
{"backend": "license", "requested": "enterprise", "fallback": "personal", "reason": "no_license_key", "timestamp": "2026-09-13T17:23:37.484591+00:00"}
{"backend": "integrity", "requested": "enterprise", "fallback": "personal", "reason": "integrity_check_failed:modified modules detected: ['maop/enterprise/audit.py', 'maop/enterprise/ha.py', 'maop/enterprise/license.py', 'maop/enterprise/license_manager.py', 'maop/enterprise/pg_persist.py', 'maop/enterprise/quota.py', 'maop/enterprise/rbac.py', 'maop/enterprise/saml_handler.py', 'maop/enterprise/sso.py', 'maop/enterprise/sso_store.py', 'maop/enterprise/tenant.py', 'maop/enterprise/tls_auto.py']", "timestamp": "2026-09-13T17:23:37.516163+00:00"}
{"backend": "license", "requested": "enterprise", "fallback": "personal", "reason": "no_license_key", "timestamp": "2026-09-13T17:23:37.639937+00:00"}
{"backend": "integrity", "requested": "enterprise", "fallback": "personal", "reason": "integrity_check_failed:modified modules detected: ['maop/enterprise/audit.py', 'maop/enterprise/ha.py', 'maop/enterprise/license.py', 'maop/enterprise/license_manager.py', 'maop/enterprise/pg_persist.py', 'maop/enterprise/quota.py', 'maop/enterprise/rbac.py', 'maop/enterprise/saml_handler.py', 'maop/enterprise/sso.py', 'maop/enterprise/sso_store.py', 'maop/enterprise/tenant.py', 'maop/enterprise/tls_auto.py']", "timestamp": "2026-09-13T17:23:37.671790+00:00"}
{"backend": "license", "requested": "enterprise", "fallback": "personal", "reason": "no_license_key", "timestamp": "2026-09-13T17:23:38.167388+00:00"}
{"backend": "integrity", "requested": "enterprise", "fallback": "personal", "reason": "integrity_check_failed:modified modules detected: ['maop/enterprise/audit.py', 'maop/enterprise/ha.py', 'maop/enterprise/license.py', 'maop/enterprise/license_manager.py', 'maop/enterprise/pg_persist.py', 'maop/enterprise/quota.py', 'maop/enterprise/rbac.py', 'maop/enterprise/saml_handler.py', 'maop/enterprise/sso.py', 'maop/enterprise/sso_store.py', 'maop/enterprise/tenant.py', 'maop/enterprise/tls_auto.py']", "timestamp": "2026-09-13T17:23:38.194558+00:00"}
{"backend": "license", "requested": "enterprise", "fallback": "personal", "reason": "no_license_key", "timestamp": "2026-09-13T17:23:38.342347+00:00"}
{"backend": "integrity", "requested": "enterprise", "fallback": "personal", "reason": "integrity_check_failed:modified modules detected: ['maop/enterprise/audit.py', 'maop/enterprise/ha.py', 'maop/enterprise/license.py', 'maop/enterprise/license_manager.py', 'maop/enterprise/pg_persist.py', 'maop/enterprise/quota.py', 'maop/enterprise/rbac.py', 'maop/enterprise/saml_handler.py', 'maop/enterprise/sso.py', 'maop/enterprise/sso_store.py', 'maop/enterprise/tenant.py', 'maop/enterprise/tls_auto.py']", "timestamp": "2026-09-13T17:23:38.377272+00:00"}
{"backend": "license", "requested": "enterprise", "fallback": "personal", "reason": "no_license_key", "timestamp": "2026-09-13T17:23:38.760530+00:00"}
{"backend": "integrity", "requested": "enterprise", "fallback": "personal", "reason": "integrity_check_failed:modified modules detected: ['maop/enterprise/audit.py', 'maop/enterprise/ha.py', 'maop/enterprise/license.py', 'maop/enterprise/license_manager.py', 'maop/enterprise/pg_persist.py', 'maop/enterprise/quota.py', 'maop/enterprise/rbac.py', 'maop/enterprise/saml_handler.py', 'maop/enterprise/sso.py', 'maop/enterprise/sso_store.py', 'maop/enterprise/tenant.py', 'maop/enterprise/tls_auto.py']", "timestamp": "2026-09-13T17:23:38.791297+00:00"}
{"backend": "license", "requested": "enterprise", "fallback": "personal", "reason": "no_license_key", "timestamp": "2026-09-13T17:23:38.975769+00:00"}
{"backend": "integrity", "requested": "enterprise", "fallback": "personal", "reason": "integrity_check_failed:modified modules detected: ['maop/enterprise/audit.py', 'maop/enterprise/ha.py', 'maop/enterprise/license.py', 'maop/enterprise/license_manager.py', 'maop/enterprise/pg_persist.py', 'maop/enterprise/quota.py', 'maop/enterprise/rbac.py', 'maop/enterprise/saml_handler.py', 'maop/enterprise/sso.py', 'maop/enterprise/sso_store.py', 'maop/enterprise/tenant.py', 'maop/enterprise/tls_auto.py']", "timestamp": "2026-09-13T17:23:39.004669+00:00"}
{"backend": "license", "requested": "enterprise", "fallback": "personal", "reason": "no_license_key", "timestamp": "2026-09-13T17:23:39.341081+00:00"}
{"backend": "integrity", "requested": "enterprise", "fallback": "personal", "reason": "integrity_check_failed:modified modules detected: ['maop/enterprise/audit.py', 'maop/enterprise/ha.py', 'maop/enterprise/license.py', 'maop/enterprise/license_manager.py', 'maop/enterprise/pg_persist.py', 'maop/enterprise/quota.py', 'maop/enterprise/rbac.py', 'maop/enterprise/saml_handler.py', 'maop/enterprise/sso.py', 'maop/enterprise/sso_store.py', 'maop/enterprise/tenant.py', 'maop/enterprise/tls_auto.py']", "timestamp": "2026-09-13T17:23:39.369247+00:00"}
{"backend": "license", "requested": "enterprise", "fallback": "personal", "reason": "no_license_key", "timestamp": "2026-09-13T17:23:39.481176+00:00"}
{"backend": "integrity", "requested": "enterprise", "fallback": "personal", "reason": "integrity_check_failed:modified modules detected: ['maop/enterprise/audit.py', 'maop/enterprise/ha.py', 'maop/enterprise/license.py', 'maop/enterprise/license_manager.py', 'maop/enterprise/pg_persist.py', 'maop/enterprise/quota.py', 'maop/enterprise/rbac.py', 'maop/enterprise/saml_handler.py', 'maop/enterprise/sso.py', 'maop/enterprise/sso_store.py', 'maop/enterprise/tenant.py', 'maop/enterprise/tls_auto.py']", "timestamp": "2026-09-13T17:23:39.506160+00:00"}
{"backend": "license", "requested": "enterprise", "fallback": "personal", "reason": "no_license_key", "timestamp": "2026-09-13T17:23:39.842861+00:00"}
{"backend": "integrity", "requested": "enterprise", "fallback": "personal", "reason": "integrity_check_failed:modified modules detected: ['maop/enterprise/audit.py', 'maop/enterprise/ha.py', 'maop/enterprise/license.py', 'maop/enterprise/license_manager.py', 'maop/enterprise/pg_persist.py', 'maop/enterprise/quota.py', 'maop/enterprise/rbac.py', 'maop/enterprise/saml_handler.py', 'maop/enterprise/sso.py', 'maop/enterprise/sso_store.py', 'maop/enterprise/tenant.py', 'maop/enterprise/tls_auto.py']", "timestamp": "2026-09-13T17:23:39.866787+00:00"}
{"backend": "license", "requested": "enterprise", "fallback": "personal", "reason": "no_license_key", "timestamp": "2026-09-13T17:24:42.933680+00:00"}
{"backend": "integrity", "requested": "enterprise", "fallback": "personal", "reason": "integrity_check_failed:modified modules detected: ['maop/enterprise/audit.py', 'maop/enterprise/ha.py', 'maop/enterprise/license.py', 'maop/enterprise/license_manager.py', 'maop/enterprise/pg_persist.py', 'maop/enterprise/quota.py', 'maop/enterprise/rbac.py', 'maop/enterprise/saml_handler.py', 'maop/enterprise/sso.py', 'maop/enterprise/sso_store.py', 'maop/enterprise/tenant.py', 'maop/enterprise/tls_auto.py']", "timestamp": "2026-09-13T17:24:42.949764+00:00"}
{"backend": "license", "requested": "enterprise", "fallback": "personal", "reason": "no_license_key", "timestamp": "2026-09-13T17:24:51.163370+00:00"}
{"backend": "integrity", "requested": "enterprise", "fallback": "personal", "reason": "integrity_check_failed:modified modules detected: ['maop/enterprise/audit.py', 'maop/enterprise/ha.py', 'maop/enterprise/license.py', 'maop/enterprise/license_manager.py', 'maop/enterprise/pg_persist.py', 'maop/enterprise/quota.py', 'maop/enterprise/rbac.py', 'maop/enterprise/saml_handler.py', 'maop/enterprise/sso.py', 'maop/enterprise/sso_store.py', 'maop/enterprise/tenant.py', 'maop/enterprise/tls_auto.py']", "timestamp": "2026-09-13T17:24:51.189434+00:00"}
{"backend": "license", "requested": "enterprise", "fallback": "personal", "reason": "no_license_key", "timestamp": "2026-09-13T17:24:51.476484+00:00"}
{"backend": "integrity", "requested": "enterprise", "fallback": "personal", "reason": "integrity_check_failed:modified modules detected: ['maop/enterprise/audit.py', 'maop/enterprise/ha.py', 'maop/enterprise/license.py', 'maop/enterprise/license_manager.py', 'maop/enterprise/pg_persist.py', 'maop/enterprise/quota.py', 'maop/enterprise/rbac.py', 'maop/enterprise/saml_handler.py', 'maop/enterprise/sso.py', 'maop/enterprise/sso_store.py', 'maop/enterprise/tenant.py', 'maop/enterprise/tls_auto.py']", "timestamp": "2026-09-13T17:24:51.505413+00:00"}
{"backend": "license", "requested": "enterprise", "fallback": "personal", "reason": "no_license_key", "timestamp": "2026-09-13T17:24:51.868647+00:00"}
{"backend": "integrity", "requested": "enterprise", "fallback": "personal", "reason": "integrity_check_failed:modified modules detected: ['maop/enterprise/audit.py', 'maop/enterprise/ha.py', 'maop/enterprise/license.py', 'maop/enterprise/license_manager.py', 'maop/enterprise/pg_persist.py', 'maop/enterprise/quota.py', 'maop/enterprise/rbac.py', 'maop/enterprise/saml_handler.py', 'maop/enterprise/sso.py', 'maop/enterprise/sso_store.py', 'maop/enterprise/tenant.py', 'maop/enterprise/tls_auto.py']", "timestamp": "2026-09-13T17:24:51.897453+00:00"}
{"backend": "license", "requested": "enterprise", "fallback": "personal", "reason": "no_license_key", "timestamp": "2026-09-13T17:24:52.222316+00:00"}
{"backend": "integrity", "requested": "enterprise", "fallback": "personal", "reason": "integrity_check_failed:modified modules detected: ['maop/enterprise/audit.py', 'maop/enterprise/ha.py', 'maop/enterprise/license.py', 'maop/enterprise/license_manager.py', 'maop/enterprise/pg_persist.py', 'maop/enterprise/quota.py', 'maop/enterprise/rbac.py', 'maop/enterprise/saml_handler.py', 'maop/enterprise/sso.py', 'maop/enterprise/sso_store.py', 'maop/enterprise/tenant.py', 'maop/enterprise/tls_auto.py']", "timestamp": "2026-09-13T17:24:52.252205+00:00"}
{"backend": "license", "requested": "enterprise", "fallback": "personal", "reason": "no_license_key", "timestamp": "2026-09-13T17:24:52.591470+00:00"}
{"backend": "integrity", "requested": "enterprise", "fallback": "personal", "reason": "integrity_check_failed:modified modules detected: ['maop/enterprise/audit.py', 'maop/enterprise/ha.py', 'maop/enterprise/license.py', 'maop/enterprise/license_manager.py', 'maop/enterprise/pg_persist.py', 'maop/enterprise/quota.py', 'maop/enterprise/rbac.py', 'maop/enterprise/saml_handler.py', 'maop/enterprise/sso.py', 'maop/enterprise/sso_store.py', 'maop/enterprise/tenant.py', 'maop/enterprise/tls_auto.py']", "timestamp": "2026-09-13T17:24:52.619505+00:00"}
{"backend": "license", "requested": "enterprise", "fallback": "personal", "reason": "no_license_key", "timestamp": "2026-09-13T17:24:52.767691+00:00"}
{"backend": "integrity", "requested": "enterprise", "fallback": "personal", "reason": "integrity_check_failed:modified modules detected: ['maop/enterprise/audit.py', 'maop/enterprise/ha.py', 'maop/enterprise/license.py', 'maop/enterprise/license_manager.py', 'maop/enterprise/pg_persist.py', 'maop/enterprise/quota.py', 'maop/enterprise/rbac.py', 'maop/enterprise/saml_handler.py', 'maop/enterprise/sso.py', 'maop/enterprise/sso_store.py', 'maop/enterprise/tenant.py', 'maop/enterprise/tls_auto.py']", "timestamp": "2026-09-13T17:24:52.798967+00:00"}
{"backend": "license", "requested": "enterprise", "fallback": "personal", "reason": "no_license_key", "timestamp": "2026-09-13T17:24:53.267080+00:00"}
{"backend": "integrity", "requested": "enterprise", "fallback": "personal", "reason": "integrity_check_failed:modified modules detected: ['maop/enterprise/audit.py', 'maop/enterprise/ha.py', 'maop/enterprise/license.py', 'maop/enterprise/license_manager.py', 'maop/enterprise/pg_persist.py', 'maop/enterprise/quota.py', 'maop/enterprise/rbac.py', 'maop/enterprise/saml_handler.py', 'maop/enterprise/sso.py', 'maop/enterprise/sso_store.py', 'maop/enterprise/tenant.py', 'maop/enterprise/tls_auto.py']", "timestamp": "2026-09-13T17:24:53.297067+00:00"}
{"backend": "license", "requested": "enterprise", "fallback": "personal", "reason": "no_license_key", "timestamp": "2026-09-13T17:24:53.453718+00:00"}
{"backend": "integrity", "requested": "enterprise", "fallback": "personal", "reason": "integrity_check_failed:modified modules detected: ['maop/enterprise/audit.py', 'maop/enterprise/ha.py', 'maop/enterprise/license.py', 'maop/enterprise/license_manager.py', 'maop/enterprise/pg_persist.py', 'maop/enterprise/quota.py', 'maop/enterprise/rbac.py', 'maop/enterprise/saml_handler.py', 'maop/enterprise/sso.py', 'maop/enterprise/sso_store.py', 'maop/enterprise/tenant.py', 'maop/enterprise/tls_auto.py']", "timestamp": "2026-09-13T17:24:53.480686+00:00"}
{"backend": "license", "requested": "enterprise", "fallback": "personal", "reason": "no_license_key", "timestamp": "2026-09-13T17:24:53.718608+00:00"}
{"backend": "integrity", "requested": "enterprise", "fallback": "personal", "reason": "integrity_check_failed:modified modules detected: ['maop/enterprise/audit.py', 'maop/enterprise/ha.py', 'maop/enterprise/license.py', 'maop/enterprise/license_manager.py', 'maop/enterprise/pg_persist.py', 'maop/enterprise/quota.py', 'maop/enterprise/rbac.py', 'maop/enterprise/saml_handler.py', 'maop/enterprise/sso.py', 'maop/enterprise/sso_store.py', 'maop/enterprise/tenant.py', 'maop/enterprise/tls_auto.py']", "timestamp": "2026-09-13T17:24:53.744618+00:00"}
{"backend": "license", "requested": "enterprise", "fallback": "personal", "reason": "no_license_key", "timestamp": "2026-09-13T17:24:53.993972+00:00"}
{"backend": "integrity", "requested": "enterprise", "fallback": "personal", "reason": "integrity_check_failed:modified modules detected: ['maop/enterprise/audit.py', 'maop/enterprise/ha.py', 'maop/enterprise/license.py', 'maop/enterprise/license_manager.py', 'maop/enterprise/pg_persist.py', 'maop/enterprise/quota.py', 'maop/enterprise/rbac.py', 'maop/enterprise/saml_handler.py', 'maop/enterprise/sso.py', 'maop/enterprise/sso_store.py', 'maop/enterprise/tenant.py', 'maop/enterprise/tls_auto.py']", "timestamp": "2026-09-13T17:24:54.021721+00:00"}
{"backend": "license", "requested": "enterprise", "fallback": "personal", "reason": "no_license_key", "timestamp": "2026-09-13T17:24:54.459748+00:00"}
{"backend": "integrity", "requested": "enterprise", "fallback": "personal", "reason": "integrity_check_failed:modified modules detected: ['maop/enterprise/audit.py', 'maop/enterprise/ha.py', 'maop/enterprise/license.py', 'maop/enterprise/license_manager.py', 'maop/enterprise/pg_persist.py', 'maop/enterprise/quota.py', 'maop/enterprise/rbac.py', 'maop/enterprise/saml_handler.py', 'maop/enterprise/sso.py', 'maop/enterprise/sso_store.py', 'maop/enterprise/tenant.py', 'maop/enterprise/tls_auto.py']", "timestamp": "2026-09-13T17:24:54.488539+00:00"}
{"backend": "license", "requested": "enterprise", "fallback": "personal", "reason": "no_license_key", "timestamp": "2026-09-13T17:24:54.613938+00:00"}
{"backend": "integrity", "requested": "enterprise", "fallback": "personal", "reason": "integrity_check_failed:modified modules detected: ['maop/enterprise/audit.py', 'maop/enterprise/ha.py', 'maop/enterprise/license.py', 'maop/enterprise/license_manager.py', 'maop/enterprise/pg_persist.py', 'maop/enterprise/quota.py', 'maop/enterprise/rbac.py', 'maop/enterprise/saml_handler.py', 'maop/enterprise/sso.py', 'maop/enterprise/sso_store.py', 'maop/enterprise/tenant.py', 'maop/enterprise/tls_auto.py']", "timestamp": "2026-09-13T17:24:54.640772+00:00"}
{"backend": "license", "requested": "enterprise", "fallback": "personal", "reason": "no_license_key", "timestamp": "2026-09-13T17:24:55.066353+00:00"}
{"backend": "integrity", "requested": "enterprise", "fallback": "personal", "reason": "integrity_check_failed:modified modules detected: ['maop/enterprise/audit.py', 'maop/enterprise/ha.py', 'maop/enterprise/license.py', 'maop/enterprise/license_manager.py', 'maop/enterprise/pg_persist.py', 'maop/enterprise/quota.py', 'maop/enterprise/rbac.py', 'maop/enterprise/saml_handler.py', 'maop/enterprise/sso.py', 'maop/enterprise/sso_store.py', 'maop/enterprise/tenant.py', 'maop/enterprise/tls_auto.py']", "timestamp": "2026-09-13T17:24:55.097305+00:00"}
{"backend": "license", "requested": "enterprise", "fallback": "personal", "reason": "no_license_key", "timestamp": "2026-09-13T17:24:55.323963+00:00"}
{"backend": "integrity", "requested": "enterprise", "fallback": "personal", "reason": "integrity_check_failed:modified modules detected: ['maop/enterprise/audit.py', 'maop/enterprise/ha.py', 'maop/enterprise/license.py', 'maop/enterprise/license_manager.py', 'maop/enterprise/pg_persist.py', 'maop/enterprise/quota.py', 'maop/enterprise/rbac.py', 'maop/enterprise/saml_handler.py', 'maop/enterprise/sso.py', 'maop/enterprise/sso_store.py', 'maop/enterprise/tenant.py', 'maop/enterprise/tls_auto.py']", "timestamp": "2026-09-13T17:24:55.354807+00:00"}
{"backend": "license", "requested": "enterprise", "fallback": "personal", "reason": "no_license_key", "timestamp": "2026-09-13T17:24:55.762046+00:00"}
{"backend": "integrity", "requested": "enterprise", "fallback": "personal", "reason": "integrity_check_failed:modified modules detected: ['maop/enterprise/audit.py', 'maop/enterprise/ha.py', 'maop/enterprise/license.py', 'maop/enterprise/license_manager.py', 'maop/enterprise/pg_persist.py', 'maop/enterprise/quota.py', 'maop/enterprise/rbac.py', 'maop/enterprise/saml_handler.py', 'maop/enterprise/sso.py', 'maop/enterprise/sso_store.py', 'maop/enterprise/tenant.py', 'maop/enterprise/tls_auto.py']", "timestamp": "2026-09-13T17:24:55.791268+00:00"}
{"backend": "license", "requested": "enterprise", "fallback": "personal", "reason": "no_license_key", "timestamp": "2026-09-13T17:24:55.974681+00:00"}
{"backend": "integrity", "requested": "enterprise", "fallback": "personal", "reason": "integrity_check_failed:modified modules detected: ['maop/enterprise/audit.py', 'maop/enterprise/ha.py', 'maop/enterprise/license.py', 'maop/enterprise/license_manager.py', 'maop/enterprise/pg_persist.py', 'maop/enterprise/quota.py', 'maop/enterprise/rbac.py', 'maop/enterprise/saml_handler.py', 'maop/enterprise/sso.py', 'maop/enterprise/sso_store.py', 'maop/enterprise/tenant.py', 'maop/enterprise/tls_auto.py']", "timestamp": "2026-09-13T17:24:56.002185+00:00"}
{"backend": "license", "requested": "enterprise", "fallback": "personal", "reason": "no_license_key", "timestamp": "2026-09-13T17:31:48.593936+00:00"}
{"backend": "integrity", "requested": "enterprise", "fallback": "personal", "reason": "integrity_check_failed:modified modules detected: ['maop/enterprise/audit.py', 'maop/enterprise/ha.py', 'maop/enterprise/license.py', 'maop/enterprise/license_manager.py', 'maop/enterprise/pg_persist.py', 'maop/enterprise/quota.py', 'maop/enterprise/rbac.py', 'maop/enterprise/saml_handler.py', 'maop/enterprise/sso.py', 'maop/enterprise/sso_store.py', 'maop/enterprise/tenant.py', 'maop/enterprise/tls_auto.py']", "timestamp": "2026-09-13T17:31:48.613390+00:00"}
{"backend": "license", "requested": "enterprise", "fallback": "personal", "reason": "no_license_key", "timestamp": "2026-09-13T17:31:57.003870+00:00"}
{"backend": "integrity", "requested": "enterprise", "fallback": "personal", "reason": "integrity_check_failed:modified modules detected: ['maop/enterprise/audit.py', 'maop/enterprise/ha.py', 'maop/enterprise/license.py', 'maop/enterprise/license_manager.py', 'maop/enterprise/pg_persist.py', 'maop/enterprise/quota.py', 'maop/enterprise/rbac.py', 'maop/enterprise/saml_handler.py', 'maop/enterprise/sso.py', 'maop/enterprise/sso_store.py', 'maop/enterprise/tenant.py', 'maop/enterprise/tls_auto.py']", "timestamp": "2026-09-13T17:31:57.029590+00:00"}
{"backend": "license", "requested": "enterprise", "fallback": "personal", "reason": "no_license_key", "timestamp": "2026-09-13T17:31:57.461031+00:00"}
{"backend": "integrity", "requested": "enterprise", "fallback": "personal", "reason": "integrity_check_failed:modified modules detected: ['maop/enterprise/audit.py', 'maop/enterprise/ha.py', 'maop/enterprise/license.py', 'maop/enterprise/license_manager.py', 'maop/enterprise/pg_persist.py', 'maop/enterprise/quota.py', 'maop/enterprise/rbac.py', 'maop/enterprise/saml_handler.py', 'maop/enterprise/sso.py', 'maop/enterprise/sso_store.py', 'maop/enterprise/tenant.py', 'maop/enterprise/tls_auto.py']", "timestamp": "2026-09-13T17:31:57.487709+00:00"}
{"backend": "license", "requested": "enterprise", "fallback": "personal", "reason": "no_license_key", "timestamp": "2026-09-13T17:31:57.616789+00:00"}
{"backend": "integrity", "requested": "enterprise", "fallback": "personal", "reason": "integrity_check_failed:modified modules detected: ['maop/enterprise/audit.py', 'maop/enterprise/ha.py', 'maop/enterprise/license.py', 'maop/enterprise/license_manager.py', 'maop/enterprise/pg_persist.py', 'maop/enterprise/quota.py', 'maop/enterprise/rbac.py', 'maop/enterprise/saml_handler.py', 'maop/enterprise/sso.py', 'maop/enterprise/sso_store.py', 'maop/enterprise/tenant.py', 'maop/enterprise/tls_auto.py']", "timestamp": "2026-09-13T17:31:57.642200+00:00"}
{"backend": "license", "requested": "enterprise", "fallback": "personal", "reason": "no_license_key", "timestamp": "2026-09-13T17:31:58.117348+00:00"}
{"backend": "integrity", "requested": "enterprise", "fallback": "personal", "reason": "integrity_check_failed:modified modules detected: ['maop/enterprise/audit.py', 'maop/enterprise/ha.py', 'maop/enterprise/license.py', 'maop/enterprise/license_manager.py', 'maop/enterprise/pg_persist.py', 'maop/enterprise/quota.py', 'maop/enterprise/rbac.py', 'maop/enterprise/saml_handler.py', 'maop/enterprise/sso.py', 'maop/enterprise/sso_store.py', 'maop/enterprise/tenant.py', 'maop/enterprise/tls_auto.py']", "timestamp": "2026-09-13T17:31:58.150826+00:00"}
{"backend": "license", "requested": "enterprise", "fallback": "personal", "reason": "no_license_key", "timestamp": "2026-09-13T17:31:58.378656+00:00"}
{"backend": "integrity", "requested": "enterprise", "fallback": "personal", "reason": "integrity_check_failed:modified modules detected: ['maop/enterprise/audit.py', 'maop/enterprise/ha.py', 'maop/enterprise/license.py', 'maop/enterprise/license_manager.py', 'maop/enterprise/pg_persist.py', 'maop/enterprise/quota.py', 'maop/enterprise/rbac.py', 'maop/enterprise/saml_handler.py', 'maop/enterprise/sso.py', 'maop/enterprise/sso_store.py', 'maop/enterprise/tenant.py', 'maop/enterprise/tls_auto.py']", "timestamp": "2026-09-13T17:31:58.413066+00:00"}
{"backend": "license", "requested": "enterprise", "fallback": "personal", "reason": "no_license_key", "timestamp": "2026-09-13T17:31:59.007007+00:00"}
{"backend": "integrity", "requested": "enterprise", "fallback": "personal", "reason": "integrity_check_failed:modified modules detected: ['maop/enterprise/audit.py', 'maop/enterprise/ha.py', 'maop/enterprise/license.py', 'maop/enterprise/license_manager.py', 'maop/enterprise/pg_persist.py', 'maop/enterprise/quota.py', 'maop/enterprise/rbac.py', 'maop/enterprise/saml_handler.py', 'maop/enterprise/sso.py', 'maop/enterprise/sso_store.py', 'maop/enterprise/tenant.py', 'maop/enterprise/tls_auto.py']", "timestamp": "2026-09-13T17:31:59.036656+00:00"}
{"backend": "license", "requested": "enterprise", "fallback": "personal", "reason": "no_license_key", "timestamp": "2026-09-13T17:31:59.160735+00:00"}
{"backend": "integrity", "requested": "enterprise", "fallback": "personal", "reason": "integrity_check_failed:modified modules detected: ['maop/enterprise/audit.py', 'maop/enterprise/ha.py', 'maop/enterprise/license.py', 'maop/enterprise/license_manager.py', 'maop/enterprise/pg_persist.py', 'maop/enterprise/quota.py', 'maop/enterprise/rbac.py', 'maop/enterprise/saml_handler.py', 'maop/enterprise/sso.py', 'maop/enterprise/sso_store.py', 'maop/enterprise/tenant.py', 'maop/enterprise/tls_auto.py']", "timestamp": "2026-09-13T17:31:59.189756+00:00"}
{"backend": "license", "requested": "enterprise", "fallback": "personal", "reason": "no_license_key", "timestamp": "2026-09-13T17:31:59.641047+00:00"}
{"backend": "integrity", "requested": "enterprise", "fallback": "personal", "reason": "integrity_check_failed:modified modules detected: ['maop/enterprise/audit.py', 'maop/enterprise/ha.py', 'maop/enterprise/license.py', 'maop/enterprise/license_manager.py', 'maop/enterprise/pg_persist.py', 'maop/enterprise/quota.py', 'maop/enterprise/rbac.py', 'maop/enterprise/saml_handler.py', 'maop/enterprise/sso.py', 'maop/enterprise/sso_store.py', 'maop/enterprise/tenant.py', 'maop/enterprise/tls_auto.py']", "timestamp": "2026-09-13T17:31:59.667246+00:00"}
{"backend": "license", "requested": "enterprise", "fallback": "personal", "reason": "no_license_key", "timestamp": "2026-09-13T17:31:59.761764+00:00"}
{"backend": "integrity", "requested": "enterprise", "fallback": "personal", "reason": "integrity_check_failed:modified modules detected: ['maop/enterprise/audit.py', 'maop/enterprise/ha.py', 'maop/enterprise/license.py', 'maop/enterprise/license_manager.py', 'maop/enterprise/pg_persist.py', 'maop/enterprise/quota.py', 'maop/enterprise/rbac.py', 'maop/enterprise/saml_handler.py', 'maop/enterprise/sso.py', 'maop/enterprise/sso_store.py', 'maop/enterprise/tenant.py', 'maop/enterprise/tls_auto.py']", "timestamp": "2026-09-13T17:31:59.786546+00:00"}
{"backend": "license", "requested": "enterprise", "fallback": "personal", "reason": "no_license_key", "timestamp": "2026-09-13T17:32:00.267140+00:00"}
{"backend": "integrity", "requested": "enterprise", "fallback": "personal", "reason": "integrity_check_failed:modified modules detected: ['maop/enterprise/audit.py', 'maop/enterprise/ha.py', 'maop/enterprise/license.py', 'maop/enterprise/license_manager.py', 'maop/enterprise/pg_persist.py', 'maop/enterprise/quota.py', 'maop/enterprise/rbac.py', 'maop/enterprise/saml_handler.py', 'maop/enterprise/sso.py', 'maop/enterprise/sso_store.py', 'maop/enterprise/tenant.py', 'maop/enterprise/tls_auto.py']", "timestamp": "2026-09-13T17:32:00.300259+00:00"}
{"backend": "license", "requested": "enterprise", "fallback": "personal", "reason": "no_license_key", "timestamp": "2026-09-13T17:32:00.404670+00:00"}
{"backend": "integrity", "requested": "enterprise", "fallback": "personal", "reason": "integrity_check_failed:modified modules detected: ['maop/enterprise/audit.py', 'maop/enterprise/ha.py', 'maop/enterprise/license.py', 'maop/enterprise/license_manager.py', 'maop/enterprise/pg_persist.py', 'maop/enterprise/quota.py', 'maop/enterprise/rbac.py', 'maop/enterprise/saml_handler.py', 'maop/enterprise/sso.py', 'maop/enterprise/sso_store.py', 'maop/enterprise/tenant.py', 'maop/enterprise/tls_auto.py']", "timestamp": "2026-09-13T17:32:00.433661+00:00"}
{"backend": "license", "requested": "enterprise", "fallback": "personal", "reason": "no_license_key", "timestamp": "2026-09-13T17:32:00.857190+00:00"}
{"backend": "integrity", "requested": "enterprise", "fallback": "personal", "reason": "integrity_check_failed:modified modules detected: ['maop/enterprise/audit.py', 'maop/enterprise/ha.py', 'maop/enterprise/license.py', 'maop/enterprise/license_manager.py', 'maop/enterprise/pg_persist.py', 'maop/enterprise/quota.py', 'maop/enterprise/rbac.py', 'maop/enterprise/saml_handler.py', 'maop/enterprise/sso.py', 'maop/enterprise/sso_store.py', 'maop/enterprise/tenant.py', 'maop/enterprise/tls_auto.py']", "timestamp": "2026-09-13T17:32:00.883308+00:00"}
{"backend": "license", "requested": "enterprise", "fallback": "personal", "reason": "no_license_key", "timestamp": "2026-09-13T17:32:00.994380+00:00"}
{"backend": "integrity", "requested": "enterprise", "fallback": "personal", "reason": "integrity_check_failed:modified modules detected: ['maop/enterprise/audit.py', 'maop/enterprise/ha.py', 'maop/enterprise/license.py', 'maop/enterprise/license_manager.py', 'maop/enterprise/pg_persist.py', 'maop/enterprise/quota.py', 'maop/enterprise/rbac.py', 'maop/enterprise/saml_handler.py', 'maop/enterprise/sso.py', 'maop/enterprise/sso_store.py', 'maop/enterprise/tenant.py', 'maop/enterprise/tls_auto.py']", "timestamp": "2026-09-13T17:32:01.020399+00:00"}
{"backend": "license", "requested": "enterprise", "fallback": "personal", "reason": "no_license_key", "timestamp": "2026-09-13T17:32:01.399047+00:00"}
{"backend": "integrity", "requested": "enterprise", "fallback": "personal", "reason": "integrity_check_failed:modified modules detected: ['maop/enterprise/audit.py', 'maop/enterprise/ha.py', 'maop/enterprise/license.py', 'maop/enterprise/license_manager.py', 'maop/enterprise/pg_persist.py', 'maop/enterprise/quota.py', 'maop/enterprise/rbac.py', 'maop/enterprise/saml_handler.py', 'maop/enterprise/sso.py', 'maop/enterprise/sso_store.py', 'maop/enterprise/tenant.py', 'maop/enterprise/tls_auto.py']", "timestamp": "2026-09-13T17:32:01.421975+00:00"}
{"backend": "license", "requested": "enterprise", "fallback": "personal", "reason": "no_license_key", "timestamp": "2026-09-13T17:32:01.551251+00:00"}
{"backend": "integrity", "requested": "enterprise", "fallback": "personal", "reason": "integrity_check_failed:modified modules detected: ['maop/enterprise/audit.py', 'maop/enterprise/ha.py', 'maop/enterprise/license.py', 'maop/enterprise/license_manager.py', 'maop/enterprise/pg_persist.py', 'maop/enterprise/quota.py', 'maop/enterprise/rbac.py', 'maop/enterprise/saml_handler.py', 'maop/enterprise/sso.py', 'maop/enterprise/sso_store.py', 'maop/enterprise/tenant.py', 'maop/enterprise/tls_auto.py']", "timestamp": "2026-09-13T17:32:01.576909+00:00"}
{"backend": "license", "requested": "enterprise", "fallback": "personal", "reason": "no_license_key", "timestamp": "2026-09-13T17:32:01.935211+00:00"}
{"backend": "integrity", "requested": "enterprise", "fallback": "personal", "reason": "integrity_check_failed:modified modules detected: ['maop/enterprise/audit.py', 'maop/enterprise/ha.py', 'maop/enterprise/license.py', 'maop/enterprise/license_manager.py', 'maop/enterprise/pg_persist.py', 'maop/enterprise/quota.py', 'maop/enterprise/rbac.py', 'maop/enterprise/saml_handler.py', 'maop/enterprise/sso.py', 'maop/enterprise/sso_store.py', 'maop/enterprise/tenant.py', 'maop/enterprise/tls_auto.py']", "timestamp": "2026-09-13T17:32:01.959157+00:00"}
{"backend": "license", "requested": "enterprise", "fallback": "personal", "reason": "no_license_key", "timestamp": "2026-09-13T17:48:44.762667+00:00"}
{"backend": "integrity", "requested": "enterprise", "fallback": "personal", "reason": "integrity_check_failed:modified modules detected: ['maop/enterprise/audit.py', 'maop/enterprise/ha.py', 'maop/enterprise/license.py', 'maop/enterprise/license_manager.py', 'maop/enterprise/pg_persist.py', 'maop/enterprise/quota.py', 'maop/enterprise/rbac.py', 'maop/enterprise/saml_handler.py', 'maop/enterprise/sso.py', 'maop/enterprise/sso_store.py', 'maop/enterprise/tenant.py', 'maop/enterprise/tls_auto.py']", "timestamp": "2026-09-13T17:48:44.779878+00:00"}
{"backend": "license", "requested": "enterprise", "fallback": "personal", "reason": "no_license_key", "timestamp": "2026-09-13T17:48:52.757752+00:00"}
{"backend": "integrity", "requested": "enterprise", "fallback": "personal", "reason": "integrity_check_failed:modified modules detected: ['maop/enterprise/audit.py', 'maop/enterprise/ha.py', 'maop/enterprise/license.py', 'maop/enterprise/license_manager.py', 'maop/enterprise/pg_persist.py', 'maop/enterprise/quota.py', 'maop/enterprise/rbac.py', 'maop/enterprise/saml_handler.py', 'maop/enterprise/sso.py', 'maop/enterprise/sso_store.py', 'maop/enterprise/tenant.py', 'maop/enterprise/tls_auto.py']", "timestamp": "2026-09-13T17:48:52.785122+00:00"}
{"backend": "license", "requested": "enterprise", "fallback": "personal", "reason": "no_license_key", "timestamp": "2026-09-13T17:48:53.299904+00:00"}
{"backend": "integrity", "requested": "enterprise", "fallback": "personal", "reason": "integrity_check_failed:modified modules detected: ['maop/enterprise/audit.py', 'maop/enterprise/ha.py', 'maop/enterprise/license.py', 'maop/enterprise/license_manager.py', 'maop/enterprise/pg_persist.py', 'maop/enterprise/quota.py', 'maop/enterprise/rbac.py', 'maop/enterprise/saml_handler.py', 'maop/enterprise/sso.py', 'maop/enterprise/sso_store.py', 'maop/enterprise/tenant.py', 'maop/enterprise/tls_auto.py']", "timestamp": "2026-09-13T17:48:53.328176+00:00"}
{"backend": "license", "requested": "enterprise", "fallback": "personal", "reason": "no_license_key", "timestamp": "2026-09-13T17:48:53.475775+00:00"}
{"backend": "integrity", "requested": "enterprise", "fallback": "personal", "reason": "integrity_check_failed:modified modules detected: ['maop/enterprise/audit.py', 'maop/enterprise/ha.py', 'maop/enterprise/license.py', 'maop/enterprise/license_manager.py', 'maop/enterprise/pg_persist.py', 'maop/enterprise/quota.py', 'maop/enterprise/rbac.py', 'maop/enterprise/saml_handler.py', 'maop/enterprise/sso.py', 'maop/enterprise/sso_store.py', 'maop/enterprise/tenant.py', 'maop/enterprise/tls_auto.py']", "timestamp": "2026-09-13T17:48:53.504002+00:00"}
{"backend": "license", "requested": "enterprise", "fallback": "personal", "reason": "no_license_key", "timestamp": "2026-09-13T17:48:53.953638+00:00"}
{"backend": "integrity", "requested": "enterprise", "fallback": "personal", "reason": "integrity_check_failed:modified modules detected: ['maop/enterprise/audit.py', 'maop/enterprise/ha.py', 'maop/enterprise/license.py', 'maop/enterprise/license_manager.py', 'maop/enterprise/pg_persist.py', 'maop/enterprise/quota.py', 'maop/enterprise/rbac.py', 'maop/enterprise/saml_handler.py', 'maop/enterprise/sso.py', 'maop/enterprise/sso_store.py', 'maop/enterprise/tenant.py', 'maop/enterprise/tls_auto.py']", "timestamp": "2026-09-13T17:48:53.980086+00:00"}
{"backend": "license", "requested": "enterprise", "fallback": "personal", "reason": "no_license_key", "timestamp": "2026-09-13T17:48:54.110451+00:00"}
{"backend": "integrity", "requested": "enterprise", "fallback": "personal", "reason": "integrity_check_failed:modified modules detected: ['maop/enterprise/audit.py', 'maop/enterprise/ha.py', 'maop/enterprise/license.py', 'maop/enterprise/license_manager.py', 'maop/enterprise/pg_persist.py', 'maop/enterprise/quota.py', 'maop/enterprise/rbac.py', 'maop/enterprise/saml_handler.py', 'maop/enterprise/sso.py', 'maop/enterprise/sso_store.py', 'maop/enterprise/tenant.py', 'maop/enterprise/tls_auto.py']", "timestamp": "2026-09-13T17:48:54.137277+00:00"}
{"backend": "license", "requested": "enterprise", "fallback": "personal", "reason": "no_license_key", "timestamp": "2026-09-13T17:48:54.607223+00:00"}
{"backend": "integrity", "requested": "enterprise", "fallback": "personal", "reason": "integrity_check_failed:modified modules detected: ['maop/enterprise/audit.py', 'maop/enterprise/ha.py', 'maop/enterprise/license.py', 'maop/enterprise/license_manager.py', 'maop/enterprise/pg_persist.py', 'maop/enterprise/quota.py', 'maop/enterprise/rbac.py', 'maop/enterprise/saml_handler.py', 'maop/enterprise/sso.py', 'maop/enterprise/sso_store.py', 'maop/enterprise/tenant.py', 'maop/enterprise/tls_auto.py']", "timestamp": "2026-09-13T17:48:54.637498+00:00"}
{"backend": "license", "requested": "enterprise", "fallback": "personal", "reason": "no_license_key", "timestamp": "2026-09-13T17:48:54.768613+00:00"}
{"backend": "integrity", "requested": "enterprise", "fallback": "personal", "reason": "integrity_check_failed:modified modules detected: ['maop/enterprise/audit.py', 'maop/enterprise/ha.py', 'maop/enterprise/license.py', 'maop/enterprise/license_manager.py', 'maop/enterprise/pg_persist.py', 'maop/enterprise/quota.py', 'maop/enterprise/rbac.py', 'maop/enterprise/saml_handler.py', 'maop/enterprise/sso.py', 'maop/enterprise/sso_store.py', 'maop/enterprise/tenant.py', 'maop/enterprise/tls_auto.py']", "timestamp": "2026-09-13T17:48:54.795270+00:00"}
{"backend": "license", "requested": "enterprise", "fallback": "personal", "reason": "no_license_key", "timestamp": "2026-09-13T17:48:55.250789+00:00"}
{"backend": "integrity", "requested": "enterprise", "fallback": "personal", "reason": "integrity_check_failed:modified modules detected: ['maop/enterprise/audit.py', 'maop/enterprise/ha.py', 'maop/enterprise/license.py', 'maop/enterprise/license_manager.py', 'maop/enterprise/pg_persist.py', 'maop/enterprise/quota.py', 'maop/enterprise/rbac.py', 'maop/enterprise/saml_handler.py', 'maop/enterprise/sso.py', 'maop/enterprise/sso_store.py', 'maop/enterprise/tenant.py', 'maop/enterprise/tls_auto.py']", "timestamp": "2026-09-13T17:48:55.277529+00:00"}
{"backend": "license", "requested": "enterprise", "fallback": "personal", "reason": "no_license_key", "timestamp": "2026-09-13T17:48:55.383968+00:00"}
{"backend": "integrity", "requested": "enterprise", "fallback": "personal", "reason": "integrity_check_failed:modified modules detected: ['maop/enterprise/audit.py', 'maop/enterprise/ha.py', 'maop/enterprise/license.py', 'maop/enterprise/license_manager.py', 'maop/enterprise/pg_persist.py', 'maop/enterprise/quota.py', 'maop/enterprise/rbac.py', 'maop/enterprise/saml_handler.py', 'maop/enterprise/sso.py', 'maop/enterprise/sso_store.py', 'maop/enterprise/tenant.py', 'maop/enterprise/tls_auto.py']", "timestamp": "2026-09-13T17:48:55.417490+00:00"}
{"backend": "license", "requested": "enterprise", "fallback": "personal", "reason": "no_license_key", "timestamp": "2026-09-13T17:48:55.833629+00:00"}
{"backend": "integrity", "requested": "enterprise", "fallback": "personal", "reason": "integrity_check_failed:modified modules detected: ['maop/enterprise/audit.py', 'maop/enterprise/ha.py', 'maop/enterprise/license.py', 'maop/enterprise/license_manager.py', 'maop/enterprise/pg_persist.py', 'maop/enterprise/quota.py', 'maop/enterprise/rbac.py', 'maop/enterprise/saml_handler.py', 'maop/enterprise/sso.py', 'maop/enterprise/sso_store.py', 'maop/enterprise/tenant.py', 'maop/enterprise/tls_auto.py']", "timestamp": "2026-09-13T17:48:55.862518+00:00"}
{"backend": "license", "requested": "enterprise", "fallback": "personal", "reason": "no_license_key", "timestamp": "2026-09-13T17:48:56.158480+00:00"}
{"backend": "integrity", "requested": "enterprise", "fallback": "personal", "reason": "integrity_check_failed:modified modules detected: ['maop/enterprise/audit.py', 'maop/enterprise/ha.py', 'maop/enterprise/license.py', 'maop/enterprise/license_manager.py', 'maop/enterprise/pg_persist.py', 'maop/enterprise/quota.py', 'maop/enterprise/rbac.py', 'maop/enterprise/saml_handler.py', 'maop/enterprise/sso.py', 'maop/enterprise/sso_store.py', 'maop/enterprise/tenant.py', 'maop/enterprise/tls_auto.py']", "timestamp": "2026-09-13T17:48:56.184176+00:00"}
{"backend": "license", "requested": "enterprise", "fallback": "personal", "reason": "no_license_key", "timestamp": "2026-09-13T17:48:56.456678+00:00"}
{"backend": "integrity", "requested": "enterprise", "fallback": "personal", "reason": "integrity_check_failed:modified modules detected: ['maop/enterprise/audit.py', 'maop/enterprise/ha.py', 'maop/enterprise/license.py', 'maop/enterprise/license_manager.py', 'maop/enterprise/pg_persist.py', 'maop/enterprise/quota.py', 'maop/enterprise/rbac.py', 'maop/enterprise/saml_handler.py', 'maop/enterprise/sso.py', 'maop/enterprise/sso_store.py', 'maop/enterprise/tenant.py', 'maop/enterprise/tls_auto.py']", "timestamp": "2026-09-13T17:48:56.486036+00:00"}
{"backend": "license", "requested": "enterprise", "fallback": "personal", "reason": "no_license_key", "timestamp": "2026-09-13T17:48:56.658479+00:00"}
{"backend": "integrity", "requested": "enterprise", "fallback": "personal", "reason": "integrity_check_failed:modified modules detected: ['maop/enterprise/audit.py', 'maop/enterprise/ha.py', 'maop/enterprise/license.py', 'maop/enterprise/license_manager.py', 'maop/enterprise/pg_persist.py', 'maop/enterprise/quota.py', 'maop/enterprise/rbac.py', 'maop/enterprise/saml_handler.py', 'maop/enterprise/sso.py', 'maop/enterprise/sso_store.py', 'maop/enterprise/tenant.py', 'maop/enterprise/tls_auto.py']", "timestamp": "2026-09-13T17:48:56.686182+00:00"}
{"backend": "license", "requested": "enterprise", "fallback": "personal", "reason": "no_license_key", "timestamp": "2026-09-13T17:48:57.025261+00:00"}
{"backend": "integrity", "requested": "enterprise", "fallback": "personal", "reason": "integrity_check_failed:modified modules detected: ['maop/enterprise/audit.py', 'maop/enterprise/ha.py', 'maop/enterprise/license.py', 'maop/enterprise/license_manager.py', 'maop/enterprise/pg_persist.py', 'maop/enterprise/quota.py', 'maop/enterprise/rbac.py', 'maop/enterprise/saml_handler.py', 'maop/enterprise/sso.py', 'maop/enterprise/sso_store.py', 'maop/enterprise/tenant.py', 'maop/enterprise/tls_auto.py']", "timestamp": "2026-09-13T17:48:57.050630+00:00"}
{"backend": "license", "requested": "enterprise", "fallback": "personal", "reason": "no_license_key", "timestamp": "2026-09-13T17:48:57.212572+00:00"}
{"backend": "integrity", "requested": "enterprise", "fallback": "personal", "reason": "integrity_check_failed:modified modules detected: ['maop/enterprise/audit.py', 'maop/enterprise/ha.py', 'maop/enterprise/license.py', 'maop/enterprise/license_manager.py', 'maop/enterprise/pg_persist.py', 'maop/enterprise/quota.py', 'maop/enterprise/rbac.py', 'maop/enterprise/saml_handler.py', 'maop/enterprise/sso.py', 'maop/enterprise/sso_store.py', 'maop/enterprise/tenant.py', 'maop/enterprise/tls_auto.py']", "timestamp": "2026-09-13T17:48:57.239970+00:00"}
{"backend": "license", "requested": "enterprise", "fallback": "personal", "reason": "no_license_key", "timestamp": "2026-09-13T17:48:57.565389+00:00"}
{"backend": "integrity", "requested": "enterprise", "fallback": "personal", "reason": "integrity_check_failed:modified modules detected: ['maop/enterprise/audit.py', 'maop/enterprise/ha.py', 'maop/enterprise/license.py', 'maop/enterprise/license_manager.py', 'maop/enterprise/pg_persist.py', 'maop/enterprise/quota.py', 'maop/enterprise/rbac.py', 'maop/enterprise/saml_handler.py', 'maop/enterprise/sso.py', 'maop/enterprise/sso_store.py', 'maop/enterprise/tenant.py', 'maop/enterprise/tls_auto.py']", "timestamp": "2026-09-13T17:48:57.591380+00:00"}
{"backend": "license", "requested": "enterprise", "fallback": "personal", "reason": "no_license_key", "timestamp": "2026-09-13T17:50:57.671085+00:00"}
{"backend": "integrity", "requested": "enterprise", "fallback": "personal", "reason": "integrity_check_failed:modified modules detected: ['maop/enterprise/audit.py', 'maop/enterprise/ha.py', 'maop/enterprise/license.py', 'maop/enterprise/license_manager.py', 'maop/enterprise/pg_persist.py', 'maop/enterprise/quota.py', 'maop/enterprise/rbac.py', 'maop/enterprise/saml_handler.py', 'maop/enterprise/sso.py', 'maop/enterprise/sso_store.py', 'maop/enterprise/tenant.py', 'maop/enterprise/tls_auto.py']", "timestamp": "2026-09-13T17:50:57.695364+00:00"}
{"backend": "license", "requested": "enterprise", "fallback": "personal", "reason": "no_license_key", "timestamp": "2026-09-13T17:51:06.087937+00:00"}
{"backend": "integrity", "requested": "enterprise", "fallback": "personal", "reason": "integrity_check_failed:modified modules detected: ['maop/enterprise/audit.py', 'maop/enterprise/ha.py', 'maop/enterprise/license.py', 'maop/enterprise/license_manager.py', 'maop/enterprise/pg_persist.py', 'maop/enterprise/quota.py', 'maop/enterprise/rbac.py', 'maop/enterprise/saml_handler.py', 'maop/enterprise/sso.py', 'maop/enterprise/sso_store.py', 'maop/enterprise/tenant.py', 'maop/enterprise/tls_auto.py']", "timestamp": "2026-09-13T17:51:06.112577+00:00"}
{"backend": "license", "requested": "enterprise", "fallback": "personal", "reason": "no_license_key", "timestamp": "2026-09-13T17:51:06.219152+00:00"}
{"backend": "integrity", "requested": "enterprise", "fallback": "personal", "reason": "integrity_check_failed:modified modules detected: ['maop/enterprise/audit.py', 'maop/enterprise/ha.py', 'maop/enterprise/license.py', 'maop/enterprise/license_manager.py', 'maop/enterprise/pg_persist.py', 'maop/enterprise/quota.py', 'maop/enterprise/rbac.py', 'maop/enterprise/saml_handler.py', 'maop/enterprise/sso.py', 'maop/enterprise/sso_store.py', 'maop/enterprise/tenant.py', 'maop/enterprise/tls_auto.py']", "timestamp": "2026-09-13T17:51:06.248700+00:00"}
{"backend": "license", "requested": "enterprise", "fallback": "personal", "reason": "no_license_key", "timestamp": "2026-09-13T17:51:06.767364+00:00"}
{"backend": "integrity", "requested": "enterprise", "fallback": "personal", "reason": "integrity_check_failed:modified modules detected: ['maop/enterprise/audit.py', 'maop/enterprise/ha.py', 'maop/enterprise/license.py', 'maop/enterprise/license_manager.py', 'maop/enterprise/pg_persist.py', 'maop/enterprise/quota.py', 'maop/enterprise/rbac.py', 'maop/enterprise/saml_handler.py', 'maop/enterprise/sso.py', 'maop/enterprise/sso_store.py', 'maop/enterprise/tenant.py', 'maop/enterprise/tls_auto.py']", "timestamp": "2026-09-13T17:51:06.799072+00:00"}
{"backend": "license", "requested": "enterprise", "fallback": "personal", "reason": "no_license_key", "timestamp": "2026-09-13T17:51:06.894203+00:00"}
{"backend": "integrity", "requested": "enterprise", "fallback": "personal", "reason": "integrity_check_failed:modified modules detected: ['maop/enterprise/audit.py', 'maop/enterprise/ha.py', 'maop/enterprise/license.py', 'maop/enterprise/license_manager.py', 'maop/enterprise/pg_persist.py', 'maop/enterprise/quota.py', 'maop/enterprise/rbac.py', 'maop/enterprise/saml_handler.py', 'maop/enterprise/sso.py', 'maop/enterprise/sso_store.py', 'maop/enterprise/tenant.py', 'maop/enterprise/tls_auto.py']", "timestamp": "2026-09-13T17:51:06.920332+00:00"}
{"backend": "license", "requested": "enterprise", "fallback": "personal", "reason": "no_license_key", "timestamp": "2026-09-13T17:51:07.291351+00:00"}
{"backend": "integrity", "requested": "enterprise", "fallback": "personal", "reason": "integrity_check_failed:modified modules detected: ['maop/enterprise/audit.py', 'maop/enterprise/ha.py', 'maop/enterprise/license.py', 'maop/enterprise/license_manager.py', 'maop/enterprise/pg_persist.py', 'maop/enterprise/quota.py', 'maop/enterprise/rbac.py', 'maop/enterprise/saml_handler.py', 'maop/enterprise/sso.py', 'maop/enterprise/sso_store.py', 'maop/enterprise/tenant.py', 'maop/enterprise/tls_auto.py']", "timestamp": "2026-09-13T17:51:07.319390+00:00"}
{"backend": "license", "requested": "enterprise", "fallback": "personal", "reason": "no_license_key", "timestamp": "2026-09-13T17:51:07.796089+00:00"}
{"backend": "integrity", "requested": "enterprise", "fallback": "personal", "reason": "integrity_check_failed:modified modules detected: ['maop/enterprise/audit.py', 'maop/enterprise/ha.py', 'maop/enterprise/license.py', 'maop/enterprise/license_manager.py', 'maop/enterprise/pg_persist.py', 'maop/enterprise/quota.py', 'maop/enterprise/rbac.py', 'maop/enterprise/saml_handler.py', 'maop/enterprise/sso.py', 'maop/enterprise/sso_store.py', 'maop/enterprise/tenant.py', 'maop/enterprise/tls_auto.py']", "timestamp": "2026-09-13T17:51:07.824660+00:00"}
{"backend": "license", "requested": "enterprise", "fallback": "personal", "reason": "no_license_key", "timestamp": "2026-09-13T17:51:07.926206+00:00"}
{"backend": "integrity", "requested": "enterprise", "fallback": "personal", "reason": "integrity_check_failed:modified modules detected: ['maop/enterprise/audit.py', 'maop/enterprise/ha.py', 'maop/enterprise/license.py', 'maop/enterprise/license_manager.py', 'maop/enterprise/pg_persist.py', 'maop/enterprise/quota.py', 'maop/enterprise/rbac.py', 'maop/enterprise/saml_handler.py', 'maop/enterprise/sso.py', 'maop/enterprise/sso_store.py', 'maop/enterprise/tenant.py', 'maop/enterprise/tls_auto.py']", "timestamp": "2026-09-13T17:51:07.951751+00:00"}
{"backend": "license", "requested": "enterprise", "fallback": "personal", "reason": "no_license_key", "timestamp": "2026-09-13T17:51:08.383285+00:00"}
{"backend": "integrity", "requested": "enterprise", "fallback": "personal", "reason": "integrity_check_failed:modified modules detected: ['maop/enterprise/audit.py', 'maop/enterprise/ha.py', 'maop/enterprise/license.py', 'maop/enterprise/license_manager.py', 'maop/enterprise/pg_persist.py', 'maop/enterprise/quota.py', 'maop/enterprise/rbac.py', 'maop/enterprise/saml_handler.py', 'maop/enterprise/sso.py', 'maop/enterprise/sso_store.py', 'maop/enterprise/tenant.py', 'maop/enterprise/tls_auto.py']", "timestamp": "2026-09-13T17:51:08.407190+00:00"}
{"backend": "license", "requested": "enterprise", "fallback": "personal", "reason": "no_license_key", "timestamp": "2026-09-13T17:51:08.602205+00:00"}
{"backend": "integrity", "requested": "enterprise", "fallback": "personal", "reason": "integrity_check_failed:modified modules detected: ['maop/enterprise/audit.py', 'maop/enterprise/ha.py', 'maop/enterprise/license.py', 'maop/enterprise/license_manager.py', 'maop/enterprise/pg_persist.py', 'maop/enterprise/quota.py', 'maop/enterprise/rbac.py', 'maop/enterprise/saml_handler.py', 'maop/enterprise/sso.py', 'maop/enterprise/sso_store.py', 'maop/enterprise/tenant.py', 'maop/enterprise/tls_auto.py']", "timestamp": "2026-09-13T17:51:08.628587+00:00"}
{"backend": "license", "requested": "enterprise", "fallback": "personal", "reason": "no_license_key", "timestamp": "2026-09-13T17:51:08.973287+00:00"}
{"backend": "integrity", "requested": "enterprise", "fallback": "personal", "reason": "integrity_check_failed:modified modules detected: ['maop/enterprise/audit.py', 'maop/enterprise/ha.py', 'maop/enterprise/license.py', 'maop/enterprise/license_manager.py', 'maop/enterprise/pg_persist.py', 'maop/enterprise/quota.py', 'maop/enterprise/rbac.py', 'maop/enterprise/saml_handler.py', 'maop/enterprise/sso.py', 'maop/enterprise/sso_store.py', 'maop/enterprise/tenant.py', 'maop/enterprise/tls_auto.py']", "timestamp": "2026-09-13T17:51:09.001567+00:00"}
{"backend": "license", "requested": "enterprise", "fallback": "personal", "reason": "no_license_key", "timestamp": "2026-09-13T17:51:09.214816+00:00"}
{"backend": "integrity", "requested": "enterprise", "fallback": "personal", "reason": "integrity_check_failed:modified modules detected: ['maop/enterprise/audit.py', 'maop/enterprise/ha.py', 'maop/enterprise/license.py', 'maop/enterprise/license_manager.py', 'maop/enterprise/pg_persist.py', 'maop/enterprise/quota.py', 'maop/enterprise/rbac.py', 'maop/enterprise/saml_handler.py', 'maop/enterprise/sso.py', 'maop/enterprise/sso_store.py', 'maop/enterprise/tenant.py', 'maop/enterprise/tls_auto.py']", "timestamp": "2026-09-13T17:51:09.242824+00:00"}
{"backend": "license", "requested": "enterprise", "fallback": "personal", "reason": "no_license_key", "timestamp": "2026-09-13T17:51:09.823262+00:00"}
{"backend": "integrity", "requested": "enterprise", "fallback": "personal", "reason": "integrity_check_failed:modified modules detected: ['maop/enterprise/audit.py', 'maop/enterprise/ha.py', 'maop/enterprise/license.py', 'maop/enterprise/license_manager.py', 'maop/enterprise/pg_persist.py', 'maop/enterprise/quota.py', 'maop/enterprise/rbac.py', 'maop/enterprise/saml_handler.py', 'maop/enterprise/sso.py', 'maop/enterprise/sso_store.py', 'maop/enterprise/tenant.py', 'maop/enterprise/tls_auto.py']", "timestamp": "2026-09-13T17:51:09.849652+00:00"}
{"backend": "license", "requested": "enterprise", "fallback": "personal", "reason": "no_license_key", "timestamp": "2026-09-13T17:51:09.989755+00:00"}
{"backend": "integrity", "requested": "enterprise", "fallback": "personal", "reason": "integrity_check_failed:modified modules detected: ['maop/enterprise/audit.py', 'maop/enterprise/ha.py', 'maop/enterprise/license.py', 'maop/enterprise/license_manager.py', 'maop/enterprise/pg_persist.py', 'maop/enterprise/quota.py', 'maop/enterprise/rbac.py', 'maop/enterprise/saml_handler.py', 'maop/enterprise/sso.py', 'maop/enterprise/sso_store.py', 'maop/enterprise/tenant.py', 'maop/enterprise/tls_auto.py']", "timestamp": "2026-09-13T17:51:10.016480+00:00"}
{"backend": "license", "requested": "enterprise", "fallback": "personal", "reason": "no_license_key", "timestamp": "2026-09-13T17:51:10.394703+00:00"}
{"backend": "integrity", "requested": "enterprise", "fallback": "personal", "reason": "integrity_check_failed:modified modules detected: ['maop/enterprise/audit.py', 'maop/enterprise/ha.py', 'maop/enterprise/license.py', 'maop/enterprise/license_manager.py', 'maop/enterprise/pg_persist.py', 'maop/enterprise/quota.py', 'maop/enterprise/rbac.py', 'maop/enterprise/saml_handler.py', 'maop/enterprise/sso.py', 'maop/enterprise/sso_store.py', 'maop/enterprise/tenant.py', 'maop/enterprise/tls_auto.py']", "timestamp": "2026-09-13T17:51:10.420534+00:00"}
{"backend": "license", "requested": "enterprise", "fallback": "personal", "reason": "no_license_key", "timestamp": "2026-09-13T17:51:10.566420+00:00"}
{"backend": "integrity", "requested": "enterprise", "fallback": "personal", "reason": "integrity_check_failed:modified modules detected: ['maop/enterprise/audit.py', 'maop/enterprise/ha.py', 'maop/enterprise/license.py', 'maop/enterprise/license_manager.py', 'maop/enterprise/pg_persist.py', 'maop/enterprise/quota.py', 'maop/enterprise/rbac.py', 'maop/enterprise/saml_handler.py', 'maop/enterprise/sso.py', 'maop/enterprise/sso_store.py', 'maop/enterprise/tenant.py', 'maop/enterprise/tls_auto.py']", "timestamp": "2026-09-13T17:51:10.592629+00:00"}
{"backend": "license", "requested": "enterprise", "fallback": "personal", "reason": "no_license_key", "timestamp": "2026-09-13T17:51:10.876375+00:00"}
{"backend": "integrity", "requested": "enterprise", "fallback": "personal", "reason": "integrity_check_failed:modified modules detected: ['maop/enterprise/audit.py', 'maop/enterprise/ha.py', 'maop/enterprise/license.py', 'maop/enterprise/license_manager.py', 'maop/enterprise/pg_persist.py', 'maop/enterprise/quota.py', 'maop/enterprise/rbac.py', 'maop/enterprise/saml_handler.py', 'maop/enterprise/sso.py', 'maop/enterprise/sso_store.py', 'maop/enterprise/tenant.py', 'maop/enterprise/tls_auto.py']", "timestamp": "2026-09-13T17:51:10.901266+00:00"}
{"backend": "license", "requested": "enterprise", "fallback": "personal", "reason": "no_license_key", "timestamp": "2026-09-13T17:51:51.292696+00:00"}
{"backend": "integrity", "requested": "enterprise", "fallback": "personal", "reason": "integrity_check_failed:modified modules detected: ['maop/enterprise/audit.py', 'maop/enterprise/ha.py', 'maop/enterprise/license.py', 'maop/enterprise/license_manager.py', 'maop/enterprise/pg_persist.py', 'maop/enterprise/quota.py', 'maop/enterprise/rbac.py', 'maop/enterprise/saml_handler.py', 'maop/enterprise/sso.py', 'maop/enterprise/sso_store.py', 'maop/enterprise/tenant.py', 'maop/enterprise/tls_auto.py']", "timestamp": "2026-09-13T17:51:51.308691+00:00"}
{"backend": "license", "requested": "enterprise", "fallback": "personal", "reason": "no_license_key", "timestamp": "2026-09-13T17:51:59.126908+00:00"}
{"backend": "integrity", "requested": "enterprise", "fallback": "personal", "reason": "integrity_check_failed:modified modules detected: ['maop/enterprise/audit.py', 'maop/enterprise/ha.py', 'maop/enterprise/license.py', 'maop/enterprise/license_manager.py', 'maop/enterprise/pg_persist.py', 'maop/enterprise/quota.py', 'maop/enterprise/rbac.py', 'maop/enterprise/saml_handler.py', 'maop/enterprise/sso.py', 'maop/enterprise/sso_store.py', 'maop/enterprise/tenant.py', 'maop/enterprise/tls_auto.py']", "timestamp": "2026-09-13T17:51:59.158056+00:00"}
{"backend": "license", "requested": "enterprise", "fallback": "personal", "reason": "no_license_key", "timestamp": "2026-09-13T17:51:59.452208+00:00"}
{"backend": "integrity", "requested": "enterprise", "fallback": "personal", "reason": "integrity_check_failed:modified modules detected: ['maop/enterprise/audit.py', 'maop/enterprise/ha.py', 'maop/enterprise/license.py', 'maop/enterprise/license_manager.py', 'maop/enterprise/pg_persist.py', 'maop/enterprise/quota.py', 'maop/enterprise/rbac.py', 'maop/enterprise/saml_handler.py', 'maop/enterprise/sso.py', 'maop/enterprise/sso_store.py', 'maop/enterprise/tenant.py', 'maop/enterprise/tls_auto.py']", "timestamp": "2026-09-13T17:51:59.479363+00:00"}
{"backend": "license", "requested": "enterprise", "fallback": "personal", "reason": "no_license_key", "timestamp": "2026-09-13T17:51:59.952376+00:00"}
{"backend": "integrity", "requested": "enterprise", "fallback": "personal", "reason": "integrity_check_failed:modified modules detected: ['maop/enterprise/audit.py', 'maop/enterprise/ha.py', 'maop/enterprise/license.py', 'maop/enterprise/license_manager.py', 'maop/enterprise/pg_persist.py', 'maop/enterprise/quota.py', 'maop/enterprise/rbac.py', 'maop/enterprise/saml_handler.py', 'maop/enterprise/sso.py', 'maop/enterprise/sso_store.py', 'maop/enterprise/tenant.py', 'maop/enterprise/tls_auto.py']", "timestamp": "2026-09-13T17:51:59.977759+00:00"}
{"backend": "license", "requested": "enterprise", "fallback": "personal", "reason": "no_license_key", "timestamp": "2026-09-13T17:52:00.192505+00:00"}
{"backend": "integrity", "requested": "enterprise", "fallback": "personal", "reason": "integrity_check_failed:modified modules detected: ['maop/enterprise/audit.py', 'maop/enterprise/ha.py', 'maop/enterprise/license.py', 'maop/enterprise/license_manager.py', 'maop/enterprise/pg_persist.py', 'maop/enterprise/quota.py', 'maop/enterprise/rbac.py', 'maop/enterprise/saml_handler.py', 'maop/enterprise/sso.py', 'maop/enterprise/sso_store.py', 'maop/enterprise/tenant.py', 'maop/enterprise/tls_auto.py']", "timestamp": "2026-09-13T17:52:00.222358+00:00"}
{"backend": "license", "requested": "enterprise", "fallback": "personal", "reason": "no_license_key", "timestamp": "2026-09-13T17:52:00.602967+00:00"}
{"backend": "integrity", "requested": "enterprise", "fallback": "personal", "reason": "integrity_check_failed:modified modules detected: ['maop/enterprise/audit.py', 'maop/enterprise/ha.py', 'maop/enterprise/license.py', 'maop/enterprise/license_manager.py', 'maop/enterprise/pg_persist.py', 'maop/enterprise/quota.py', 'maop/enterprise/rbac.py', 'maop/enterprise/saml_handler.py', 'maop/enterprise/sso.py', 'maop/enterprise/sso_store.py', 'maop/enterprise/tenant.py', 'maop/enterprise/tls_auto.py']", "timestamp": "2026-09-13T17:52:00.630674+00:00"}
{"backend": "license", "requested": "enterprise", "fallback": "personal", "reason": "no_license_key", "timestamp": "2026-09-13T17:52:00.824028+00:00"}
{"backend": "integrity", "requested": "enterprise", "fallback": "personal", "reason": "integrity_check_failed:modified modules detected: ['maop/enterprise/audit.py', 'maop/enterprise/ha.py', 'maop/enterprise/license.py', 'maop/enterprise/license_manager.py', 'maop/enterprise/pg_persist.py', 'maop/enterprise/quota.py', 'maop/enterprise/rbac.py', 'maop/enterprise/saml_handler.py', 'maop/enterprise/sso.py', 'maop/enterprise/sso_store.py', 'maop/enterprise/tenant.py', 'maop/enterprise/tls_auto.py']", "timestamp": "2026-09-13T17:52:00.851189+00:00"}
{"backend": "license", "requested": "enterprise", "fallback": "personal", "reason": "no_license_key", "timestamp": "2026-09-13T17:52:01.297351+00:00"}
{"backend": "integrity", "requested": "enterprise", "fallback": "personal", "reason": "integrity_check_failed:modified modules detected: ['maop/enterprise/audit.py', 'maop/enterprise/ha.py', 'maop/enterprise/license.py', 'maop/enterprise/license_manager.py', 'maop/enterprise/pg_persist.py', 'maop/enterprise/quota.py', 'maop/enterprise/rbac.py', 'maop/enterprise/saml_handler.py', 'maop/enterprise/sso.py', 'maop/enterprise/sso_store.py', 'maop/enterprise/tenant.py', 'maop/enterprise/tls_auto.py']", "timestamp": "2026-09-13T17:52:01.322545+00:00"}
{"backend": "license", "requested": "enterprise", "fallback": "personal", "reason": "no_license_key", "timestamp": "2026-09-13T17:52:01.495005+00:00"}
{"backend": "integrity", "requested": "enterprise", "fallback": "personal", "reason": "integrity_check_failed:modified modules detected: ['maop/enterprise/audit.py', 'maop/enterprise/ha.py', 'maop/enterprise/license.py', 'maop/enterprise/license_manager.py', 'maop/enterprise/pg_persist.py', 'maop/enterprise/quota.py', 'maop/enterprise/rbac.py', 'maop/enterprise/saml_handler.py', 'maop/enterprise/sso.py', 'maop/enterprise/sso_store.py', 'maop/enterprise/tenant.py', 'maop/enterprise/tls_auto.py']", "timestamp": "2026-09-13T17:52:01.522215+00:00"}
{"backend": "license", "requested": "enterprise", "fallback": "personal", "reason": "no_license_key", "timestamp": "2026-09-13T17:52:01.931757+00:00"}
{"backend": "integrity", "requested": "enterprise", "fallback": "personal", "reason": "integrity_check_failed:modified modules detected: ['maop/enterprise/audit.py', 'maop/enterprise/ha.py', 'maop/enterprise/license.py', 'maop/enterprise/license_manager.py', 'maop/enterprise/pg_persist.py', 'maop/enterprise/quota.py', 'maop/enterprise/rbac.py', 'maop/enterprise/saml_handler.py', 'maop/enterprise/sso.py', 'maop/enterprise/sso_store.py', 'maop/enterprise/tenant.py', 'maop/enterprise/tls_auto.py']", "timestamp": "2026-09-13T17:52:01.958638+00:00"}
{"backend": "license", "requested": "enterprise", "fallback": "personal", "reason": "no_license_key", "timestamp": "2026-09-13T17:52:02.163427+00:00"}
{"backend": "integrity", "requested": "enterprise", "fallback": "personal", "reason": "integrity_check_failed:modified modules detected: ['maop/enterprise/audit.py', 'maop/enterprise/ha.py', 'maop/enterprise/license.py', 'maop/enterprise/license_manager.py', 'maop/enterprise/pg_persist.py', 'maop/enterprise/quota.py', 'maop/enterprise/rbac.py', 'maop/enterprise/saml_handler.py', 'maop/enterprise/sso.py', 'maop/enterprise/sso_store.py', 'maop/enterprise/tenant.py', 'maop/enterprise/tls_auto.py']", "timestamp": "2026-09-13T17:52:02.190373+00:00"}
{"backend": "license", "requested": "enterprise", "fallback": "personal", "reason": "no_license_key", "timestamp": "2026-09-13T17:52:02.534497+00:00"}
{"backend": "integrity", "requested": "enterprise", "fallback": "personal", "reason": "integrity_check_failed:modified modules detected: ['maop/enterprise/audit.py', 'maop/enterprise/ha.py', 'maop/enterprise/license.py', 'maop/enterprise/license_manager.py', 'maop/enterprise/pg_persist.py', 'maop/enterprise/quota.py', 'maop/enterprise/rbac.py', 'maop/enterprise/saml_handler.py', 'maop/enterprise/sso.py', 'maop/enterprise/sso_store.py', 'maop/enterprise/tenant.py', 'maop/enterprise/tls_auto.py']", "timestamp": "2026-09-13T17:52:02.564302+00:00"}
{"backend": "license", "requested": "enterprise", "fallback": "personal", "reason": "no_license_key", "timestamp": "2026-09-13T17:52:02.782365+00:00"}
{"backend": "integrity", "requested": "enterprise", "fallback": "personal", "reason": "integrity_check_failed:modified modules detected: ['maop/enterprise/audit.py', 'maop/enterprise/ha.py', 'maop/enterprise/license.py', 'maop/enterprise/license_manager.py', 'maop/enterprise/pg_persist.py', 'maop/enterprise/quota.py', 'maop/enterprise/rbac.py', 'maop/enterprise/saml_handler.py', 'maop/enterprise/sso.py', 'maop/enterprise/sso_store.py', 'maop/enterprise/tenant.py', 'maop/enterprise/tls_auto.py']", "timestamp": "2026-09-13T17:52:02.812136+00:00"}
{"backend": "license", "requested": "enterprise", "fallback": "personal", "reason": "no_license_key", "timestamp": "2026-09-13T17:52:03.185806+00:00"}
{"backend": "integrity", "requested": "enterprise", "fallback": "personal", "reason": "integrity_check_failed:modified modules detected: ['maop/enterprise/audit.py', 'maop/enterprise/ha.py', 'maop/enterprise/license.py', 'maop/enterprise/license_manager.py', 'maop/enterprise/pg_persist.py', 'maop/enterprise/quota.py', 'maop/enterprise/rbac.py', 'maop/enterprise/saml_handler.py', 'maop/enterprise/sso.py', 'maop/enterprise/sso_store.py', 'maop/enterprise/tenant.py', 'maop/enterprise/tls_auto.py']", "timestamp": "2026-09-13T17:52:03.213034+00:00"}
{"backend": "license", "requested": "enterprise", "fallback": "personal", "reason": "no_license_key", "timestamp": "2026-09-13T17:52:03.365787+00:00"}
{"backend": "integrity", "requested": "enterprise", "fallback": "personal", "reason": "integrity_check_failed:modified modules detected: ['maop/enterprise/audit.py', 'maop/enterprise/ha.py', 'maop/enterprise/license.py', 'maop/enterprise/license_manager.py', 'maop/enterprise/pg_persist.py', 'maop/enterprise/quota.py', 'maop/enterprise/rbac.py', 'maop/enterprise/saml_handler.py', 'maop/enterprise/sso.py', 'maop/enterprise/sso_store.py', 'maop/enterprise/tenant.py', 'maop/enterprise/tls_auto.py']", "timestamp": "2026-09-13T17:52:03.392636+00:00"}
{"backend": "license", "requested": "enterprise", "fallback": "personal", "reason": "no_license_key", "timestamp": "2026-09-13T17:52:03.784076+00:00"}
{"backend": "integrity", "requested": "enterprise", "fallback": "personal", "reason": "integrity_check_failed:modified modules detected: ['maop/enterprise/audit.py', 'maop/enterprise/ha.py', 'maop/enterprise/license.py', 'maop/enterprise/license_manager.py', 'maop/enterprise/pg_persist.py', 'maop/enterprise/quota.py', 'maop/enterprise/rbac.py', 'maop/enterprise/saml_handler.py', 'maop/enterprise/sso.py', 'maop/enterprise/sso_store.py', 'maop/enterprise/tenant.py', 'maop/enterprise/tls_auto.py']", "timestamp": "2026-09-13T17:52:03.810844+00:00"}
{"backend": "license", "requested": "enterprise", "fallback": "personal", "reason": "no_license_key", "timestamp": "2026-09-13T17:52:03.957595+00:00"}
{"backend": "integrity", "requested": "enterprise", "fallback": "personal", "reason": "integrity_check_failed:modified modules detected: ['maop/enterprise/audit.py', 'maop/enterprise/ha.py', 'maop/enterprise/license.py', 'maop/enterprise/license_manager.py', 'maop/enterprise/pg_persist.py', 'maop/enterprise/quota.py', 'maop/enterprise/rbac.py', 'maop/enterprise/saml_handler.py', 'maop/enterprise/sso.py', 'maop/enterprise/sso_store.py', 'maop/enterprise/tenant.py', 'maop/enterprise/tls_auto.py']", "timestamp": "2026-09-13T17:52:03.984931+00:00"}
{"backend": "license", "requested": "enterprise", "fallback": "personal", "reason": "no_license_key", "timestamp": "2026-09-13T18:04:54.641510+00:00"}
{"backend": "integrity", "requested": "enterprise", "fallback": "personal", "reason": "integrity_check_failed:modified modules detected: ['maop/enterprise/audit.py', 'maop/enterprise/ha.py', 'maop/enterprise/license.py', 'maop/enterprise/license_manager.py', 'maop/enterprise/pg_persist.py', 'maop/enterprise/quota.py', 'maop/enterprise/rbac.py', 'maop/enterprise/saml_handler.py', 'maop/enterprise/sso.py', 'maop/enterprise/sso_store.py', 'maop/enterprise/tenant.py', 'maop/enterprise/tls_auto.py']", "timestamp": "2026-09-13T18:04:54.659237+00:00"}
{"backend": "license", "requested": "enterprise", "fallback": "personal", "reason": "no_license_key", "timestamp": "2026-09-13T18:05:03.377730+00:00"}
{"backend": "integrity", "requested": "enterprise", "fallback": "personal", "reason": "integrity_check_failed:modified modules detected: ['maop/enterprise/audit.py', 'maop/enterprise/ha.py', 'maop/enterprise/license.py', 'maop/enterprise/license_manager.py', 'maop/enterprise/pg_persist.py', 'maop/enterprise/quota.py', 'maop/enterprise/rbac.py', 'maop/enterprise/saml_handler.py', 'maop/enterprise/sso.py', 'maop/enterprise/sso_store.py', 'maop/enterprise/tenant.py', 'maop/enterprise/tls_auto.py']", "timestamp": "2026-09-13T18:05:03.410879+00:00"}
{"backend": "license", "requested": "enterprise", "fallback": "personal", "reason": "no_license_key", "timestamp": "2026-09-13T18:05:03.530530+00:00"}
{"backend": "integrity", "requested": "enterprise", "fallback": "personal", "reason": "integrity_check_failed:modified modules detected: ['maop/enterprise/audit.py', 'maop/enterprise/ha.py', 'maop/enterprise/license.py', 'maop/enterprise/license_manager.py', 'maop/enterprise/pg_persist.py', 'maop/enterprise/quota.py', 'maop/enterprise/rbac.py', 'maop/enterprise/saml_handler.py', 'maop/enterprise/sso.py', 'maop/enterprise/sso_store.py', 'maop/enterprise/tenant.py', 'maop/enterprise/tls_auto.py']", "timestamp": "2026-09-13T18:05:03.559137+00:00"}
{"backend": "license", "requested": "enterprise", "fallback": "personal", "reason": "no_license_key", "timestamp": "2026-09-13T18:05:04.166337+00:00"}
{"backend": "integrity", "requested": "enterprise", "fallback": "personal", "reason": "integrity_check_failed:modified modules detected: ['maop/enterprise/audit.py', 'maop/enterprise/ha.py', 'maop/enterprise/license.py', 'maop/enterprise/license_manager.py', 'maop/enterprise/pg_persist.py', 'maop/enterprise/quota.py', 'maop/enterprise/rbac.py', 'maop/enterprise/saml_handler.py', 'maop/enterprise/sso.py', 'maop/enterprise/sso_store.py', 'maop/enterprise/tenant.py', 'maop/enterprise/tls_auto.py']", "timestamp": "2026-09-13T18:05:04.196411+00:00"}
{"backend": "license", "requested": "enterprise", "fallback": "personal", "reason": "no_license_key", "timestamp": "2026-09-13T18:05:04.316803+00:00"}
{"backend": "integrity", "requested": "enterprise", "fallback": "personal", "reason": "integrity_check_failed:modified modules detected: ['maop/enterprise/audit.py', 'maop/enterprise/ha.py', 'maop/enterprise/license.py', 'maop/enterprise/license_manager.py', 'maop/enterprise/pg_persist.py', 'maop/enterprise/quota.py', 'maop/enterprise/rbac.py', 'maop/enterprise/saml_handler.py', 'maop/enterprise/sso.py', 'maop/enterprise/sso_store.py', 'maop/enterprise/tenant.py', 'maop/enterprise/tls_auto.py']", "timestamp": "2026-09-13T18:05:04.346771+00:00"}
{"backend": "license", "requested": "enterprise", "fallback": "personal", "reason": "no_license_key", "timestamp": "2026-09-13T18:05:04.903214+00:00"}
{"backend": "integrity", "requested": "enterprise", "fallback": "personal", "reason": "integrity_check_failed:modified modules detected: ['maop/enterprise/audit.py', 'maop/enterprise/ha.py', 'maop/enterprise/license.py', 'maop/enterprise/license_manager.py', 'maop/enterprise/pg_persist.py', 'maop/enterprise/quota.py', 'maop/enterprise/rbac.py', 'maop/enterprise/saml_handler.py', 'maop/enterprise/sso.py', 'maop/enterprise/sso_store.py', 'maop/enterprise/tenant.py', 'maop/enterprise/tls_auto.py']", "timestamp": "2026-09-13T18:05:04.936050+00:00"}
{"backend": "license", "requested": "enterprise", "fallback": "personal", "reason": "no_license_key", "timestamp": "2026-09-13T18:05:05.306720+00:00"}
{"backend": "integrity", "requested": "enterprise", "fallback": "personal", "reason": "integrity_check_failed:modified modules detected: ['maop/enterprise/audit.py', 'maop/enterprise/ha.py', 'maop/enterprise/license.py', 'maop/enterprise/license_manager.py', 'maop/enterprise/pg_persist.py', 'maop/enterprise/quota.py', 'maop/enterprise/rbac.py', 'maop/enterprise/saml_handler.py', 'maop/enterprise/sso.py', 'maop/enterprise/sso_store.py', 'maop/enterprise/tenant.py', 'maop/enterprise/tls_auto.py']", "timestamp": "2026-09-13T18:05:05.340200+00:00"}
{"backend": "license", "requested": "enterprise", "fallback": "personal", "reason": "no_license_key", "timestamp": "2026-09-13T18:05:05.714918+00:00"}
{"backend": "integrity", "requested": "enterprise", "fallback": "personal", "reason": "integrity_check_failed:modified modules detected: ['maop/enterprise/audit.py', 'maop/enterprise/ha.py', 'maop/enterprise/license.py', 'maop/enterprise/license_manager.py', 'maop/enterprise/pg_persist.py', 'maop/enterprise/quota.py', 'maop/enterprise/rbac.py', 'maop/enterprise/saml_handler.py', 'maop/enterprise/sso.py', 'maop/enterprise/sso_store.py', 'maop/enterprise/tenant.py', 'maop/enterprise/tls_auto.py']", "timestamp": "2026-09-13T18:05:05.746483+00:00"}
{"backend": "license", "requested": "enterprise", "fallback": "personal", "reason": "no_license_key", "timestamp": "2026-09-13T18:05:05.913278+00:00"}
{"backend": "integrity", "requested": "enterprise", "fallback": "personal", "reason": "integrity_check_failed:modified modules detected: ['maop/enterprise/audit.py', 'maop/enterprise/ha.py', 'maop/enterprise/license.py', 'maop/enterprise/license_manager.py', 'maop/enterprise/pg_persist.py', 'maop/enterprise/quota.py', 'maop/enterprise/rbac.py', 'maop/enterprise/saml_handler.py', 'maop/enterprise/sso.py', 'maop/enterprise/sso_store.py', 'maop/enterprise/tenant.py', 'maop/enterprise/tls_auto.py']", "timestamp": "2026-09-13T18:05:05.939894+00:00"}
{"backend": "license", "requested": "enterprise", "fallback": "personal", "reason": "no_license_key", "timestamp": "2026-09-13T18:05:06.509644+00:00"}
{"backend": "integrity", "requested": "enterprise", "fallback": "personal", "reason": "integrity_check_failed:modified modules detected: ['maop/enterprise/audit.py', 'maop/enterprise/ha.py', 'maop/enterprise/license.py', 'maop/enterprise/license_manager.py', 'maop/enterprise/pg_persist.py', 'maop/enterprise/quota.py', 'maop/enterprise/rbac.py', 'maop/enterprise/saml_handler.py', 'maop/enterprise/sso.py', 'maop/enterprise/sso_store.py', 'maop/enterprise/tenant.py', 'maop/enterprise/tls_auto.py']", "timestamp": "2026-09-13T18:05:06.538898+00:00"}
{"backend": "license", "requested": "enterprise", "fallback": "personal", "reason": "no_license_key", "timestamp": "2026-09-13T18:05:06.668058+00:00"}
{"backend": "integrity", "requested": "enterprise", "fallback": "personal", "reason": "integrity_check_failed:modified modules detected: ['maop/enterprise/audit.py', 'maop/enterprise/ha.py', 'maop/enterprise/license.py', 'maop/enterprise/license_manager.py', 'maop/enterprise/pg_persist.py', 'maop/enterprise/quota.py', 'maop/enterprise/rbac.py', 'maop/enterprise/saml_handler.py', 'maop/enterprise/sso.py', 'maop/enterprise/sso_store.py', 'maop/enterprise/tenant.py', 'maop/enterprise/tls_auto.py']", "timestamp": "2026-09-13T18:05:06.698264+00:00"}
{"backend": "license", "requested": "enterprise", "fallback": "personal", "reason": "no_license_key", "timestamp": "2026-09-13T18:05:07.202729+00:00"}
{"backend": "integrity", "requested": "enterprise", "fallback": "personal", "reason": "integrity_check_failed:modified modules detected: ['maop/enterprise/audit.py', 'maop/enterprise/ha.py', 'maop/enterprise/license.py', 'maop/enterprise/license_manager.py', 'maop/enterprise/pg_persist.py', 'maop/enterprise/quota.py', 'maop/enterprise/rbac.py', 'maop/enterprise/saml_handler.py', 'maop/enterprise/sso.py', 'maop/enterprise/sso_store.py', 'maop/enterprise/tenant.py', 'maop/enterprise/tls_auto.py']", "timestamp": "2026-09-13T18:05:07.230591+00:00"}
{"backend": "license", "requested": "enterprise", "fallback": "personal", "reason": "no_license_key", "timestamp": "2026-09-13T18:05:07.284035+00:00"}
{"backend": "integrity", "requested": "enterprise", "fallback": "personal", "reason": "integrity_check_failed:modified modules detected: ['maop/enterprise/audit.py', 'maop/enterprise/ha.py', 'maop/enterprise/license.py', 'maop/enterprise/license_manager.py', 'maop/enterprise/pg_persist.py', 'maop/enterprise/quota.py', 'maop/enterprise/rbac.py', 'maop/enterprise/saml_handler.py', 'maop/enterprise/sso.py', 'maop/enterprise/sso_store.py', 'maop/enterprise/tenant.py', 'maop/enterprise/tls_auto.py']", "timestamp": "2026-09-13T18:05:07.316481+00:00"}
{"backend": "license", "requested": "enterprise", "fallback": "personal", "reason": "no_license_key", "timestamp": "2026-09-13T18:05:07.796154+00:00"}
{"backend": "integrity", "requested": "enterprise", "fallback": "personal", "reason": "integrity_check_failed:modified modules detected: ['maop/enterprise/audit.py', 'maop/enterprise/ha.py', 'maop/enterprise/license.py', 'maop/enterprise/license_manager.py', 'maop/enterprise/pg_persist.py', 'maop/enterprise/quota.py', 'maop/enterprise/rbac.py', 'maop/enterprise/saml_handler.py', 'maop/enterprise/sso.py', 'maop/enterprise/sso_store.py', 'maop/enterprise/tenant.py', 'maop/enterprise/tls_auto.py']", "timestamp": "2026-09-13T18:05:07.827839+00:00"}
{"backend": "license", "requested": "enterprise", "fallback": "personal", "reason": "no_license_key", "timestamp": "2026-09-13T18:05:07.986238+00:00"}
{"backend": "integrity", "requested": "enterprise", "fallback": "personal", "reason": "integrity_check_failed:modified modules detected: ['maop/enterprise/audit.py', 'maop/enterprise/ha.py', 'maop/enterprise/license.py', 'maop/enterprise/license_manager.py', 'maop/enterprise/pg_persist.py', 'maop/enterprise/quota.py', 'maop/enterprise/rbac.py', 'maop/enterprise/saml_handler.py', 'maop/enterprise/sso.py', 'maop/enterprise/sso_store.py', 'maop/enterprise/tenant.py', 'maop/enterprise/tls_auto.py']", "timestamp": "2026-09-13T18:05:08.016118+00:00"}
{"backend": "license", "requested": "enterprise", "fallback": "personal", "reason": "no_license_key", "timestamp": "2026-09-13T18:05:08.512710+00:00"}
{"backend": "integrity", "requested": "enterprise", "fallback": "personal", "reason": "integrity_check_failed:modified modules detected: ['maop/enterprise/audit.py', 'maop/enterprise/ha.py', 'maop/enterprise/license.py', 'maop/enterprise/license_manager.py', 'maop/enterprise/pg_persist.py', 'maop/enterprise/quota.py', 'maop/enterprise/rbac.py', 'maop/enterprise/saml_handler.py', 'maop/enterprise/sso.py', 'maop/enterprise/sso_store.py', 'maop/enterprise/tenant.py', 'maop/enterprise/tls_auto.py']", "timestamp": "2026-09-13T18:05:08.543692+00:00"}
{"backend": "license", "requested": "enterprise", "fallback": "personal", "reason": "no_license_key", "timestamp": "2026-09-13T18:05:08.643491+00:00"}
{"backend": "integrity", "requested": "enterprise", "fallback": "personal", "reason": "integrity_check_failed:modified modules detected: ['maop/enterprise/audit.py', 'maop/enterprise/ha.py', 'maop/enterprise/license.py', 'maop/enterprise/license_manager.py', 'maop/enterprise/pg_persist.py', 'maop/enterprise/quota.py', 'maop/enterprise/rbac.py', 'maop/enterprise/saml_handler.py', 'maop/enterprise/sso.py', 'maop/enterprise/sso_store.py', 'maop/enterprise/tenant.py', 'maop/enterprise/tls_auto.py']", "timestamp": "2026-09-13T18:05:08.670347+00:00"}
{"backend": "license", "requested": "enterprise", "fallback": "personal", "reason": "license_invalid", "timestamp": "2026-09-13T18:06:54.334391+00:00"}
{"backend": "cache", "requested": "redis", "fallback": "memory", "reason": "import_error", "timestamp": "2026-09-13T18:06:54.336935+00:00"}
{"backend": "license", "requested": "enterprise", "fallback": "personal", "reason": "license_invalid", "timestamp": "2026-09-13T18:06:54.353397+00:00"}
{"backend": "license", "requested": "enterprise", "fallback": "personal", "reason": "license_invalid", "timestamp": "2026-09-13T18:06:54.367492+00:00"}
{"backend": "queue", "requested": "redis", "fallback": "sqlite", "reason": "import_error", "timestamp": "2026-09-13T18:06:54.369400+00:00"}
{"backend": "license", "requested": "enterprise", "fallback": "personal", "reason": "license_invalid", "timestamp": "2026-09-13T18:06:54.597688+00:00"}
{"backend": "kv", "requested": "etcd", "fallback": "sqlite", "reason": "unavailable_etcd", "timestamp": "2026-09-13T18:06:54.600734+00:00"}
{"backend": "license", "requested": "enterprise", "fallback": "personal", "reason": "license_invalid", "timestamp": "2026-09-13T18:06:54.652882+00:00"}
{"backend": "cache", "requested": "redis", "fallback": "memory", "reason": "import_error", "timestamp": "2026-09-13T18:06:54.655873+00:00"}
{"backend": "queue", "requested": "redis", "fallback": "sqlite", "reason": "import_error", "timestamp": "2026-09-13T18:06:54.660798+00:00"}
{"backend": "kv", "requested": "etcd", "fallback": "sqlite", "reason": "unavailable_etcd", "timestamp": "2026-09-13T18:06:54.712183+00:00"}
{"backend": "storage", "requested": "postgresql", "fallback": "sqlite", "reason": "import_error", "timestamp": "2026-09-13T18:06:54.996404+00:00"}
{"backend": "cache", "requested": "redis", "fallback": "memory", "reason": "import_error", "timestamp": "2026-09-13T18:06:55.020400+00:00"}
{"backend": "queue", "requested": "rabbitmq", "fallback": "redis", "reason": "unavailable_rabbitmq", "timestamp": "2026-09-13T18:06:55.069907+00:00"}
{"backend": "queue", "requested": "redis", "fallback": "sqlite", "reason": "redis_unavailable", "timestamp": "2026-09-13T18:06:55.072702+00:00"}
{"backend": "secret", "requested": "vault", "fallback": "local", "reason": "unavailable_vault", "timestamp": "2026-09-13T18:06:55.158589+00:00"}
{"backend": "license", "requested": "enterprise", "fallback": "personal", "reason": "license_invalid", "timestamp": "2026-09-13T18:06:55.235794+00:00"}
{"backend": "queue", "requested": "rabbitmq", "fallback": "redis", "reason": "unavailable_rabbitmq", "timestamp": "2026-09-13T18:06:55.250698+00:00"}
{"backend": "queue", "requested": "redis", "fallback": "sqlite", "reason": "redis_unavailable", "timestamp": "2026-09-13T18:06:55.253413+00:00"}
{"backend": "queue", "requested": "rabbitmq", "fallback": "redis", "reason": "unavailable_rabbitmq", "timestamp": "2026-09-13T18:06:55.315958+00:00"}
{"backend": "queue", "requested": "redis", "fallback": "sqlite", "reason": "redis_unavailable", "timestamp": "2026-09-13T18:06:55.319071+00:00"}
{"backend": "kv", "requested": "etcd", "fallback": "sqlite", "reason": "unavailable_etcd", "timestamp": "2026-09-13T18:06:55.395297+00:00"}
{"backend": "kv", "requested": "consul", "fallback": "sqlite", "reason": "unavailable_etcd", "timestamp": "2026-09-13T18:06:55.424623+00:00"}
{"backend": "kv", "requested": "etcd", "fallback": "sqlite", "reason": "unavailable_etcd", "timestamp": "2026-09-13T18:06:55.453613+00:00"}
{"backend": "secret", "requested": "vault", "fallback": "local", "reason": "unavailable_vault", "timestamp": "2026-09-13T18:06:57.599634+00:00"}
{"backend": "license", "requested": "enterprise", "fallback": "personal", "reason": "license_invalid", "timestamp": "2026-09-13T18:06:58.363224+00:00"}
{"backend": "storage", "requested": "postgresql", "fallback": "memory", "reason": "import_error", "timestamp": "2026-09-13T18:07:01.240900+00:00"}
{"backend": "license", "requested": "enterprise", "fallback": "personal", "reason": "license_invalid", "timestamp": "2026-09-13T18:07:22.210801+00:00"}
{"backend": "storage", "requested": "postgresql", "fallback": "sqlite", "reason": "import_error", "timestamp": "2026-09-13T18:07:39.571388+00:00"}
{"backend": "storage", "requested": "postgresql", "fallback": "sqlite", "reason": "import_error", "timestamp": "2026-09-13T18:07:39.588890+00:00"}
{"backend": "cache", "requested": "redis", "fallback": "memory", "reason": "import_error", "timestamp": "2026-09-13T18:07:39.591857+00:00"}
{"backend": "queue", "requested": "rabbitmq", "fallback": "sqlite", "reason": "import_error", "timestamp": "2026-09-13T18:07:39.619785+00:00"}
{"backend": "license", "requested": "enterprise", "fallback": "personal", "reason": "license_invalid", "timestamp": "2026-09-13T18:07:39.625277+00:00"}
{"backend": "storage", "requested": "postgresql", "fallback": "sqlite", "reason": "import_error", "timestamp": "2026-09-13T18:07:39.645302+00:00"}
{"backend": "license", "requested": "enterprise", "fallback": "personal", "reason": "license_invalid", "timestamp": "2026-09-13T18:07:40.473142+00:00"}
{"backend": "license", "requested": "enterprise", "fallback": "personal", "reason": "license_invalid", "timestamp": "2026-09-13T18:07:40.558794+00:00"}
{"backend": "license", "requested": "enterprise", "fallback": "personal", "reason": "license_invalid", "timestamp": "2026-09-13T18:07:40.636077+00:00"}
{"backend": "license", "requested": "enterprise", "fallback": "personal", "reason": "license_invalid", "timestamp": "2026-09-13T18:07:40.859346+00:00"}
{"backend": "license", "requested": "enterprise", "fallback": "personal", "reason": "license_invalid", "timestamp": "2026-09-13T18:07:40.902546+00:00"}
{"backend": "license", "requested": "enterprise", "fallback": "personal", "reason": "license_invalid", "timestamp": "2026-09-13T18:07:40.965858+00:00"}
{"backend": "license", "requested": "enterprise", "fallback": "personal", "reason": "license_invalid", "timestamp": "2026-09-13T18:07:44.452712+00:00"}
{"backend": "license", "requested": "enterprise", "fallback": "personal", "reason": "license_invalid", "timestamp": "2026-09-13T18:07:45.689178+00:00"}
